   2.996225661965753E+010,   2.996225691928009E+010,   2.996225632003496E+010,   2.996226449743719E+010,   7.877779666900635E+003,   2.629234436668432E-007,   2.529234438596368E-007,   2.729234439170038E-007
   2.999994697760920E+004,   2.999994697770921E+004,   2.999994697750920E+004,   2.999994697760920E+004,   0.000000000000000E+000,   3.907524552506470E-007,   2.643591462847011E-006,   3.425096371979524E-006
   2.999989450434170E+004,   2.999989450444171E+004,   2.999989450424170E+004,   2.999989450422879E+004,  -1.129155862145126E-007,   1.965983402616463E-006,   4.597014275182201E-006,   6.649179317580767E-007
   2.999984257009654E+004,   2.999984257019654E+004,   2.999984256999654E+004,   2.999984256995510E+004,  -1.414446160197258E-007,   3.485564930352620E-006,   5.949821162364198E-006,   1.021308698989524E-006
   2.999979116278931E+004,   2.999979116288931E+004,   2.999979116268931E+004,   2.999979116253073E+004,  -2.585766196716577E-007,   6.128602429113263E-006,   8.498755835201839E-006,   3.758449024693684E-006
   2.999974026663399E+004,   2.999974026673399E+004,   2.999974026653399E+004,   2.999974026617177E+004,  -4.622197593562305E-007,   1.066964635709087E-005,   1.297801454744743E-005,   8.361278170886731E-006
   2.999968985981452E+004,   2.999968985991452E+004,   2.999968985971452E+004,   2.999968985900264E+004,  -8.118804544210434E-007,   1.837700083853708E-005,   2.064053267912148E-005,   1.611346900291987E-005
   2.999963991068983E+004,   2.999963991078983E+004,   2.999963991058983E+004,   2.999963990928476E+004,  -1.405067450832576E-006,   3.130565012193460E-005,   3.353372067099322E-005,   2.907757958712254E-005
   2.999959037178091E+004,   2.999959037188091E+004,   2.999959037168091E+004,   2.999959036938059E+004,  -2.400320227025077E-006,   5.274270542725482E-005,   5.494004039709704E-005,   5.054537047487465E-005
   2.999954117031325E+004,   2.999954117041325E+004,   2.999954117021325E+004,   2.999954116625958E+004,  -4.053668817505240E-006,   8.787082774877885E-005,   9.003853044842305E-005,   8.570312509336423E-005
   2.999949219345272E+004,   2.999949219355272E+004,   2.999949219335272E+004,   2.999949218667829E+004,  -6.774436769774184E-006,   1.446735175428163E-004,   1.468091135230294E-004,   1.425379215935455E-004
   2.999944326546667E+004,   2.999944326556668E+004,   2.999944326536667E+004,   2.999944325425440E+004,  -1.121227614930831E-005,   2.350994576858316E-004,   2.371962777184148E-004,   2.330026377131019E-004
   2.999939411284615E+004,   2.999939411294615E+004,   2.999939411274615E+004,   2.999939409446005E+004,  -1.838609387050383E-005,   3.761913551984840E-004,   3.782374355084563E-004,   3.741452749926858E-004
   2.999934431230962E+004,   2.999934431240962E+004,   2.999934431220962E+004,   2.999934428244599E+004,  -2.986362596857361E-005,   5.903615079063551E-004,   5.923383323711302E-004,   5.883845862793329E-004
   2.999929321742762E+004,   2.999929321752762E+004,   2.999929321732762E+004,   2.999929316945215E+004,  -4.797546716872603E-005,   9.028777043989428E-004,   9.047596295982751E-004,   9.009956867196857E-004
   2.999923986952753E+004,   2.999923986962753E+004,   2.999923986942753E+004,   2.999923979364507E+004,  -7.588245716760866E-005,   1.332669527748039E-003,   1.334425813171226E-003,   1.330913328995634E-003
   2.999918293957961E+004,   2.999918293967961E+004,   2.999918293947961E+004,   2.999918282265641E+004,  -1.169231982203200E-004,   1.872819323700372E-003,   1.874421087788368E-003,   1.871217559938074E-003
   2.999912085910599E+004,   2.999912085920599E+004,   2.999912085900599E+004,   2.999912068723136E+004,  -1.718746243568603E-004,   2.465858456716751E-003,   2.467293152098383E-003,   2.464423761429457E-003
   2.999905241982797E+004,   2.999905241992797E+004,   2.999905241972797E+004,   2.999905218589766E+004,  -2.339303064218257E-004,   3.004610526489974E-003,   3.005894908770154E-003,   3.003326080959560E-003
   2.999897775368741E+004,   2.999897775378741E+004,   2.999897775358741E+004,   2.999897746485188E+004,  -2.888355338654947E-004,   3.395865860629259E-003,   3.397041578908225E-003,   3.394690142654157E-003
   2.999889855470491E+004,   2.999889855480491E+004,   2.999889855460490E+004,   2.999889822160702E+004,  -3.330978870508261E-004,   3.661634694043528E-003,   3.662733969421316E-003,   3.660535418963722E-003
   2.999881692042483E+004,   2.999881692052483E+004,   2.999881692032483E+004,   2.999881651963184E+004,  -4.007929892395623E-004,   4.000578278088879E-003,   4.001576426914198E-003,   3.999580080245442E-003
   2.999873433589025E+004,   2.999873433599025E+004,   2.999873433579025E+004,   2.999873377662081E+004,  -5.592694324150216E-004,   4.645991622473452E-003,   4.646822354007782E-003,   4.645160891130832E-003
   2.999865166145087E+004,   2.999865166155087E+004,   2.999865166135087E+004,   2.999865082174248E+004,  -8.397083911404479E-004,   5.812314888011596E-003,   5.813007092743541E-003,   5.811622717117213E-003
   2.999856960536640E+004,   2.999856960546640E+004,   2.999856960526640E+004,   2.999856817537290E+004,  -1.429993499186821E-003,   8.864150490495177E-003,   8.864770353441393E-003,   8.863530597035816E-003
   2.999847585723050E+004,   2.999847585733050E+004,   2.999847585713050E+004,   2.999846821432759E+004,  -7.642902917723404E-003,   7.642902917894566E-003,   7.642903714483926E-003,   7.642902121225156E-003
   5.185831535035334E+002,   5.185831536035333E+002,   5.185831534035334E+002,   5.181688971624917E+002,  -4.142563410416642E-001,   6.864332643730457E-003,   6.864332643924846E-003,   6.864332643536222E-003
   5.088056174388346E+002,   5.088056175388346E+002,   5.088056173388346E+002,   5.083906465924787E+002,  -4.149708463559136E-001,   6.888032133014576E-003,   6.888032133416434E-003,   6.888032132612718E-003
   4.995346680155863E+002,   4.995346681155863E+002,   4.995346679155863E+002,   4.991190291030259E+002,  -4.156389125604392E-001,   6.910228225376337E-003,   6.910228225792272E-003,   6.910228224960404E-003
   4.900989879117471E+002,   4.900989880117471E+002,   4.900989878117471E+002,   4.896827127738707E+002,  -4.162751378764256E-001,   6.931399616561804E-003,   6.931399616991448E-003,   6.931399616132308E-003
   4.809736024194791E+002,   4.809736025194791E+002,   4.809736023194791E+002,   4.805566633220596E+002,  -4.169390974194584E-001,   6.953528438278572E-003,   6.953528438722429E-003,   6.953528437834869E-003
   4.718945820916086E+002,   4.718945821916087E+002,   4.718945819916086E+002,   4.714769853757676E+002,  -4.175967158410003E-001,   6.975480683246643E-003,   6.975480683704755E-003,   6.975480682788531E-003
   4.626507189424302E+002,   4.626507190424302E+002,   4.626507188424302E+002,   4.622325017743784E+002,  -4.182171680518536E-001,   6.996223986132618E-003,   6.996223986604031E-003,   6.996223985661204E-003
   4.536830046558977E+002,   4.536830047558977E+002,   4.536830045558976E+002,   4.532641437853652E+002,  -4.188608705324555E-001,   7.017777154528049E-003,   7.017777155013469E-003,   7.017777154042784E-003
   4.445975828117823E+002,   4.445975829117824E+002,   4.445975827117823E+002,   4.441781118298094E+002,  -4.194709819729496E-001,   7.038236188693772E-003,   7.038236189192316E-003,   7.038236188195232E-003
   4.355882907821203E+002,   4.355882908821204E+002,   4.355882906821203E+002,   4.351682165095081E+002,  -4.200742726122257E-001,   7.058495780426911E-003,   7.058495780938447E-003,   7.058495779915380E-003
   4.268015239444434E+002,   4.268015240444434E+002,   4.268015238444434E+002,   4.263808308892032E+002,  -4.206930552401786E-001,   7.079305869092251E-003,   7.079305869617768E-003,   7.079305868567196E-003
   4.179141774773036E+002,   4.179141775773036E+002,   4.179141773773035E+002,   4.174929006197947E+002,  -4.212768575088717E-001,   7.098967626902104E-003,   7.098967627439757E-003,   7.098967626364145E-003
   4.091060545373962E+002,   4.091060546373963E+002,   4.091060544373962E+002,   4.086842018791826E+002,  -4.218526582136519E-001,   7.118386609676950E-003,   7.118386610227501E-003,   7.118386609126245E-003
   4.003385857116086E+002,   4.003385858116087E+002,   4.003385856116086E+002,   3.999161720655894E+002,  -4.224136460192653E-001,   7.137331533730973E-003,   7.137331534293794E-003,   7.137331533167993E-003
   3.916376426865875E+002,   3.916376427865875E+002,   3.916376425865875E+002,   3.912146792150371E+002,  -4.229634715504176E-001,   7.155923930639540E-003,   7.155923931214865E-003,   7.155923930064064E-003
   3.071291405699353E+002,   3.071291406699353E+002,   3.071291404699352E+002,   3.067016125062764E+002,  -4.275280636588263E-001,   7.311209808634496E-003,   7.311209809316850E-003,   7.311209807952296E-003
   2.331794072897627E+002,   2.331794073897627E+002,   2.331794071897627E+002,   2.327480435413303E+002,  -4.313637484324033E-001,   7.442987338466421E-003,   7.442987339273876E-003,   7.442987337658205E-003
   1.739845377384498E+002,   1.739845378384498E+002,   1.739845376384498E+002,   1.735491932619948E+002,  -4.353444764549579E-001,   7.580992527193725E-003,   7.580992528221194E-003,   7.580992526166106E-003
   1.280179041264232E+002,   1.280179042264232E+002,   1.280179040264233E+002,   1.275787037704616E+002,  -4.392003559616313E-001,   7.715878107072755E-003,   7.715878108683741E-003,   7.715878105459318E-003
   9.233688252660181E+001,   9.233688262660181E+001,   9.233688242660182E+001,   9.189442928225613E+001,  -4.424532443456854E-001,   7.830594937280935E-003,   7.830594939716818E-003,   7.830594934844748E-003
   6.474271029475359E+001,   6.474271039475359E+001,   6.474271019475360E+001,   6.429773739872967E+001,  -4.449728960239270E-001,   7.920035127836612E-003,   7.920035131456202E-003,   7.920035124219477E-003
   4.388965046793731E+001,   4.388965056793731E+001,   4.388965036793731E+001,   4.344300404980768E+001,  -4.466464181296246E-001,   7.979720913121028E-003,   7.979720918987691E-003,   7.979720907255737E-003
   2.924688389666898E+001,   2.924688399666898E+001,   2.924688379666898E+001,   2.880189742653231E+001,  -4.449864701366728E-001,   7.920518344187839E-003,   7.920518358702694E-003,   7.920518329675988E-003
   2.043356266178819E+001,   2.043356276178820E+001,   2.043356256178819E+001,   1.999332652209717E+001,  -4.402361396910237E-001,   7.752314347602147E-003,   7.752314408562054E-003,   7.752314286648740E-003
   1.420394279684434E+001,   1.420394289684434E+001,   1.420394269684434E+001,   1.376308594640945E+001,  -4.408568504348906E-001,   7.774190503014872E-003,   7.774190815697258E-003,   7.774190190342184E-003
   9.185807743477795E+000,   9.185807843477795E+000,   9.185807643477796E+000,   8.740200971412841E+000,  -4.456067720649539E-001,   7.942615812405938E-003,   7.942616392241553E-003,   7.942615232570718E-003
   5.151450761063571E+000,   5.151450861063571E+000,   5.151450661063571E+000,   4.697167424793025E+000,  -4.542833362705458E-001,   8.254933984523923E-003,   8.254935305997328E-003,   8.254932663045883E-003
   1.871967121561845E+000,   1.871967221561845E+000,   1.871967021561844E+000,   1.404456468211414E+000,  -4.675106533504303E-001,   8.742648439845851E-003,   8.742649385038583E-003,   8.742647494629880E-003
  -1.040601205541425E+000,  -1.040601105541425E+000,  -1.040601305541425E+000,  -1.045990210401193E+000,  -5.389004859767788E-003,   5.389004859767844E-003,   5.389007250638870E-003,   5.389002468907754E-003
  -3.328582969424237E+000,  -3.328582869424237E+000,  -3.328583069424237E+000,  -3.333701097403873E+000,  -5.118127979636622E-003,   5.118127979636841E-003,   5.118130783803868E-003,   5.118125175477837E-003
  -5.224319456742408E+000,  -5.224319356742408E+000,  -5.224319556742408E+000,  -5.229130008719854E+000,  -4.810551977445954E-003,   4.810551977445957E-003,   4.810556368255098E-003,   4.810547586634421E-003
  -6.821755004159561E+000,  -6.821754904159561E+000,  -6.821755104159561E+000,  -6.826364968866518E+000,  -4.609964706956404E-003,   4.609964706956566E-003,   4.609970760523647E-003,   4.609958653399548E-003
  -8.171251585541761E+000,  -8.171251485541761E+000,  -8.171251685541760E+000,  -8.175659341257836E+000,  -4.407755716075101E-003,   4.407755716075797E-003,   4.407762481580699E-003,   4.407748950561752E-003
  -9.309383741160957E+000,  -9.309383641160958E+000,  -9.309383841160956E+000,  -9.313591446486885E+000,  -4.207705325928401E-003,   4.207705325928656E-003,   4.207714261257659E-003,   4.207696390617740E-003
  -1.026847154400958E+001,  -1.026847144400958E+001,  -1.026847164400958E+001,  -1.027249999093582E+001,  -4.028446926239937E-003,   4.028446926240234E-003,   4.028458036865180E-003,   4.028435815606540E-003
  -1.108482034806188E+001,  -1.108482024806188E+001,  -1.108482044806188E+001,  -1.108866872219058E+001,  -3.848374128700982E-003,   3.848374128701701E-003,   3.848386148995141E-003,   3.848362108406480E-003
  -1.177675790760784E+001,  -1.177675780760784E+001,  -1.177675800760784E+001,  -1.178042228539441E+001,  -3.664377786568807E-003,   3.664377786569061E-003,   3.664390791531075E-003,   3.664364781625623E-003
  -1.236026732196787E+001,  -1.236026722196787E+001,  -1.236026742196787E+001,  -1.236374551472149E+001,  -3.478192753620490E-003,   3.478192753620484E-003,   3.478208101823243E-003,   3.478177405392758E-003
  -1.285228416894219E+001,  -1.285228406894219E+001,  -1.285228426894219E+001,  -1.285557952365512E+001,  -3.295354712923526E-003,   3.295354712924090E-003,   3.295372324635617E-003,   3.295337101220292E-003
  -1.326453205671204E+001,  -1.326453195671204E+001,  -1.326453215671204E+001,  -1.326764246224381E+001,  -3.110405531767668E-003,   3.110405531766910E-003,   3.110425340246955E-003,   3.110385723282038E-003
  -1.360635472613070E+001,  -1.360635462613070E+001,  -1.360635482613070E+001,  -1.360928106278249E+001,  -2.926336651784212E-003,   2.926336651785075E-003,   2.926358542981293E-003,   2.926314760590338E-003
  -1.388703569388600E+001,  -1.388703559388600E+001,  -1.388703579388600E+001,  -1.388977790155494E+001,  -2.742207668941177E-003,   2.742207668940478E-003,   2.742231488911687E-003,   2.742183848972102E-003
  -1.411321597769958E+001,  -1.411321587769958E+001,  -1.411321607769958E+001,  -1.411577560237577E+001,  -2.559624676189642E-003,   2.559624676189094E-003,   2.559651187732098E-003,   2.559598164632916E-003
  -1.429080977119020E+001,  -1.429080967119020E+001,  -1.429080987119020E+001,  -1.429318905220944E+001,  -2.379281019241120E-003,   2.379281019241091E-003,   2.379309842862338E-003,   2.379252195620525E-003
  -1.442499433596712E+001,  -1.442499423596712E+001,  -1.442499443596712E+001,  -1.442719656764210E+001,  -2.202231674976574E-003,   2.202231674976917E-003,   2.202262444377576E-003,   2.202200905591294E-003
  -1.452001525624840E+001,  -1.452001515624840E+001,  -1.452001535624840E+001,  -1.452204493692005E+001,  -2.029680671654432E-003,   2.029680671654415E-003,   2.029713914266143E-003,   2.029647429043839E-003
  -1.457952497225548E+001,  -1.457952487225548E+001,  -1.457952507225548E+001,  -1.458138689761518E+001,  -1.861925359698091E-003,   1.861925359697265E-003,   1.861961271808826E-003,   1.861889447579873E-003
  -1.460668961076594E+001,  -1.460668951076594E+001,  -1.460668971076594E+001,  -1.460838988653207E+001,  -1.700275766127746E-003,   1.700275766128139E-003,   1.700313914851699E-003,   1.700237617411228E-003
  -1.460415957096897E+001,  -1.460415947096897E+001,  -1.460415967096897E+001,  -1.460570511323347E+001,  -1.545542264498323E-003,   1.545542264499103E-003,   1.545581434938017E-003,   1.545503094073809E-003
  -1.457315543517274E+001,  -1.457315533517274E+001,  -1.457315553517274E+001,  -1.457455530823800E+001,  -1.399873065258461E-003,   1.399873065258736E-003,   1.399912199991447E-003,   1.399833930514449E-003
  -1.451408574745814E+001,  -1.451408564745815E+001,  -1.451408584745814E+001,  -1.451534944805374E+001,  -1.263700595595552E-003,   1.263700595595810E-003,   1.263739749794850E-003,   1.263661441402622E-003
  -1.442737261213688E+001,  -1.442737251213688E+001,  -1.442737271213688E+001,  -1.442850981834053E+001,  -1.137206203658536E-003,   1.137206203658470E-003,   1.137245441609581E-003,   1.137166965715181E-003
  -1.431338867303990E+001,  -1.431338857303990E+001,  -1.431338877303990E+001,  -1.431440903722180E+001,  -1.020364181901101E-003,   1.020364181901559E-003,   1.020403582405727E-003,   1.020324781394781E-003
  -1.417237363789860E+001,  -1.417237353789860E+001,  -1.417237373789860E+001,  -1.417328662944416E+001,  -9.129915455581283E-004,   9.129915455581990E-004,   9.130312125352288E-004,   9.129518785804295E-004
  -1.400430177823825E+001,  -1.400430167823825E+001,  -1.400430187823825E+001,  -1.400511658695899E+001,  -8.148087207384691E-004,   8.148087207391880E-004,   8.148488067454530E-004,   8.147686347382565E-004
  -1.380860423708522E+001,  -1.380860413708522E+001,  -1.380860433708522E+001,  -1.380932978643239E+001,  -7.255493471731711E-004,   7.255493471735583E-004,   7.255901179965398E-004,   7.255085763474213E-004
  -1.358326034952800E+001,  -1.358326024952800E+001,  -1.358326044952800E+001,  -1.358390581654185E+001,  -6.454670138502649E-004,   6.454670138510986E-004,   6.455091370736391E-004,   6.454248906279309E-004
  -1.331961307684660E+001,  -1.331961297684660E+001,  -1.331961317684660E+001,  -1.332018537395702E+001,  -5.722971104162866E-004,   5.722971104155505E-004,   5.723411153495720E-004,   5.722531054774597E-004
  -1.303725986939004E+001,  -1.303725976939004E+001,  -1.303725996939004E+001,  -1.303775576349651E+001,  -4.958941064732159E-004,   4.958941064728559E-004,   4.959352845924430E-004,   4.958529283533195E-004
  -1.274777703421130E+001,  -1.274777693421130E+001,  -1.274777713421130E+001,  -1.274821048351148E+001,  -4.334493001767470E-004,   4.334493001761820E-004,   4.334891846874840E-004,   4.334094156603595E-004
  -1.245016321131300E+001,  -1.245016311131300E+001,  -1.245016331131300E+001,  -1.245054392850976E+001,  -3.807171967622480E-004,   3.807171967630357E-004,   3.807566971423156E-004,   3.806776963793654E-004
  -1.214262046988730E+001,  -1.214262036988730E+001,  -1.214262056988730E+001,  -1.214295209879391E+001,  -3.316289066113143E-004,   3.316289066118568E-004,   3.316657973991503E-004,   3.315920158265153E-004
  -1.182176331448776E+001,  -1.182176321448776E+001,  -1.182176341448776E+001,  -1.182206735014889E+001,  -3.040356611236916E-004,   3.040356611233304E-004,   3.040818259275504E-004,   3.039894962184210E-004
  -1.149502844020831E+001,  -1.149502834020831E+001,  -1.149502854020831E+001,  -1.149528243572610E+001,  -2.539955177862652E-004,   2.539955177867602E-004,   2.540290935418520E-004,   2.539619420310726E-004
  -1.115612523454977E+001,  -1.115612513454977E+001,  -1.115612533454977E+001,  -1.115634850723097E+001,  -2.232726812074759E-004,   2.232726812077687E-004,   2.233057616215646E-004,   2.232396007954423E-004
  -1.079995362766448E+001,  -1.079995352766448E+001,  -1.079995372766448E+001,  -1.080014945876805E+001,  -1.958311035750171E-004,   1.958311035752706E-004,   1.958634207458558E-004,   1.957987864041980E-004
  -1.042453698942284E+001,  -1.042453688942284E+001,  -1.042453708942283E+001,  -1.042470832018592E+001,  -1.713307630843985E-004,   1.713307630835326E-004,   1.713620410556587E-004,   1.712994851114311E-004
  -1.002659974154245E+001,  -1.002659964154245E+001,  -1.002659984154245E+001,  -1.002674924335476E+001,  -1.495018123183200E-004,   1.495018123188107E-004,   1.495319406333086E-004,   1.494716840043960E-004
  -9.602360400833453E+000,  -9.602360300833453E+000,  -9.602360500833452E+000,  -9.602490469927478E+000,  -1.300690940251314E-004,   1.300690940242547E-004,   1.300981556980272E-004,   1.300400323509965E-004
  -9.154865765437791E+000,  -9.154865665437791E+000,  -9.154865865437790E+000,  -9.154981294834347E+000,  -1.155293965560134E-004,   1.155293965552282E-004,   1.155656200642009E-004,   1.154931730078585E-004
  -8.686781438856203E+000,  -8.686781338856203E+000,  -8.686781538856202E+000,  -8.686879697654286E+000,  -9.825879808289528E-005,   9.825879808203039E-005,   9.828817068461075E-005,   9.822942548046972E-005
  -8.179687950546866E+000,  -8.179687850546866E+000,  -8.179688050546865E+000,  -8.179772515167739E+000,  -8.456462087380601E-005,   8.456462087394804E-005,   8.459282233872598E-005,   8.453641940976966E-005
  -7.650068206417491E+000,  -7.650068106417491E+000,  -7.650068306417491E+000,  -7.650141289595005E+000,  -7.308317751331117E-005,   7.308317751343344E-005,   7.311324233174040E-005,   7.305311269102060E-005
  -7.094574931962804E+000,  -7.094574831962804E+000,  -7.094575031962805E+000,  -7.094637391900156E+000,  -6.245993735198851E-005,   6.245993735233314E-005,   6.248821430483797E-005,   6.243166039959487E-005
  -6.518281528572195E+000,  -6.518281428572195E+000,  -6.518281628572195E+000,  -6.518335204940921E+000,  -5.367636872577464E-005,   5.367636872588851E-005,   5.370614249316825E-005,   5.364659495621688E-005
  -5.927263324638593E+000,  -5.927263224638593E+000,  -5.927263424638594E+000,  -5.927309131061812E+000,  -4.580642321894146E-005,   4.580642321913777E-005,   4.583501742830182E-005,   4.577782900918359E-005
  -5.330121173082500E+000,  -5.330121073082499E+000,  -5.330121273082500E+000,  -5.330160503147578E+000,  -3.933006507850223E-005,   3.933006507840746E-005,   3.935948012684583E-005,   3.930065002918604E-005
  -4.729266320176542E+000,  -4.729266220176542E+000,  -4.729266420176542E+000,  -4.729300064999992E+000,  -3.374482345019914E-005,   3.374482345031811E-005,   3.377423537479273E-005,   3.371541152505383E-005
  -4.140000463223939E+000,  -4.140000363223939E+000,  -4.140000563223939E+000,  -4.140029628232781E+000,  -2.916500884175832E-005,   2.916500884206479E-005,   2.919527147273949E-005,   2.913474621126264E-005
  -3.565122844155613E+000,  -3.565122744155613E+000,  -3.565122944155612E+000,  -3.565148197095412E+000,  -2.535293979955000E-005,   2.535293979951165E-005,   2.538425139602790E-005,   2.532162820369316E-005
  -3.012698070530534E+000,  -3.012697970530534E+000,  -3.012698170530534E+000,  -3.012720291490923E+000,  -2.222096038861920E-005,   2.222096038840912E-005,   2.225377382042676E-005,   2.218814695398871E-005
  -2.490582918682420E+000,  -2.490582818682420E+000,  -2.490583018682420E+000,  -2.490602487401576E+000,  -1.956871915531622E-005,   1.956871915523771E-005,   1.960228312848065E-005,   1.953515518483684E-005
  -2.006014863745471E+000,  -2.006014763745471E+000,  -2.006014963745471E+000,  -2.006032326114137E+000,  -1.746236866662088E-005,   1.746236866648420E-005,   1.749778567171517E-005,   1.742695165915248E-005
  -1.564115434942184E+000,  -1.564115334942184E+000,  -1.564115534942184E+000,  -1.564131204125198E+000,  -1.576918301382513E-005,   1.576918301378132E-005,   1.580701649229709E-005,   1.573134953578713E-005
  -1.170243146724566E+000,  -1.170243046724566E+000,  -1.170243246724566E+000,  -1.170257589491029E+000,  -1.444276646278553E-005,   1.444276646279081E-005,   1.448386730260217E-005,   1.440166562501094E-005
  -8.289742034003285E-001,  -8.289741034003285E-001,  -8.289743034003284E-001,  -8.289876695593716E-001,  -1.346615904318504E-005,   1.346615904318404E-005,   1.351191110831651E-005,   1.342040698171728E-005
  -5.440386684124513E-001,  -5.440385684124514E-001,  -5.440387684124512E-001,  -5.440514957717889E-001,  -1.282735933760826E-005,   1.282735933758896E-005,   1.287955576522475E-005,   1.277516291824429E-005
  -3.185025572534708E-001,  -3.185024572534708E-001,  -3.185026572534708E-001,  -3.185153014756443E-001,  -1.274422217345528E-005,   1.274422217344992E-005,   1.280756521244191E-005,   1.268087913523013E-005
  -1.537982055320947E-001,  -1.537981055320947E-001,  -1.537983055320947E-001,  -1.538120931023598E-001,  -1.388757026510312E-005,   1.388757026511382E-005,   1.397216222705222E-005,   1.380297831574089E-005
  -4.856106137836105E-002,  -4.856096137836105E-002,  -4.856116137836106E-002,  -4.857174583047773E-002,  -1.068445211667435E-005,   1.492898424468840E-005,   1.506871049580226E-005,   1.478925799637428E-005
   1.155539430507724E+009,   1.155539442063118E+009,   1.155539418952329E+009,   1.155561864076318E+009,   2.243356859397888E+004,   2.629234436668432E-007,   2.529234438596368E-007,   2.729234439170038E-007
  -4.856106137967226E-002,  -4.856096137967226E-002,  -4.856116137967226E-002,  -4.857174583177723E-002,  -1.068445210496843E-005,   1.492898425164251E-005,   1.506871051439215E-005,   1.478925801452777E-005
  -1.537982055345632E-001,  -1.537981055345632E-001,  -1.537983055345633E-001,  -1.538120931048488E-001,  -1.388757028550347E-005,   1.388757028551195E-005,   1.397216224842279E-005,   1.380297833727375E-005
  -3.185025572571016E-001,  -3.185024572571016E-001,  -3.185026572571016E-001,  -3.185153014792936E-001,  -1.274422219205151E-005,   1.274422219202857E-005,   1.280756523083810E-005,   1.268087915818757E-005
  -5.440386684174676E-001,  -5.440385684174677E-001,  -5.440387684174676E-001,  -5.440514957768282E-001,  -1.282735936058987E-005,   1.282735936057852E-005,   1.287955578323458E-005,   1.277516294040403E-005
  -8.289742034069018E-001,  -8.289741034069018E-001,  -8.289743034069017E-001,  -8.289876695659714E-001,  -1.346615906960835E-005,   1.346615906957568E-005,   1.351191113184884E-005,   1.342040700822830E-005
  -1.170243146733052E+000,  -1.170243046733052E+000,  -1.170243246733052E+000,  -1.170257589499542E+000,  -1.444276649031906E-005,   1.444276649032058E-005,   1.448386732916505E-005,   1.440166565254126E-005
  -1.564115434952956E+000,  -1.564115334952956E+000,  -1.564115534952956E+000,  -1.564131204136000E+000,  -1.576918304446728E-005,   1.576918304447019E-005,   1.580701652314693E-005,   1.573134956647665E-005
  -2.006014863759022E+000,  -2.006014763759022E+000,  -2.006014963759022E+000,  -2.006032326127721E+000,  -1.746236869859530E-005,   1.746236869840492E-005,   1.749778570610389E-005,   1.742695169354161E-005
  -2.490582918699364E+000,  -2.490582818699364E+000,  -2.490583018699363E+000,  -2.490602487418559E+000,  -1.956871919572833E-005,   1.956871919582227E-005,   1.960228316692855E-005,   1.953515522598463E-005
  -3.012698070551173E+000,  -3.012697970551173E+000,  -3.012698170551173E+000,  -3.012720291511607E+000,  -2.222096043436039E-005,   2.222096043443980E-005,   2.225377386806553E-005,   2.218814700042137E-005
  -3.565122844181558E+000,  -3.565122744181558E+000,  -3.565122944181558E+000,  -3.565148197121413E+000,  -2.535293985461706E-005,   2.535293985480627E-005,   2.538425145308810E-005,   2.532162825802667E-005
  -4.140000463256107E+000,  -4.140000363256107E+000,  -4.140000563256107E+000,  -4.140029628265016E+000,  -2.916500890925988E-005,   2.916500890943871E-005,   2.919527153934244E-005,   2.913474627882990E-005
  -4.729266320216313E+000,  -4.729266220216313E+000,  -4.729266420216313E+000,  -4.729300065039843E+000,  -3.374482353013519E-005,   3.374482352980350E-005,   3.377423545427853E-005,   3.371541160500377E-005
  -5.330121173130336E+000,  -5.330121073130336E+000,  -5.330121273130336E+000,  -5.330160503195509E+000,  -3.933006517264914E-005,   3.933006517296604E-005,   3.935948022210172E-005,   3.930065012388328E-005
  -5.927263324697641E+000,  -5.927263224697641E+000,  -5.927263424697641E+000,  -5.927309131120975E+000,  -4.580642333351648E-005,   4.580642333343831E-005,   4.583501754310068E-005,   4.577782912365056E-005
  -6.518281528640105E+000,  -6.518281428640105E+000,  -6.518281628640105E+000,  -6.518335205008968E+000,  -5.367636886344229E-005,   5.367636886345166E-005,   5.370614263253017E-005,   5.364659509417848E-005
  -7.094574932048089E+000,  -7.094574832048089E+000,  -7.094575032048089E+000,  -7.094637391985604E+000,  -6.245993751452517E-005,   6.245993751412923E-005,   6.248821446627345E-005,   6.243166056067473E-005
  -7.650068206512660E+000,  -7.650068106512660E+000,  -7.650068306512661E+000,  -7.650141289690369E+000,  -7.308317770871042E-005,   7.308317770844127E-005,   7.311324252689286E-005,   7.305311288645303E-005
  -8.179687950666553E+000,  -8.179687850666554E+000,  -8.179688050666552E+000,  -8.179772515287654E+000,  -8.456462110117968E-005,   8.456462110043648E-005,   8.459282256437980E-005,   8.453641963592055E-005
  -8.686781438991115E+000,  -8.686781338991116E+000,  -8.686781538991115E+000,  -8.686879697789466E+000,  -9.825879835112517E-005,   9.825879835189595E-005,   9.828817095251816E-005,   9.822942575092486E-005
  -9.154865765565042E+000,  -9.154865665565042E+000,  -9.154865865565041E+000,  -9.154981294961948E+000,  -1.155293969059557E-004,   1.155293969060356E-004,   1.155656204153427E-004,   1.154931733599157E-004
  -9.602360401017565E+000,  -9.602360301017566E+000,  -9.602360501017564E+000,  -9.602490470111951E+000,  -1.300690943857319E-004,   1.300690943850533E-004,   1.300981560590817E-004,   1.300400327121901E-004
  -1.002659974174753E+001,  -1.002659964174753E+001,  -1.002659984174753E+001,  -1.002674924356027E+001,  -1.495018127410930E-004,   1.495018127412278E-004,   1.495319410541978E-004,   1.494716844255926E-004
  -1.042453698964986E+001,  -1.042453688964986E+001,  -1.042453708964986E+001,  -1.042470832041344E+001,  -1.713307635711203E-004,   1.713307635717669E-004,   1.713620415428308E-004,   1.712994856000102E-004
  -1.079995362791606E+001,  -1.079995352791606E+001,  -1.079995372791606E+001,  -1.080014945902020E+001,  -1.958311041398986E-004,   1.958311041394767E-004,   1.958634213080571E-004,   1.957987869679996E-004
  -1.115612523483037E+001,  -1.115612513483037E+001,  -1.115612533483037E+001,  -1.115634850751222E+001,  -2.232726818558461E-004,   2.232726818564253E-004,   2.233057622704498E-004,   2.232396014435311E-004
  -1.149502844052325E+001,  -1.149502834052325E+001,  -1.149502854052325E+001,  -1.149528243604178E+001,  -2.539955185252296E-004,   2.539955185258364E-004,   2.540290942802711E-004,   2.539619427693612E-004
  -1.182176331474740E+001,  -1.182176321474740E+001,  -1.182176341474740E+001,  -1.182206735040985E+001,  -3.040356624506302E-004,   3.040356624501960E-004,   3.040818272551575E-004,   3.039894975455845E-004
  -1.214262047025879E+001,  -1.214262037025879E+001,  -1.214262057025879E+001,  -1.214295209916638E+001,  -3.316289075918633E-004,   3.316289075920708E-004,   3.316657983775006E-004,   3.315920168055419E-004
  -1.245016321170771E+001,  -1.245016311170771E+001,  -1.245016331170771E+001,  -1.245054392890562E+001,  -3.807171979097745E-004,   3.807171979090197E-004,   3.807566982857840E-004,   3.806776975263222E-004
  -1.274777703465617E+001,  -1.274777693465617E+001,  -1.274777713465617E+001,  -1.274821048395764E+001,  -4.334493014699348E-004,   4.334493014694406E-004,   4.334891859815050E-004,   4.334094169547218E-004
  -1.303725986988069E+001,  -1.303725976988069E+001,  -1.303725996988069E+001,  -1.303775576398865E+001,  -4.958941079582502E-004,   4.958941079586737E-004,   4.959352860765114E-004,   4.958529298370118E-004
  -1.331961307736981E+001,  -1.331961297736981E+001,  -1.331961317736980E+001,  -1.332018537448201E+001,  -5.722971122068543E-004,   5.722971122075119E-004,   5.723411171399473E-004,   5.722531072688378E-004
  -1.358326035015053E+001,  -1.358326025015053E+001,  -1.358326045015053E+001,  -1.358390581716629E+001,  -6.454670157580722E-004,   6.454670157575287E-004,   6.455091389782766E-004,   6.454248925332204E-004
  -1.380860423781289E+001,  -1.380860413781289E+001,  -1.380860433781289E+001,  -1.380932978716219E+001,  -7.255493492959175E-004,   7.255493492964564E-004,   7.255901201207128E-004,   7.255085784683087E-004
  -1.400430177907218E+001,  -1.400430167907218E+001,  -1.400430187907217E+001,  -1.400511658779527E+001,  -8.148087230992473E-004,   8.148087230996398E-004,   8.148488091056989E-004,   8.147686370978892E-004
  -1.417237363884483E+001,  -1.417237353884483E+001,  -1.417237373884483E+001,  -1.417328663039302E+001,  -9.129915481906892E-004,   9.129915481906177E-004,   9.130312151638147E-004,   9.129518812127443E-004
  -1.431338867410600E+001,  -1.431338857410600E+001,  -1.431338877410600E+001,  -1.431440903829083E+001,  -1.020364184828537E-003,   1.020364184828041E-003,   1.020403585329475E-003,   1.020324784327374E-003
  -1.442737261333102E+001,  -1.442737251333102E+001,  -1.442737271333102E+001,  -1.442850981953793E+001,  -1.137206206909269E-003,   1.137206206909447E-003,   1.137245444855639E-003,   1.137166968960085E-003
  -1.451408574878864E+001,  -1.451408564878864E+001,  -1.451408584878864E+001,  -1.451534944938783E+001,  -1.263700599192674E-003,   1.263700599192035E-003,   1.263739753384630E-003,   1.263661444995620E-003
  -1.457315543664767E+001,  -1.457315533664767E+001,  -1.457315553664767E+001,  -1.457455530971688E+001,  -1.399873069209079E-003,   1.399873069209330E-003,   1.399912203947031E-003,   1.399833934466839E-003
  -1.460415957259584E+001,  -1.460415947259584E+001,  -1.460415967259584E+001,  -1.460570511486469E+001,  -1.545542268857503E-003,   1.545542268857027E-003,   1.545581439280176E-003,   1.545503098423104E-003
  -1.460668961255138E+001,  -1.460668951255139E+001,  -1.460668971255138E+001,  -1.460838988832228E+001,  -1.700275770895487E-003,   1.700275770895008E-003,   1.700313919622559E-003,   1.700237622170938E-003
  -1.457952497421588E+001,  -1.457952487421588E+001,  -1.457952507421588E+001,  -1.458138689958077E+001,  -1.861925364886829E-003,   1.861925364886554E-003,   1.861961277003797E-003,   1.861889452772219E-003
  -1.452001525840263E+001,  -1.452001515840263E+001,  -1.452001535840263E+001,  -1.452204493907993E+001,  -2.029680677301471E-003,   2.029680677302049E-003,   2.029713919918151E-003,   2.029647434688372E-003
  -1.442499433834291E+001,  -1.442499423834291E+001,  -1.442499443834291E+001,  -1.442719657002399E+001,  -2.202231681078359E-003,   2.202231681077700E-003,   2.202262450476102E-003,   2.202200911682788E-003
  -1.429080977381004E+001,  -1.429080967381005E+001,  -1.429080987381004E+001,  -1.429318905483584E+001,  -2.379281025797653E-003,   2.379281025797693E-003,   2.379309849410721E-003,   2.379252202163720E-003
  -1.411321598059190E+001,  -1.411321588059191E+001,  -1.411321608059190E+001,  -1.411577560527511E+001,  -2.559624683200923E-003,   2.559624683200563E-003,   2.559651194732723E-003,   2.559598171645853E-003
  -1.388703569708846E+001,  -1.388703559708846E+001,  -1.388703579708846E+001,  -1.388977790476488E+001,  -2.742207676414310E-003,   2.742207676414922E-003,   2.742231496379625E-003,   2.742183856431753E-003
  -1.360635472969571E+001,  -1.360635462969571E+001,  -1.360635482969571E+001,  -1.360928106635540E+001,  -2.926336659694329E-003,   2.926336659695111E-003,   2.926358550888466E-003,   2.926314768509194E-003
  -1.326453206066624E+001,  -1.326453196066624E+001,  -1.326453216066623E+001,  -1.326764246620636E+001,  -3.110405540123651E-003,   3.110405540122784E-003,   3.110425348602455E-003,   3.110385731656569E-003
  -1.285228417337023E+001,  -1.285228407337023E+001,  -1.285228427337023E+001,  -1.285557952809194E+001,  -3.295354721711163E-003,   3.295354721710648E-003,   3.295372333413440E-003,   3.295337110018511E-003
  -1.236026732690879E+001,  -1.236026722690879E+001,  -1.236026742690879E+001,  -1.236374551967165E+001,  -3.478192762857546E-003,   3.478192762857067E-003,   3.478208111058051E-003,   3.478177414631924E-003
  -1.177675791321237E+001,  -1.177675781321237E+001,  -1.177675801321237E+001,  -1.178042229100858E+001,  -3.664377796214424E-003,   3.664377796214014E-003,   3.664390801182382E-003,   3.664364791267998E-003
  -1.108482035439832E+001,  -1.108482025439833E+001,  -1.108482045439832E+001,  -1.108866872853711E+001,  -3.848374138788913E-003,   3.848374138788027E-003,   3.848386159091798E-003,   3.848362118491073E-003
  -1.026847155114021E+001,  -1.026847145114021E+001,  -1.026847165114021E+001,  -1.027249999807699E+001,  -4.028446936777286E-003,   4.028446936776717E-003,   4.028458047414276E-003,   4.028435826132643E-003
  -9.309383749193330E+000,  -9.309383649193331E+000,  -9.309383849193329E+000,  -9.313591454524264E+000,  -4.207705330934175E-003,   4.207705330933849E-003,   4.207714266243823E-003,   4.207696395602669E-003
  -8.171251594836498E+000,  -8.171251494836499E+000,  -8.171251694836497E+000,  -8.175659350556861E+000,  -4.407755720363227E-003,   4.407755720362384E-003,   4.407762485881434E-003,   4.407748954868739E-003
  -6.821755014833133E+000,  -6.821754914833133E+000,  -6.821755114833134E+000,  -6.826364979543840E+000,  -4.609964710706294E-003,   4.609964710706438E-003,   4.609970764263293E-003,   4.609958657148419E-003
  -5.224319468859003E+000,  -5.224319368859002E+000,  -5.224319568859003E+000,  -5.229130020839871E+000,  -4.810551980868105E-003,   4.810551980868124E-003,   4.810556371674842E-003,   4.810547590056605E-003
  -3.328582984042793E+000,  -3.328582884042793E+000,  -3.328583084042793E+000,  -3.333701112026381E+000,  -5.118127983588128E-003,   5.118127983588073E-003,   5.118130787760170E-003,   5.118125179429789E-003
  -1.040601222898974E+000,  -1.040601122898974E+000,  -1.040601322898975E+000,  -1.045990227763454E+000,  -5.389004864479574E-003,   5.389004864479638E-003,   5.389007255346823E-003,   5.389002473617590E-003
   1.871967101491602E+000,   1.871967201491602E+000,   1.871967001491602E+000,   1.404456447419885E+000,  -4.675106540717171E-001,   8.742648466822588E-003,   8.742649412034663E-003,   8.742647521625376E-003
   5.151450738477985E+000,   5.151450838477985E+000,   5.151450638477985E+000,   4.697167402374350E+000,  -4.542833361036349E-001,   8.254933978457918E-003,   8.254935299924682E-003,   8.254932656973876E-003
   9.185807714909526E+000,   9.185807814909525E+000,   9.185807614909526E+000,   8.740200943023380E+000,  -4.456067718861458E-001,   7.942615806031693E-003,   7.942616385864328E-003,   7.942615226195465E-003
   1.420394276313106E+001,   1.420394286313106E+001,   1.420394266313106E+001,   1.376308591288967E+001,  -4.408568502413921E-001,   7.774190496190476E-003,   7.774190808868171E-003,   7.774190183517163E-003
   2.043356261342448E+001,   2.043356271342448E+001,   2.043356251342448E+001,   1.999332647392130E+001,  -4.402361395031811E-001,   7.752314340986568E-003,   7.752314401951771E-003,   7.752314280034679E-003
   2.924688381731648E+001,   2.924688391731648E+001,   2.924688371731648E+001,   2.880189734734593E+001,  -4.449864699705515E-001,   7.920518338274105E-003,   7.920518352785344E-003,   7.920518323757267E-003
   4.388965032116578E+001,   4.388965042116578E+001,   4.388965022116578E+001,   4.344300390320677E+001,  -4.466464179590162E-001,   7.979720907024821E-003,   7.979720912891484E-003,   7.979720901157845E-003
   6.474271005270217E+001,   6.474271015270216E+001,   6.474270995270217E+001,   6.429773715687959E+001,  -4.449728958225734E-001,   7.920035120668830E-003,   7.920035124288115E-003,   7.920035117052610E-003
   9.233688223310651E+001,   9.233688233310650E+001,   9.233688213310651E+001,   9.189442898893350E+001,  -4.424532441730094E-001,   7.830594931168689E-003,   7.830594933605333E-003,   7.830594928731277E-003
   1.280179035938301E+002,   1.280179036938301E+002,   1.280179034938301E+002,   1.275787032381129E+002,  -4.392003557172899E-001,   7.715878098487756E-003,   7.715878100099353E-003,   7.715878096876615E-003
   1.739845364942388E+002,   1.739845365942388E+002,   1.739845363942388E+002,   1.735491920181806E+002,  -4.353444760581624E-001,   7.580992513374369E-003,   7.580992514401530E-003,   7.580992512346596E-003
   2.331794048963215E+002,   2.331794049963215E+002,   2.331794047963215E+002,   2.327480411484790E+002,  -4.313637478424823E-001,   7.442987318108121E-003,   7.442987318914350E-003,   7.442987317300359E-003
   3.071291347257471E+002,   3.071291348257471E+002,   3.071291346257471E+002,   3.067016066632846E+002,  -4.275280624624997E-001,   7.311209767717668E-003,   7.311209768399874E-003,   7.311209767035623E-003
   3.916375992341128E+002,   3.916375993341128E+002,   3.916375991341128E+002,   3.912146357699792E+002,  -4.229634641336020E-001,   7.155923679676696E-003,   7.155923680252020E-003,   7.155923679101371E-003
   4.003385360861649E+002,   4.003385361861649E+002,   4.003385359861649E+002,   3.999161224484438E+002,  -4.224136377210357E-001,   7.137331253307835E-003,   7.137331253870813E-003,   7.137331252744705E-003
   4.091059898607513E+002,   4.091059899607513E+002,   4.091059897607513E+002,   4.086841372131208E+002,  -4.218526476304874E-001,   7.118386252514749E-003,   7.118386253064992E-003,   7.118386251964044E-003
   4.179140970271016E+002,   4.179140971271016E+002,   4.179140969271016E+002,   4.174928201824655E+002,  -4.212768446361110E-001,   7.098967193061422E-003,   7.098967193599227E-003,   7.098967192523306E-003
   4.268014235338242E+002,   4.268014236338242E+002,   4.268014234338242E+002,   4.263807304942843E+002,  -4.206930395399127E-001,   7.079305340694140E-003,   7.079305341219349E-003,   7.079305340169083E-003
   4.355881740156527E+002,   4.355881741156527E+002,   4.355881739156527E+002,   4.351680997608504E+002,  -4.200742548023300E-001,   7.058495181909052E-003,   7.058495182421197E-003,   7.058495181397517E-003
   4.445974385797890E+002,   4.445974386797890E+002,   4.445974384797890E+002,   4.441779676192758E+002,  -4.194709605132516E-001,   7.038235468556459E-003,   7.038235469055304E-003,   7.038235468058071E-003
   4.536828349580665E+002,   4.536828350580665E+002,   4.536828348580664E+002,   4.532639741121441E+002,  -4.188608459223815E-001,   7.017776329873393E-003,   7.017776330358660E-003,   7.017776329387976E-003
   4.626505218836392E+002,   4.626505219836392E+002,   4.626505217836391E+002,   4.622323047433833E+002,  -4.182171402558765E-001,   6.996223056151692E-003,   6.996223056623104E-003,   6.996223055680277E-003
   4.718943487159430E+002,   4.718943488159430E+002,   4.718943486159429E+002,   4.714767520321294E+002,  -4.175966838135423E-001,   6.975479613283073E-003,   6.975479613740876E-003,   6.975479612825112E-003
   4.809733365135662E+002,   4.809733366135662E+002,   4.809733364135662E+002,   4.805563974515625E+002,  -4.169390620037348E-001,   6.953527256982409E-003,   6.953527257426418E-003,   6.953527256538705E-003
   4.900986800773225E+002,   4.900986801773225E+002,   4.900986799773225E+002,   4.896824049791884E+002,  -4.162750981341219E-001,   6.931398293062401E-003,   6.931398293492048E-003,   6.931398292632910E-003
   4.995342862380426E+002,   4.995342863380426E+002,   4.995342861380426E+002,   4.991186473732769E+002,  -4.156388647656968E-001,   6.910226636149508E-003,   6.910226636565592E-003,   6.910226635733421E-003
   5.088051739903329E+002,   5.088051740903330E+002,   5.088051738903329E+002,   5.083902031976710E+002,  -4.149707926619044E-001,   6.888030350498404E-003,   6.888030350900111E-003,   6.888030350096702E-003
   5.185826438202333E+002,   5.185826439202333E+002,   5.185826437202334E+002,   5.181683875389924E+002,  -4.142562812409096E-001,   6.864330661900769E-003,   6.864330662095157E-003,   6.864330661706382E-003
   2.999847585723623E+004,   2.999847585733623E+004,   2.999847585713623E+004,   2.999846821433525E+004,  -7.642900982318679E-003,   7.642900983990991E-003,   7.642901780540254E-003,   7.642900187361226E-003
   2.999856960540478E+004,   2.999856960550478E+004,   2.999856960530478E+004,   2.999856817533771E+004,  -1.430067066394258E-003,   8.864386417492556E-003,   8.865006280120113E-003,   8.863766554498826E-003
   2.999865166145095E+004,   2.999865166155095E+004,   2.999865166135094E+004,   2.999865082172183E+004,  -8.397291130677331E-004,   5.812313461590972E-003,   5.813005631848293E-003,   5.811621290725817E-003
   2.999873433587711E+004,   2.999873433597711E+004,   2.999873433577711E+004,   2.999873377663474E+004,  -5.592423694906756E-004,   4.645880493307434E-003,   4.646711265568370E-003,   4.645049762031666E-003
   2.999881692042504E+004,   2.999881692052505E+004,   2.999881692032504E+004,   2.999881651962210E+004,  -4.008029463875573E-004,   4.000578507215615E-003,   4.001576655836723E-003,   3.999580358645135E-003
   2.999889855470512E+004,   2.999889855480512E+004,   2.999889855460512E+004,   2.999889822160715E+004,  -3.330979707243387E-004,   3.661635146818379E-003,   3.662734422077680E-003,   3.660535871899736E-003
   2.999897775368756E+004,   2.999897775378756E+004,   2.999897775358756E+004,   2.999897746485209E+004,  -2.888354756578337E-004,   3.395865897893554E-003,   3.397041616207459E-003,   3.394690179472820E-003
   2.999905241982251E+004,   2.999905241992251E+004,   2.999905241972251E+004,   2.999905218589199E+004,  -2.339305174245965E-004,   3.004538838615299E-003,   3.005823220757034E-003,   3.003254456545625E-003
   2.999912085910198E+004,   2.999912085920198E+004,   2.999912085900198E+004,   2.999912068723569E+004,  -1.718662933853921E-004,   2.465799749306193E-003,   2.467234444851811E-003,   2.464364983410882E-003
   2.999918293958246E+004,   2.999918293968246E+004,   2.999918293948246E+004,   2.999918282265647E+004,  -1.169259849120863E-004,   1.872863937772068E-003,   1.874465701830461E-003,   1.871262174038486E-003
   2.999923986952757E+004,   2.999923986962757E+004,   2.999923986942757E+004,   2.999923979364511E+004,  -7.588246444356628E-005,   1.332669615288049E-003,   1.334425814309985E-003,   1.330913330134938E-003
   2.999929321742765E+004,   2.999929321752765E+004,   2.999929321732765E+004,   2.999929316945218E+004,  -4.797546716872603E-005,   9.028776997510128E-004,   9.047597176343951E-004,   9.009957747358968E-004
   2.999934431231035E+004,   2.999934431241035E+004,   2.999934431221035E+004,   2.999934428244528E+004,  -2.986507024616003E-005,   5.903755099059278E-004,   5.923523343681113E-004,   5.883986855935135E-004
   2.999939411284616E+004,   2.999939411294616E+004,   2.999939411274616E+004,   2.999939409446007E+004,  -1.838609750848264E-005,   3.761914625967459E-004,   3.782375428614510E-004,   3.741453824023381E-004
   2.999944326546669E+004,   2.999944326556669E+004,   2.999944326536668E+004,   2.999944325425468E+004,  -1.121200330089778E-005,   2.350995424714635E-004,   2.371964657811996E-004,   2.330027225166946E-004
   2.999949219345256E+004,   2.999949219355256E+004,   2.999949219335256E+004,   2.999949218667845E+004,  -6.774109351681545E-006,   1.446700779596142E-004,   1.468056739480443E-004,   1.425343768693828E-004
   2.999954117031326E+004,   2.999954117041326E+004,   2.999954117021326E+004,   2.999954116625969E+004,  -4.053570592077449E-006,   8.787088917303439E-005,   9.003859185799811E-005,   8.570307977876332E-005
   2.999959037178097E+004,   2.999959037188097E+004,   2.999959037168097E+004,   2.999959036938065E+004,  -2.400320227025077E-006,   5.274397661410288E-005,   5.494131158239042E-005,   5.054653347117187E-005
   2.999963991068979E+004,   2.999963991078979E+004,   2.999963991058979E+004,   2.999963990928476E+004,  -1.405031071044505E-006,   3.130486623032951E-005,   3.353293677860797E-005,   2.907679569503193E-005
   2.999968985981452E+004,   2.999968985991452E+004,   2.999968985971452E+004,   2.999968985900264E+004,  -8.118804544210434E-007,   1.837699157483825E-005,   2.064052341524876E-005,   1.611345973902561E-005
   2.999974026663399E+004,   2.999974026673399E+004,   2.999974026653399E+004,   2.999974026617177E+004,  -4.622197593562305E-007,   1.066964109178485E-005,   1.297800928236007E-005,   8.361272905574331E-006
   2.999979116278931E+004,   2.999979116288931E+004,   2.999979116268931E+004,   2.999979116253073E+004,  -2.585766196716577E-007,   6.128599519650200E-006,   8.498752925862261E-006,   3.758446115226851E-006
   2.999984257009654E+004,   2.999984257019654E+004,   2.999984256999654E+004,   2.999984256995510E+004,  -1.414446160197258E-007,   3.485563391773926E-006,   5.949819623919434E-006,   1.021307160540293E-006
   2.999989450434170E+004,   2.999989450444171E+004,   2.999989450424170E+004,   2.999989450422879E+004,  -1.129155862145126E-007,   1.965982652464470E-006,   4.597013525031557E-006,   6.649186817719028E-007
   2.999994697760917E+004,   2.999994697770917E+004,   2.999994697750917E+004,   2.999994697760917E+004,   0.000000000000000E+000,   3.917985648628165E-007,   2.642545352135066E-006,   3.426291883435677E-006
   2.996225661965340E+010,   2.996225691927597E+010,   2.996225632003083E+010,   2.996226449743313E+010,   7.877779731750488E+003,   2.629234451061876E-007,   2.529234451542123E-007,   2.729234451581629E-007
