   2.996041525561683E+010,   2.996041555522098E+010,   2.996041495601268E+010,   2.996041525561683E+010,   0.000000000000000E+000,   3.694030651317306E-009,   1.369402835137093E-008,   6.305967148736274E-009
  -5.586181846217526E-002,  -5.586171846217526E-002,  -5.586191846217527E-002,  -5.586181846217526E-002,   0.000000000000000E+000,   7.224594971699067E-007,   2.274543212306599E-006,   3.719462170970054E-006
  -1.111332544050877E-001,  -1.111331544050877E-001,  -1.111333544050877E-001,  -1.111332544050877E-001,   0.000000000000000E+000,   1.301156228949727E-006,   1.305511997390175E-006,   3.907824424831741E-006
  -1.658218775421894E-001,  -1.658217775421894E-001,  -1.658219775421894E-001,  -1.658218775421894E-001,   0.000000000000000E+000,   8.568653621857719E-007,   1.589273465512603E-006,   3.303004160622819E-006
  -2.199355026425431E-001,  -2.199354026425431E-001,  -2.199356026425431E-001,  -2.199355026425431E-001,   0.000000000000000E+000,   3.984028030452881E-007,   1.957702865282729E-006,   2.754508470434280E-006
  -2.734822832092529E-001,  -2.734821832092529E-001,  -2.734823832092529E-001,  -2.734822832092529E-001,   0.000000000000000E+000,   9.040685807517787E-007,   1.393702601272382E-006,   3.201839734606172E-006
  -3.264709261087123E-001,  -3.264708261087123E-001,  -3.264710261087123E-001,  -3.264709261087123E-001,   0.000000000000000E+000,   4.359436380231758E-007,   1.820614943385453E-006,   2.692502190974487E-006
  -3.789114640447547E-001,  -3.789113640447547E-001,  -3.789115640447547E-001,  -3.789116797316871E-001,  -2.156869323699517E-007,   1.284726810775704E-006,   3.510348352033675E-006,   9.408947028719431E-007
  -4.308162380112937E-001,  -4.308161380112936E-001,  -4.308163380112937E-001,  -4.308163657129318E-001,  -1.277016381528995E-007,   2.810991989167413E-006,   5.012210432952833E-006,   6.097735814348198E-007
  -4.822016101693036E-001,  -4.822015101693036E-001,  -4.822017101693036E-001,  -4.822016101693036E-001,   0.000000000000000E+000,   8.111126641752764E-007,   1.369897576934435E-006,   2.992122859562905E-006
  -5.330899131351214E-001,  -5.330898131351215E-001,  -5.330900131351214E-001,  -5.330897875828187E-001,   1.255523027765548E-007,   1.490760559630560E-006,   6.725283200030168E-007,   3.654049449346233E-006
  -5.835145124711439E-001,  -5.835144124711440E-001,  -5.835146124711439E-001,  -5.835143078391537E-001,   2.046319902415661E-007,   4.392463728765109E-006,   2.245945097428821E-006,   6.538982293070161E-006
  -6.335211524533862E-001,  -6.335210524533863E-001,  -6.335212524533862E-001,  -6.335208082195174E-001,   3.442338688541824E-007,   7.329493183821489E-006,   5.200274173532960E-006,   9.458712312333380E-006
  -6.831892075251487E-001,  -6.831891075251487E-001,  -6.831893075251486E-001,  -6.831886334291792E-001,   5.740959694300329E-007,   1.210929279892697E-005,   1.000001256817890E-005,   1.421857303095670E-005
  -7.326411723259290E-001,  -7.326410723259290E-001,  -7.326412723259289E-001,  -7.326402226156433E-001,   9.497102856359518E-007,   1.979053830875833E-005,   1.770668813367104E-005,   2.187438824123211E-005
  -7.820724188313684E-001,  -7.820723188313684E-001,  -7.820725188313683E-001,  -7.820708599564457E-001,   1.558874922702458E-006,   3.193875375650333E-005,   2.988992006751875E-005,   3.398758733701768E-005
  -8.317947125660287E-001,  -8.317946125660287E-001,  -8.317948125660286E-001,  -8.317921736815224E-001,   2.538884506297912E-006,   5.073933040188785E-005,   4.874084147029633E-005,   5.273781969038585E-005
  -8.823029744128218E-001,  -8.823028744128218E-001,  -8.823030744128217E-001,  -8.822988743745355E-001,   4.100038286325436E-006,   7.894046225382926E-005,   7.701510306200891E-005,   8.086582135780202E-005
  -9.343717454010946E-001,  -9.343716454010946E-001,  -9.343718454010945E-001,  -9.343651953278745E-001,   6.550073220035202E-006,   1.193036306174343E-004,   1.174822211511300E-004,   1.211250393776269E-004
  -9.891724005255174E-001,  -9.891723005255174E-001,  -9.891725005255173E-001,  -9.891621118456507E-001,   1.028867986663240E-005,   1.730317457318016E-004,   1.713499777716818E-004,   1.747135141608645E-004
  -1.048209910440568E+000,  -1.048209810440568E+000,  -1.048210010440568E+000,  -1.048194581878090E+000,   1.532856247821179E-005,   2.316985692833104E-004,   2.301870210314753E-004,   2.332101168990615E-004
  -1.113072800894888E+000,  -1.113072700894888E+000,  -1.113072900894888E+000,  -1.113050707108503E+000,   2.209378638462489E-005,   2.955998111824823E-004,   2.942618793888486E-004,   2.969377431471761E-004
  -1.184978154017966E+000,  -1.184978054017966E+000,  -1.184978254017966E+000,  -1.184949032113761E+000,   2.912190420500949E-005,   3.471669398604571E-004,   3.459748238031085E-004,   3.483590562188048E-004
  -1.263278809849827E+000,  -1.263278709849827E+000,  -1.263278909849827E+000,  -1.263244257422914E+000,   3.455242691319249E-005,   3.777182584567813E-004,   3.766250822473738E-004,   3.788114308915826E-004
  -1.345846284719702E+000,  -1.345846184719702E+000,  -1.345846384719702E+000,  -1.345808318588080E+000,   3.796613162210249E-005,   3.758785783909146E-004,   3.748885429128863E-004,   3.768686160072571E-004
  -1.430791139320095E+000,  -1.430791039320095E+000,  -1.430791239320095E+000,  -1.430745716967408E+000,   4.542235268756301E-005,   3.018604413174763E-004,   3.011958784177389E-004,   3.025250057025846E-004
  -1.561711924960686E+000,  -1.561711824960686E+000,  -1.561712024960686E+000,  -1.561379772845134E+000,   3.321521155523754E-004,   3.321521155523884E-004,   3.321415340898841E-004,   3.321626933968652E-004
  -1.829397446689256E+000,  -1.829397346689256E+000,  -1.829397546689256E+000,  -1.828566058768839E+000,   8.313879204175922E-004,   8.313879204174847E-004,   8.313813109951874E-004,   8.313945311602923E-004
  -2.139609927236885E+000,  -2.139609827236885E+000,  -2.139610027236885E+000,  -2.138919446988018E+000,   6.904802488674200E-004,   6.904802488673776E-004,   6.904738133889893E-004,   6.904866847544640E-004
  -2.446382668531524E+000,  -2.446382568531524E+000,  -2.446382768531524E+000,  -2.445860045006857E+000,   5.226235246662547E-004,   5.226235246663843E-004,   5.226170082385496E-004,   5.226300409019095E-004
  -2.746424562905385E+000,  -2.746424462905385E+000,  -2.746424662905385E+000,  -2.746058886209419E+000,   3.656766959663216E-004,   3.656766959665215E-004,   3.656700826085835E-004,   3.656833093442747E-004
  -3.039793149891274E+000,  -3.039793049891274E+000,  -3.039793249891273E+000,  -3.039566453238350E+000,   2.266966529234082E-004,   2.266966529233320E-004,   2.266899404325383E-004,   2.267033653974022E-004
  -3.326741560155398E+000,  -3.326741460155398E+000,  -3.326741660155398E+000,  -3.326629679158324E+000,   1.118809970743762E-004,   1.118809970743189E-004,   1.118741836083394E-004,   1.118878105530261E-004
  -3.607199777891497E+000,  -3.607199677891497E+000,  -3.607199877891496E+000,  -3.607194535056356E+000,   5.242835140695234E-006,   5.242835140587505E-006,   5.235918663751435E-006,   5.249751628917721E-006
  -3.881430151633469E+000,  -3.881430051633469E+000,  -3.881430251633469E+000,  -3.881516770425391E+000,  -8.661879192173316E-005,   8.661879192189166E-005,   8.662581330973032E-005,   8.661177052798586E-005
  -4.149583318983725E+000,  -4.149583218983725E+000,  -4.149583418983726E+000,  -4.149747724155310E+000,  -1.644051715841144E-004,   1.644051715842766E-004,   1.644122997835267E-004,   1.643980433935981E-004
  -4.411800795422744E+000,  -4.411800695422744E+000,  -4.411800895422744E+000,  -4.412030056691465E+000,  -2.292612687213591E-004,   2.292612687211602E-004,   2.292685055725278E-004,   2.292540318777529E-004
  -4.668217684595630E+000,  -4.668217584595630E+000,  -4.668217784595631E+000,  -4.668500293472413E+000,  -2.826088767831081E-004,   2.826088767831502E-004,   2.826162240928901E-004,   2.826015294764161E-004
  -4.918967697826363E+000,  -4.918967597826363E+000,  -4.918967797826364E+000,  -4.919293488984601E+000,  -3.257911582377204E-004,   3.257911582378298E-004,   3.257986177774517E-004,   3.257836986947137E-004
  -5.164185091887804E+000,  -5.164184991887804E+000,  -5.164185191887804E+000,  -5.164545009246818E+000,  -3.599173590140836E-004,   3.599173590138853E-004,   3.599249325616712E-004,   3.599097854782444E-004
  -5.404002353382602E+000,  -5.404002253382602E+000,  -5.404002453382603E+000,  -5.404388374324034E+000,  -3.860209414314753E-004,   3.860209414318469E-004,   3.860286306726522E-004,   3.860132521712967E-004
  -7.532851650407944E+000,  -7.532851550407944E+000,  -7.532851750407945E+000,  -7.533234771490778E+000,  -3.831210828337817E-004,   3.831210828340196E-004,   3.831300139038718E-004,   3.831121517119059E-004
  -9.251427931881729E+000,  -9.251427831881729E+000,  -9.251428031881728E+000,  -9.251635065127751E+000,  -2.071332460218400E-004,   2.071332460217656E-004,   2.071435389904125E-004,   2.071229531050250E-004
  -1.065380559495746E+001,  -1.065380549495746E+001,  -1.065380569495746E+001,  -1.065387079588085E+001,  -6.520092339457051E-005,   6.520092339538526E-005,   6.521264666829333E-005,   6.518920015431392E-005
  -1.180963818010182E+001,  -1.180963808010182E+001,  -1.180963828010182E+001,  -1.180962635281435E+001,   1.182728747295414E-005,   1.182728747296242E-005,   1.181409963402361E-005,   1.184047532738653E-005
  -1.277150901654289E+001,  -1.277150891654289E+001,  -1.277150911654289E+001,  -1.277146077335827E+001,   4.824318462404165E-005,   4.824318462345999E-005,   4.822853434561565E-005,   4.825783493402124E-005
  -1.358010663292159E+001,  -1.358010653292159E+001,  -1.358010673292159E+001,  -1.357998276697722E+001,   1.238659443671963E-004,   1.238659443677287E-004,   1.238500944800936E-004,   1.238817942653519E-004
  -1.427092237831131E+001,  -1.427092227831131E+001,  -1.427092247831131E+001,  -1.427069965277750E+001,   2.227255338169698E-004,   2.227255338176455E-004,   2.227087522060929E-004,   2.227423154730795E-004
  -1.486525720172440E+001,  -1.486525710172440E+001,  -1.486525730172440E+001,  -1.486490978907444E+001,   3.474126499636299E-004,   3.474126499638321E-004,   3.473934390316870E-004,   3.474318609463735E-004
  -1.528112261160361E+001,  -1.528112251160361E+001,  -1.528112271160361E+001,  -1.528582045840423E+001,  -4.697846800615579E-003,   1.843937612402870E-002,   1.843940276595116E-002,   1.843934948209149E-002
  -1.529105074906544E+001,  -1.529105064906544E+001,  -1.529105084906544E+001,  -1.529194419895652E+001,  -8.934498910821986E-004,   1.271451104391349E-001,   1.271451403185684E-001,   1.271450805596220E-001
  -1.529725991640226E+001,  -1.529725981640226E+001,  -1.529726001640226E+001,  -1.529956198772764E+001,  -2.302071325381405E-003,   2.253945794484311E-001,   2.253946095675210E-001,   2.253945493293399E-001
  -1.530810361531460E+001,  -1.530810351531460E+001,  -1.530810371531460E+001,  -1.530931057256866E+001,  -1.206957254057173E-003,   3.119370538355355E-001,   3.119370840943490E-001,   3.119370235767538E-001
  -1.532210297715750E+001,  -1.532210287715750E+001,  -1.532210307715750E+001,  -1.532900106393517E+001,  -6.898086777663792E-003,   3.881541448202933E-001,   3.881541750798983E-001,   3.881541145606881E-001
  -1.533287084760334E+001,  -1.533287074760334E+001,  -1.533287094760334E+001,  -1.533511533360611E+001,  -2.244486002766166E-003,   4.564388409012357E-001,   4.564388718926153E-001,   4.564388099098048E-001
  -1.533336418703162E+001,  -1.533336408703162E+001,  -1.533336428703162E+001,  -1.533543222187330E+001,  -2.068034841684607E-003,   5.194495808052791E-001,   5.194496123043540E-001,   5.194495493061989E-001
  -1.533712653755460E+001,  -1.533712643755460E+001,  -1.533712663755460E+001,  -1.533833012357133E+001,  -1.203586016728764E-003,   5.732994602692923E-001,   5.732994922593238E-001,   5.732994282792442E-001
  -1.533743160354756E+001,  -1.533743150354757E+001,  -1.533743170354756E+001,  -1.533982417929432E+001,  -2.392575746757331E-003,   6.202095510116047E-001,   6.202095837211187E-001,   6.202095183020540E-001
  -1.533955834849666E+001,  -1.533955824849666E+001,  -1.533955844849666E+001,  -1.533998995691795E+001,  -4.316084212963034E-004,   6.585796113073072E-001,   6.585796441556557E-001,   6.585795784589805E-001
  -1.534168139783831E+001,  -1.534168129783831E+001,  -1.534168149783831E+001,  -1.534237426878710E+001,  -6.928709487841189E-004,   6.892377285942896E-001,   6.892377615616327E-001,   6.892376956269487E-001
  -1.534212108827747E+001,  -1.534212098827747E+001,  -1.534212118827747E+001,  -1.534409535352807E+001,  -1.974265250600737E-003,   7.128813933291079E-001,   7.128814268594499E-001,   7.128813597987694E-001
  -1.534369224567980E+001,  -1.534369214567980E+001,  -1.534369234567979E+001,  -1.534427424326780E+001,  -5.819975880019257E-004,   7.286486274253756E-001,   7.286486610344627E-001,   7.286485938162937E-001
  -1.534541555353311E+001,  -1.534541545353311E+001,  -1.534541565353311E+001,  -1.534570402543705E+001,  -2.884719039464301E-004,   7.371027687095827E-001,   7.371028023529643E-001,   7.371027350661996E-001
  -1.534577336594538E+001,  -1.534577326594538E+001,  -1.534577346594538E+001,  -1.534655477199261E+001,  -7.814060472259854E-004,   7.389071868280017E-001,   7.389072204590503E-001,   7.389071531969553E-001
  -1.534633356341757E+001,  -1.534633346341757E+001,  -1.534633366341757E+001,  -1.534728981171786E+001,  -9.562483002891753E-004,   7.335732660307343E-001,   7.335733001133492E-001,   7.335732319481350E-001
  -1.534708517467607E+001,  -1.534708507467607E+001,  -1.534708527467606E+001,  -1.534755668911724E+001,  -4.715144411733263E-004,   7.213707990856079E-001,   7.213708330828171E-001,   7.213707650883687E-001
  -1.534750708474357E+001,  -1.534750698474357E+001,  -1.534750718474357E+001,  -1.534760481452715E+001,  -9.772978357425188E-005,   7.026495237565198E-001,   7.026495576177452E-001,   7.026494898952861E-001
  -1.534768263708340E+001,  -1.534768253708340E+001,  -1.534768273708340E+001,  -1.534763368895145E+001,   4.894813194944447E-005,   6.774849147236452E-001,   6.774849489381513E-001,   6.774848805091607E-001
  -1.534865482735344E+001,  -1.534865472735344E+001,  -1.534865492735344E+001,  -1.534997143328911E+001,  -1.316605935668846E-003,   6.456905533724272E-001,   6.456905873907192E-001,   6.456905193541459E-001
  -1.535055080713055E+001,  -1.535055070713055E+001,  -1.535055090713055E+001,  -1.535175969032246E+001,  -1.208883191909038E-003,   6.073940474058679E-001,   6.073940811884649E-001,   6.073940136232746E-001
  -1.535227468015652E+001,  -1.535227458015652E+001,  -1.535227478015652E+001,  -1.535263637013655E+001,  -3.616899800285012E-004,   5.630928603114747E-001,   5.630928938280584E-001,   5.630928267949098E-001
  -1.535282693415634E+001,  -1.535282683415634E+001,  -1.535282703415634E+001,  -1.535330619000333E+001,  -4.792558469937092E-004,   5.131926368165405E-001,   5.131926700476506E-001,   5.131926035854341E-001
  -1.541750238003634E+001,  -1.541750228003634E+001,  -1.541750248003634E+001,  -1.541819585950457E+001,  -6.934794682322831E-004,   4.359229631971291E-001,   4.359229966962141E-001,   4.359229296980379E-001
  -1.544496580686915E+001,  -1.544496570686916E+001,  -1.544496590686915E+001,  -1.544649202870898E+001,  -1.526221839828423E-003,   3.651077121660342E-001,   3.651077447260236E-001,   3.651076796060426E-001
  -1.552104615068175E+001,  -1.552104605068175E+001,  -1.552104625068175E+001,  -1.552265449585069E+001,  -1.608345168941483E-003,   2.719920857313770E-001,   2.719921199319636E-001,   2.719920515307764E-001
  -1.556381450711426E+001,  -1.556381440711426E+001,  -1.556381460711426E+001,  -1.556382010263127E+001,  -5.595517009737705E-006,   1.835541990518322E-001,   1.835542337569167E-001,   1.835541643467558E-001
  -1.561340632855189E+001,  -1.561340622855189E+001,  -1.561340642855189E+001,  -1.561369095384946E+001,  -2.846252975743369E-004,   8.551685020260505E-002,   8.551688561476851E-002,   8.551681479044348E-002
  -1.561969286988524E+001,  -1.561969276988524E+001,  -1.561969296988524E+001,  -1.562004066915014E+001,  -3.477992648992512E-004,   6.001916035777329E-003,   6.001881886362935E-003,   6.001950185189943E-003
  -1.569883549995853E+001,  -1.569883539995853E+001,  -1.569883559995853E+001,  -1.569892317875449E+001,  -8.767879596582873E-005,   1.350153973272550E-001,   1.350153582890830E-001,   1.350154363654342E-001
  -1.570770255738563E+001,  -1.570770245738563E+001,  -1.570770265738562E+001,  -1.571025712197780E+001,  -2.554564592170294E-003,   2.612105286766419E-001,   2.612104884001093E-001,   2.612105689531785E-001
  -1.574736496853998E+001,  -1.574736486853998E+001,  -1.574736506853998E+001,  -1.574736870616610E+001,  -3.737626116162573E-006,   3.997601540128309E-001,   3.997601035057956E-001,   3.997602045202146E-001
  -1.578582045840423E+001,  -1.578582035840423E+001,  -1.578582055840423E+001,  -1.578930968850458E+001,  -3.489230100349516E-003,   5.274485282462742E-001,   5.274484925297254E-001,   5.274485639628250E-001
  -1.579194419895652E+001,  -1.579194409895652E+001,  -1.579194429895652E+001,  -1.579303823641312E+001,  -1.094037456601527E-003,   6.342379380119834E-001,   6.342379032335508E-001,   6.342379727904200E-001
  -1.580931057256866E+001,  -1.580931047256866E+001,  -1.580931067256866E+001,  -1.581007351903519E+001,  -7.629464665281915E-004,   7.417238482708356E-001,   7.417238158133640E-001,   7.417238807283066E-001
  -1.582900106393517E+001,  -1.582900096393517E+001,  -1.582900116393517E+001,  -1.583336418703162E+001,  -4.363123096451815E-003,   8.414149571527516E-001,   8.414149199869344E-001,   8.414149943185719E-001
  -1.583511533360611E+001,  -1.583511523360611E+001,  -1.583511543360611E+001,  -1.583712653755460E+001,  -2.011203948493190E-003,   9.369038359533910E-001,   9.369038040359849E-001,   9.369038678707957E-001
  -1.583543222187330E+001,  -1.583543212187330E+001,  -1.583543232187330E+001,  -1.583743160354756E+001,  -1.999381674261613E-003,   1.020127084738052E+000,   1.020127052676243E+000,   1.020127116799867E+000
  -1.583833012357133E+001,  -1.583833002357133E+001,  -1.583833022357133E+001,  -1.583955834849666E+001,  -1.228224925329258E-003,   1.103582376200249E+000,   1.103582343759109E+000,   1.103582408641389E+000
  -1.583982417929432E+001,  -1.583982407929432E+001,  -1.583982427929432E+001,  -1.584168139783831E+001,  -1.857218543991124E-003,   1.185913566206649E+000,   1.185913533695848E+000,   1.185913598717453E+000
  -1.583998995691795E+001,  -1.583998985691795E+001,  -1.583999005691795E+001,  -1.584212108827747E+001,  -2.131131359513816E-003,   1.267461795072348E+000,   1.267461762857145E+000,   1.267461827287551E+000
  -1.584237426878710E+001,  -1.584237416878710E+001,  -1.584237436878710E+001,  -1.584369224567980E+001,  -1.317976892698525E-003,   1.350447150631628E+000,   1.350447118840297E+000,   1.350447182422956E+000
  -1.584409535352807E+001,  -1.584409525352807E+001,  -1.584409545352807E+001,  -1.584541555353311E+001,  -1.320200005038075E-003,   1.435915541683868E+000,   1.435915510358690E+000,   1.435915573009047E+000
  -1.584427424326780E+001,  -1.584427414326780E+001,  -1.584427434326780E+001,  -1.584577336594538E+001,  -1.499122677582676E-003,   1.526220384862278E+000,   1.526220353968307E+000,   1.526220415756248E+000
  -1.584570402543705E+001,  -1.584570392543705E+001,  -1.584570412543705E+001,  -1.584633356341757E+001,  -6.295379805170143E-004,   1.625157427539363E+000,   1.625157396691590E+000,   1.625157458387141E+000
  -1.584655477199261E+001,  -1.584655467199261E+001,  -1.584655487199261E+001,  -1.584708517467607E+001,  -5.304026834593856E-004,   1.723819061108872E+000,   1.723819030797760E+000,   1.723819091419985E+000
  -1.584728981171786E+001,  -1.584728971171786E+001,  -1.584728991171786E+001,  -1.584750708474357E+001,  -2.172730257150590E-004,   1.834514599159983E+000,   1.834514567963932E+000,   1.834514630356038E+000
  -1.584755668911724E+001,  -1.584755658911724E+001,  -1.584755678911724E+001,  -1.584768263708340E+001,  -1.259479661595009E-004,   1.967475132809231E+000,   1.967475100512611E+000,   1.967475165105848E+000
  -1.584763368895145E+001,  -1.584763358895145E+001,  -1.584763378895145E+001,  -1.584865482735344E+001,  -1.021138401988253E-003,   2.127092525625220E+000,   2.127092491977574E+000,   2.127092559272865E+000
  -1.584997143328911E+001,  -1.584997133328911E+001,  -1.584997153328911E+001,  -1.585055080713055E+001,  -5.793738414467953E-004,   2.317928642577560E+000,   2.317928606924013E+000,   2.317928678231107E+000
  -1.585175969032246E+001,  -1.585175959032246E+001,  -1.585175979032246E+001,  -1.585227468015652E+001,  -5.149898340555126E-004,   2.541480051548790E+000,   2.541480013346728E+000,   2.541480089750846E+000
  -1.585263637013655E+001,  -1.585263627013655E+001,  -1.585263647013655E+001,  -1.585282693415634E+001,  -1.905640197943370E-004,   2.799630483608364E+000,   2.799630442567674E+000,   2.799630524649059E+000
  -1.585330619000333E+001,  -1.585330609000333E+001,  -1.585330629000333E+001,  -1.585342534323347E+001,  -1.191532301376697E-004,   2.997184943646806E+000,   2.997184904157903E+000,   2.997184983135713E+000
  -5.658346208650885E+000,  -5.658346108650885E+000,  -5.658346308650885E+000,  -5.658348036228147E+000,  -1.827577261970248E-006,   1.827577261784350E-006,   1.855893562376229E-006,   1.799260959965943E-006
  -5.079592524427853E+000,  -5.079592424427853E+000,  -5.079592624427853E+000,  -5.079594006139660E+000,  -1.481711806583519E-006,   1.481711806339454E-006,   1.510922211678886E-006,   1.452501400094529E-006
  -4.504905510994882E+000,  -4.504905410994882E+000,  -4.504905610994882E+000,  -4.504906745257765E+000,  -1.234262883009762E-006,   1.234262882705918E-006,   1.263632244901732E-006,   1.204893523000604E-006
  -3.945755169749803E+000,  -3.945755069749803E+000,  -3.945755269749803E+000,  -3.945756171353215E+000,  -1.001603412653651E-006,   1.001603412634009E-006,   1.031935799967518E-006,   9.712710229902824E-007
  -3.404348768258024E+000,  -3.404348668258025E+000,  -3.404348868258024E+000,  -3.404349590762974E+000,  -8.225049499266390E-007,   8.225049497567213E-007,   8.535540546910159E-007,   7.914558446588784E-007
  -2.890440509343016E+000,  -2.890440409343016E+000,  -2.890440609343016E+000,  -2.890441176211046E+000,  -6.668680296861851E-007,   6.668680297773992E-007,   6.991950053541838E-007,   6.345410550251490E-007
  -2.406810972111619E+000,  -2.406810872111619E+000,  -2.406811072111619E+000,  -2.406811515538782E+000,  -5.434271623805387E-007,   5.434271622546706E-007,   5.770927461192232E-007,   5.097615794345319E-007
  -1.960382540731647E+000,  -1.960382440731647E+000,  -1.960382640731647E+000,  -1.960382979963598E+000,  -4.392319510326814E-007,   4.392319510081151E-007,   4.748253685930440E-007,   4.036385342769182E-007
  -1.554175847025542E+000,  -1.554175747025542E+000,  -1.554175947025542E+000,  -1.554176202163827E+000,  -3.551382852240437E-007,   3.551382852505880E-007,   3.930514924357778E-007,   3.172250791644763E-007
  -1.192237999739822E+000,  -1.192237899739822E+000,  -1.192238099739822E+000,  -1.192238284578798E+000,  -2.848389766274551E-007,   2.848389767322464E-007,   3.259259524606521E-007,   2.437520008096736E-007
  -8.771582402571664E-001,  -8.771581402571664E-001,  -8.771583402571663E-001,  -8.771584659959205E-001,  -2.257387541337863E-007,   2.257387541871126E-007,   2.712630611268440E-007,   1.802144477224236E-007
  -6.105063760818001E-001,  -6.105062760818002E-001,  -6.105064760818001E-001,  -6.105065511756155E-001,  -1.750938153355364E-007,   1.750938153091686E-007,   2.271745322593087E-007,   1.230131001755609E-007
  -3.923981016721707E-001,  -3.923980016721706E-001,  -3.923982016721707E-001,  -3.923982315456760E-001,  -1.298735053389954E-007,   1.298735053363384E-007,   1.926621487220781E-007,   6.708486768527464E-008
  -2.172395955696765E-001,  -2.172394955696764E-001,  -2.172396955696765E-001,  -2.172396790457413E-001,  -8.347606486602821E-008,   8.347606487413091E-008,   1.697131978330815E-007,   2.761062787269889E-009
   0.000000000000000E+000,   1.000000000000000E-007,  -1.000000000000000E-007,   0.000000000000000E+000,   0.000000000000000E+000,   1.751778363737624E-001,   1.751778363737624E-001,   1.751778363737624E-001
  -2.172395955697023E-001,  -2.172394955697023E-001,  -2.172396955697023E-001,  -2.172396790457316E-001,  -8.347602931113585E-008,   8.347602930544735E-008,   1.697131622650555E-007,   2.761096174556340E-009
  -3.923981016722111E-001,  -3.923980016722111E-001,  -3.923982016722111E-001,  -3.923982315456701E-001,  -1.298734590426953E-007,   1.298734590304635E-007,   1.926621082269346E-007,   6.708482194177948E-008
  -6.105063760818462E-001,  -6.105062760818463E-001,  -6.105064760818462E-001,  -6.105065511756154E-001,  -1.750937691502585E-007,   1.750937691715108E-007,   2.271744867538305E-007,   1.230130548811478E-007
  -8.771582402572116E-001,  -8.771581402572116E-001,  -8.771583402572115E-001,  -8.771584659959213E-001,  -2.257387097248653E-007,   2.257387097572611E-007,   2.712630204001237E-007,   1.802144041290168E-007
  -1.192237999739866E+000,  -1.192237899739866E+000,  -1.192238099739866E+000,  -1.192238284578801E+000,  -2.848389346610247E-007,   2.848389346525191E-007,   3.259259103809264E-007,   2.437519581837702E-007
  -1.554175847025584E+000,  -1.554175747025584E+000,  -1.554175947025584E+000,  -1.554176202163825E+000,  -3.551382410371673E-007,   3.551382411253655E-007,   3.930514481523621E-007,   3.172250348813654E-007
  -1.960382540731684E+000,  -1.960382440731684E+000,  -1.960382640731684E+000,  -1.960382979963585E+000,  -4.392319017387791E-007,   4.392319017302028E-007,   4.748253224294835E-007,   4.036384849986466E-007
  -2.406810972111648E+000,  -2.406810872111648E+000,  -2.406811072111648E+000,  -2.406811515538759E+000,  -5.434271104221011E-007,   5.434271105853941E-007,   5.770926972364896E-007,   5.097615275504540E-007
  -2.890440509343038E+000,  -2.890440409343038E+000,  -2.890440609343038E+000,  -2.890441176211014E+000,  -6.668679755073015E-007,   6.668679756156233E-007,   6.991949510664141E-007,   6.345410004843990E-007
  -3.404348768258033E+000,  -3.404348668258033E+000,  -3.404348868258033E+000,  -3.404349590762924E+000,  -8.225048908627741E-007,   8.225048908965837E-007,   8.535539955321167E-007,   7.914557856493576E-007
  -3.945755169749804E+000,  -3.945755069749804E+000,  -3.945755269749804E+000,  -3.945756171353147E+000,  -1.001603343375734E-006,   1.001603343566984E-006,   1.031935733030636E-006,   9.712709556979682E-007
  -4.504905510994868E+000,  -4.504905410994867E+000,  -4.504905610994868E+000,  -4.504906745257676E+000,  -1.234262808402775E-006,   1.234262808475827E-006,   1.263632168978633E-006,   1.204893446866030E-006
  -5.079592524427830E+000,  -5.079592424427830E+000,  -5.079592624427830E+000,  -5.079594006139547E+000,  -1.481711716877498E-006,   1.481711716848859E-006,   1.510922123578513E-006,   1.452501310859298E-006
  -5.658346208650830E+000,  -5.658346108650830E+000,  -5.658346308650830E+000,  -5.658348036227994E+000,  -1.827577164270622E-006,   1.827577163913618E-006,   1.855893464654300E-006,   1.799260861039488E-006
  -1.585330618477372E+001,  -1.585330608477372E+001,  -1.585330628477372E+001,  -1.585342534501188E+001,  -1.191602381638290E-004,   2.997184941580791E+000,   2.997184902091888E+000,   2.997184981069701E+000
  -1.585263636999275E+001,  -1.585263626999275E+001,  -1.585263646999275E+001,  -1.585282693390858E+001,  -1.905639158348293E-004,   2.799630483545378E+000,   2.799630442504685E+000,   2.799630524586069E+000
  -1.585175968974494E+001,  -1.585175958974494E+001,  -1.585175978974494E+001,  -1.585227468010124E+001,  -5.149903563044234E-004,   2.541480051324240E+000,   2.541480013122185E+000,   2.541480089526300E+000
  -1.584997143337048E+001,  -1.584997133337048E+001,  -1.584997153337048E+001,  -1.585055080621093E+001,  -5.793728404501763E-004,   2.317928642601582E+000,   2.317928606948035E+000,   2.317928678255130E+000
  -1.584763368869049E+001,  -1.584763358869049E+001,  -1.584763378869049E+001,  -1.584865482696778E+001,  -1.021138277295108E-003,   2.127092525532539E+000,   2.127092491884892E+000,   2.127092559180179E+000
  -1.584755668896420E+001,  -1.584755658896420E+001,  -1.584755678896420E+001,  -1.584768263682925E+001,  -1.259478650510459E-004,   1.967475132755458E+000,   1.967475100458839E+000,   1.967475165052078E+000
  -1.584728981162627E+001,  -1.584728971162627E+001,  -1.584728991162627E+001,  -1.584750708459361E+001,  -2.172729673421969E-004,   1.834514599127612E+000,   1.834514567931557E+000,   1.834514630323665E+000
  -1.584655477196843E+001,  -1.584655467196843E+001,  -1.584655487196843E+001,  -1.584708517449970E+001,  -5.304025312664606E-004,   1.723819061097697E+000,   1.723819030786583E+000,   1.723819091408809E+000
  -1.584570402551135E+001,  -1.584570392551135E+001,  -1.584570412551135E+001,  -1.584633356354714E+001,  -6.295380357936864E-004,   1.625157427558405E+000,   1.625157396710625E+000,   1.625157458406182E+000
  -1.584427424382702E+001,  -1.584427414382702E+001,  -1.584427434382702E+001,  -1.584577336489749E+001,  -1.499121070473564E-003,   1.526220385031111E+000,   1.526220354137139E+000,   1.526220415925082E+000
  -1.584409535301906E+001,  -1.584409525301906E+001,  -1.584409545301906E+001,  -1.584541556738961E+001,  -1.320214370551298E-003,   1.435915541520403E+000,   1.435915510195227E+000,   1.435915572845585E+000
  -1.584237426860238E+001,  -1.584237416860238E+001,  -1.584237436860238E+001,  -1.584369224524612E+001,  -1.317976643745666E-003,   1.350447150568387E+000,   1.350447118777055E+000,   1.350447182359716E+000
  -1.583998995714998E+001,  -1.583998985714998E+001,  -1.583999005714998E+001,  -1.584212108225543E+001,  -2.131125105446330E-003,   1.267461795142380E+000,   1.267461762927178E+000,   1.267461827357586E+000
  -1.583982418019234E+001,  -1.583982408019234E+001,  -1.583982428019234E+001,  -1.584168139697427E+001,  -1.857216781926851E-003,   1.185913566494116E+000,   1.185913533983313E+000,   1.185913599004920E+000
  -1.583833015205897E+001,  -1.583833005205897E+001,  -1.583833025205897E+001,  -1.583955834890224E+001,  -1.228196843262808E-003,   1.103582385437452E+000,   1.103582352996312E+000,   1.103582417878595E+000
  -1.583543222315893E+001,  -1.583543212315893E+001,  -1.583543232315893E+001,  -1.583743160465089E+001,  -1.999381491962993E-003,   1.020127085182507E+000,   1.020127053120698E+000,   1.020127117244324E+000
  -1.583511533370820E+001,  -1.583511523370820E+001,  -1.583511543370820E+001,  -1.583712653764187E+001,  -2.011203933669492E-003,   9.369038359811296E-001,   9.369038040637232E-001,   9.369038678985371E-001
  -1.582900095074412E+001,  -1.582900085074412E+001,  -1.582900105074411E+001,  -1.583336418713742E+001,  -4.363236393308156E-003,   8.414149150797591E-001,   8.414148779139460E-001,   8.414149522455746E-001
  -1.580931057248864E+001,  -1.580931047248864E+001,  -1.580931067248864E+001,  -1.581007352026735E+001,  -7.629477787105543E-004,   7.417238468707574E-001,   7.417238144132852E-001,   7.417238793282297E-001
  -1.579194419866481E+001,  -1.579194409866481E+001,  -1.579194429866481E+001,  -1.579303824129167E+001,  -1.094042626858638E-003,   6.342379367927349E-001,   6.342379020142986E-001,   6.342379715711732E-001
  -1.578582046029114E+001,  -1.578582036029114E+001,  -1.578582056029114E+001,  -1.578930968976792E+001,  -3.489229476782540E-003,   5.274485280292767E-001,   5.274484923127279E-001,   5.274485637458228E-001
  -1.574736496848049E+001,  -1.574736486848049E+001,  -1.574736506848049E+001,  -1.574736870732211E+001,  -3.738841620304356E-006,   3.997601530891121E-001,   3.997601025820726E-001,   3.997602035964939E-001
  -1.570770255757924E+001,  -1.570770245757924E+001,  -1.570770265757924E+001,  -1.571025712977812E+001,  -2.554572198878446E-003,   2.612105278119858E-001,   2.612104875354551E-001,   2.612105680885208E-001
  -1.569883550037229E+001,  -1.569883540037229E+001,  -1.569883560037229E+001,  -1.569892317984736E+001,  -8.767947507060114E-005,   1.350153964762347E-001,   1.350153574380546E-001,   1.350154355144122E-001
  -1.561969287027874E+001,  -1.561969277027874E+001,  -1.561969297027874E+001,  -1.562004066996283E+001,  -3.477996840892672E-004,   6.001915118186872E-003,   6.001880968770947E-003,   6.001949267601198E-003
  -1.561340632848762E+001,  -1.561340622848762E+001,  -1.561340642848761E+001,  -1.561369095516055E+001,  -2.846266729346070E-004,   8.551685135974492E-002,   8.551688677190329E-002,   8.551681594758288E-002
  -1.556381450703481E+001,  -1.556381440703482E+001,  -1.556381460703481E+001,  -1.556382010389606E+001,  -5.596861241130568E-006,   1.835542002872910E-001,   1.835542349923762E-001,   1.835541655822118E-001
  -1.552104615613210E+001,  -1.552104605613210E+001,  -1.552104625613210E+001,  -1.552265449662401E+001,  -1.608340491918270E-003,   2.719920851595741E-001,   2.719921193601707E-001,   2.719920509589781E-001
  -1.544496580675361E+001,  -1.544496570675361E+001,  -1.544496590675361E+001,  -1.544649202976725E+001,  -1.526223013646799E-003,   3.651077135137465E-001,   3.651077460737414E-001,   3.651076809537518E-001
  -1.541750238047273E+001,  -1.541750228047273E+001,  -1.541750248047273E+001,  -1.541819585936118E+001,  -6.934788884507270E-004,   4.359229645391504E-001,   4.359229980382294E-001,   4.359229310400614E-001
  -1.535282693390858E+001,  -1.535282683390858E+001,  -1.535282703390858E+001,  -1.535330618477372E+001,  -4.792508651387806E-004,   5.131926384992963E-001,   5.131926717304087E-001,   5.131926052681913E-001
  -1.535227468010124E+001,  -1.535227458010124E+001,  -1.535227478010124E+001,  -1.535263636999275E+001,  -3.616898915037581E-004,   5.630928620734863E-001,   5.630928955900605E-001,   5.630928285569125E-001
  -1.535055080621093E+001,  -1.535055070621093E+001,  -1.535055090621093E+001,  -1.535175968974494E+001,  -1.208883534008720E-003,   6.073940496275440E-001,   6.073940834101287E-001,   6.073940158449499E-001
  -1.534865482696778E+001,  -1.534865472696778E+001,  -1.534865492696778E+001,  -1.534997143337048E+001,  -1.316606402696152E-003,   6.456905555997078E-001,   6.456905896179956E-001,   6.456905215814267E-001
  -1.534768263682925E+001,  -1.534768253682926E+001,  -1.534768273682925E+001,  -1.534763368869049E+001,   4.894813876710202E-005,   6.774849164917084E-001,   6.774849507062118E-001,   6.774848822772208E-001
  -1.534750708459361E+001,  -1.534750698459361E+001,  -1.534750718459361E+001,  -1.534760481539137E+001,  -9.773079776209670E-005,   7.026495256476201E-001,   7.026495595088407E-001,   7.026494917863803E-001
  -1.534708517449970E+001,  -1.534708507449970E+001,  -1.534708527449970E+001,  -1.534755668896420E+001,  -4.715144645057734E-004,   7.213708005377329E-001,   7.213708345349411E-001,   7.213707665404955E-001
  -1.534633356354714E+001,  -1.534633346354714E+001,  -1.534633366354714E+001,  -1.534728981162627E+001,  -9.562480791274197E-004,   7.335732669290227E-001,   7.335733010116324E-001,   7.335732328464245E-001
  -1.534577336489749E+001,  -1.534577326489749E+001,  -1.534577346489749E+001,  -1.534655477196843E+001,  -7.814070709386556E-004,   7.389071882165805E-001,   7.389072218476308E-001,   7.389071545855327E-001
  -1.534541556738961E+001,  -1.534541546738961E+001,  -1.534541566738961E+001,  -1.534570402551135E+001,  -2.884581217390547E-004,   7.371027645841788E-001,   7.371027982275432E-001,   7.371027309407889E-001
  -1.534369224524612E+001,  -1.534369214524613E+001,  -1.534369234524612E+001,  -1.534427424382702E+001,  -5.819985808948047E-004,   7.286486275946009E-001,   7.286486612036795E-001,   7.286485939855019E-001
  -1.534212108225543E+001,  -1.534212098225543E+001,  -1.534212118225543E+001,  -1.534409535301906E+001,  -1.974270763632546E-003,   7.128813953747126E-001,   7.128814289050679E-001,   7.128813618443800E-001
  -1.534168139697427E+001,  -1.534168129697427E+001,  -1.534168149697427E+001,  -1.534237426860238E+001,  -6.928716281109359E-004,   6.892377289083939E-001,   6.892377618757458E-001,   6.892376959410426E-001
  -1.533955834890224E+001,  -1.533955824890224E+001,  -1.533955844890224E+001,  -1.533998995714998E+001,  -4.316082477426875E-004,   6.585796112070500E-001,   6.585796440554115E-001,   6.585795783587266E-001
  -1.533743160465089E+001,  -1.533743150465089E+001,  -1.533743170465089E+001,  -1.533982418019234E+001,  -2.392575541449560E-003,   6.202095506878577E-001,   6.202095833974107E-001,   6.202095179783532E-001
  -1.533712653764187E+001,  -1.533712643764187E+001,  -1.533712663764187E+001,  -1.533833015205897E+001,  -1.203614417104149E-003,   5.732994602814881E-001,   5.732994922715043E-001,   5.732994282914253E-001
  -1.533336418713742E+001,  -1.533336408713742E+001,  -1.533336428713742E+001,  -1.533543222315893E+001,  -2.068036021505293E-003,   5.194495808171771E-001,   5.194496123162526E-001,   5.194495493180810E-001
  -1.533287084935997E+001,  -1.533287074935997E+001,  -1.533287094935997E+001,  -1.533511533370820E+001,  -2.244484348226550E-003,   4.564388404079453E-001,   4.564388713993413E-001,   4.564388094165624E-001
  -1.532210298826405E+001,  -1.532210288826405E+001,  -1.532210308826405E+001,  -1.532900095074412E+001,  -6.897962480067577E-003,   3.881541415140706E-001,   3.881541717736643E-001,   3.881541112544656E-001
  -1.530810361638971E+001,  -1.530810351638971E+001,  -1.530810371638971E+001,  -1.530931057248864E+001,  -1.206956098927847E-003,   3.119370535731134E-001,   3.119370838318964E-001,   3.119370233143190E-001
  -1.529725991740800E+001,  -1.529725981740800E+001,  -1.529726001740799E+001,  -1.529956198827741E+001,  -2.302070869413697E-003,   2.253945792160180E-001,   2.253946093351143E-001,   2.253945490969220E-001
  -1.529105074874307E+001,  -1.529105064874308E+001,  -1.529105084874307E+001,  -1.529194419866481E+001,  -8.934499217367886E-004,   1.271451106181084E-001,   1.271451404975546E-001,   1.271450807386248E-001
  -1.528112261225156E+001,  -1.528112251225156E+001,  -1.528112271225156E+001,  -1.528582046029114E+001,  -4.697848039578290E-003,   1.843937602585169E-002,   1.843940266774486E-002,   1.843934938392846E-002
  -1.486525720283145E+001,  -1.486525710283145E+001,  -1.486525730283145E+001,  -1.486490979001043E+001,   3.474128210125826E-004,   3.474128210119906E-004,   3.473936100692138E-004,   3.474320319734339E-004
  -1.427092237893384E+001,  -1.427092227893385E+001,  -1.427092247893384E+001,  -1.427069965332013E+001,   2.227256137139477E-004,   2.227256137147485E-004,   2.227088320838110E-004,   2.227423953555778E-004
  -1.358010663368923E+001,  -1.358010653368923E+001,  -1.358010673368923E+001,  -1.357998276765006E+001,   1.238660391678081E-004,   1.238660391678136E-004,   1.238501892790175E-004,   1.238818890654372E-004
  -1.277150901722497E+001,  -1.277150891722497E+001,  -1.277150911722497E+001,  -1.277146077397201E+001,   4.824325296226561E-005,   4.824325296140710E-005,   4.822860267120333E-005,   4.825790325662542E-005
  -1.180963818045547E+001,  -1.180963808045547E+001,  -1.180963828045547E+001,  -1.180962635315518E+001,   1.182730029292145E-005,   1.182730029361423E-005,   1.181411244449788E-005,   1.184048816014292E-005
  -1.065380558528067E+001,  -1.065380548528067E+001,  -1.065380568528067E+001,  -1.065387078737456E+001,  -6.520209389293541E-005,   6.520209389379781E-005,   6.521381717595775E-005,   6.519037065018323E-005
  -9.251427879225961E+000,  -9.251427779225962E+000,  -9.251427979225960E+000,  -9.251635017930493E+000,  -2.071387045319284E-004,   2.071387045314894E-004,   2.071489974618608E-004,   2.071284115940903E-004
  -7.532851510765920E+000,  -7.532851410765920E+000,  -7.532851610765920E+000,  -7.533234644361059E+000,  -3.831335951387516E-004,   3.831335951384559E-004,   3.831425262402995E-004,   3.831246640750420E-004
  -5.404002023478525E+000,  -5.404001923478525E+000,  -5.404002123478525E+000,  -5.404388069829859E+000,  -3.860463513341017E-004,   3.860463513338143E-004,   3.860540405913532E-004,   3.860386620685151E-004
  -5.164184729907556E+000,  -5.164184629907556E+000,  -5.164184829907557E+000,  -5.164544674724231E+000,  -3.599448166751174E-004,   3.599448166751818E-004,   3.599523902271534E-004,   3.599372431284701E-004
  -4.918967312305615E+000,  -4.918967212305615E+000,  -4.918967412305616E+000,  -4.919293132265066E+000,  -3.258199594506905E-004,   3.258199594506382E-004,   3.258274190003630E-004,   3.258124999253902E-004
  -4.668217262098387E+000,  -4.668217162098387E+000,  -4.668217362098387E+000,  -4.668499902060616E+000,  -2.826399622293252E-004,   2.826399622293472E-004,   2.826473095208279E-004,   2.826326149444457E-004
  -4.411800345795258E+000,  -4.411800245795257E+000,  -4.411800445795258E+000,  -4.412029639646292E+000,  -2.292938510342069E-004,   2.292938510344125E-004,   2.293010878779334E-004,   2.292866142000179E-004
  -4.149582826573265E+000,  -4.149582726573265E+000,  -4.149582926573266E+000,  -4.149747266888522E+000,  -1.644403152569751E-004,   1.644403152566206E-004,   1.644474434710386E-004,   1.644331870611354E-004
  -3.881429612637324E+000,  -3.881429512637324E+000,  -3.881429712637324E+000,  -3.881516269318185E+000,  -8.665668086083045E-005,   8.665668086103687E-005,   8.666370225763547E-005,   8.664965945721836E-005
  -3.607199206217733E+000,  -3.607199106217733E+000,  -3.607199306217733E+000,  -3.607194002966337E+000,   5.203251395968778E-006,   5.203251396114963E-006,   5.196334913437291E-006,   5.210167883829357E-006
  -3.326740935008841E+000,  -3.326740835008841E+000,  -3.326741035008840E+000,  -3.326629096650152E+000,   1.118383586882210E-004,   1.118383586882748E-004,   1.118315452210039E-004,   1.118451721570350E-004
  -3.039792468535039E+000,  -3.039792368535040E+000,  -3.039792568535039E+000,  -3.039565817662430E+000,   2.266508726096461E-004,   2.266508726095791E-004,   2.266441601274590E-004,   2.266575851046368E-004
  -2.746423841267740E+000,  -2.746423741267741E+000,  -2.746423941267740E+000,  -2.746058212340822E+000,   3.656289269184931E-004,   3.656289269185290E-004,   3.656223135883505E-004,   3.656355402841650E-004
  -2.446381882752677E+000,  -2.446381782752677E+000,  -2.446381982752677E+000,  -2.445859310481553E+000,   5.225722711243996E-004,   5.225722711245233E-004,   5.225657547172245E-004,   5.225787879480439E-004
  -2.139609073929138E+000,  -2.139608973929138E+000,  -2.139609173929137E+000,  -2.138918648647266E+000,   6.904252818711321E-004,   6.904252818712718E-004,   6.904188450447897E-004,   6.904317193850782E-004
  -1.829396588660051E+000,  -1.829396488660051E+000,  -1.829396688660051E+000,  -1.828565257504001E+000,   8.313311560499415E-004,   8.313311560499834E-004,   8.313245451903349E-004,   8.313377665289047E-004
  -1.561711697906939E+000,  -1.561711597906939E+000,  -1.561711797906939E+000,  -1.561379569858809E+000,   3.321280481305422E-004,   3.321280481304709E-004,   3.321174688408653E-004,   3.321386281330997E-004
  -1.430791139294415E+000,  -1.430791039294415E+000,  -1.430791239294415E+000,  -1.430745717023827E+000,   4.542227058790260E-005,   3.018602263496292E-004,   3.011956609232075E-004,   3.025247896638862E-004
  -1.345846284730877E+000,  -1.345846184730877E+000,  -1.345846384730877E+000,  -1.345808318640295E+000,   3.796609058182021E-005,   3.758786439844749E-004,   3.748886087596166E-004,   3.768686843399374E-004
  -1.263278809818228E+000,  -1.263278709818228E+000,  -1.263278909818228E+000,  -1.263244257463482E+000,   3.455235474647544E-005,   3.777178682656726E-004,   3.766246933925042E-004,   3.788110443446048E-004
  -1.184978154016666E+000,  -1.184978054016666E+000,  -1.184978254016666E+000,  -1.184949032103296E+000,   2.912191337012260E-005,   3.471668861945792E-004,   3.459747696861145E-004,   3.483590009829032E-004
  -1.113072800871597E+000,  -1.113072700871597E+000,  -1.113072900871597E+000,  -1.113050707101995E+000,   2.209376960160547E-005,   2.955994659037703E-004,   2.942615353880939E-004,   2.969373980535068E-004
  -1.048209910435229E+000,  -1.048209810435229E+000,  -1.048210010435229E+000,  -1.048194581871334E+000,   1.532856389552251E-005,   2.316984613382044E-004,   2.301869147155263E-004,   2.332100088951555E-004
  -9.891724005180635E-001,  -9.891723005180636E-001,  -9.891725005180635E-001,  -9.891621118429140E-001,   1.028867514951681E-005,   1.730315872159380E-004,   1.713498184731068E-004,   1.747133533230368E-004
  -9.343717453989515E-001,  -9.343716453989516E-001,  -9.343718453989515E-001,  -9.343651953290045E-001,   6.550069946986703E-006,   1.193035677972292E-004,   1.174821588209229E-004,   1.211249769495799E-004
  -8.823029744119454E-001,  -8.823028744119454E-001,  -8.823030744119453E-001,  -8.822988743749712E-001,   4.100036974152843E-006,   7.894042975831974E-005,   7.701507095911272E-005,   8.086578890212338E-005
  -8.317947125656490E-001,  -8.317946125656490E-001,  -8.317948125656489E-001,  -8.317921736820201E-001,   2.538883628888655E-006,   5.073931284601398E-005,   4.874082373767095E-005,   5.273780195618273E-005
  -7.820724188312308E-001,  -7.820723188312309E-001,  -7.820725188312307E-001,  -7.820708599568629E-001,   1.558874367924012E-006,   3.193874466653265E-005,   2.988991068393147E-005,   3.398757824551257E-005
  -7.326411723257753E-001,  -7.326410723257754E-001,  -7.326412723257753E-001,  -7.326402226158300E-001,   9.497099453525948E-007,   1.979053127740583E-005,   1.770668116634031E-005,   2.187438128644139E-005
  -6.831892075250701E-001,  -6.831891075250701E-001,  -6.831893075250700E-001,  -6.831886334293029E-001,   5.740957671473979E-007,   1.210928859132696E-005,   1.000000831266900E-005,   1.421856879586643E-005
  -6.335211524533262E-001,  -6.335210524533262E-001,  -6.335212524533261E-001,  -6.335208082195863E-001,   3.442337398462669E-007,   7.329490508818240E-006,   5.200271413737727E-006,   9.458709595300254E-006
  -5.835145124711086E-001,  -5.835144124711087E-001,  -5.835146124711086E-001,  -5.835143078391942E-001,   2.046319144133335E-007,   4.392462075885930E-006,   2.245943478580718E-006,   6.538980647749867E-006
  -5.330899131346487E-001,  -5.330898131346488E-001,  -5.330900131346487E-001,  -5.330897875808411E-001,   1.255538075728424E-007,   1.490749678056779E-006,   6.725391852583208E-007,   3.654038564785099E-006
  -4.822016101693031E-001,  -4.822015101693031E-001,  -4.822017101693031E-001,  -4.822016101693031E-001,   0.000000000000000E+000,   8.111124268231074E-007,   1.369897782952548E-006,   2.992122659999116E-006
  -4.308162380117692E-001,  -4.308161380117692E-001,  -4.308163380117692E-001,  -4.308163657129493E-001,  -1.277011801303907E-007,   2.810981904619232E-006,   5.012200342939717E-006,   6.097634956997226E-007
  -3.789114640459280E-001,  -3.789113640459280E-001,  -3.789115640459280E-001,  -3.789116797567352E-001,  -2.157108071609848E-007,   1.284700829927879E-006,   3.510322370008694E-006,   9.409206817538624E-007
  -3.264709261086990E-001,  -3.264708261086990E-001,  -3.264710261086990E-001,  -3.264709261086990E-001,   0.000000000000000E+000,   4.359432482076165E-007,   1.820615304048893E-006,   2.692501827862939E-006
  -2.734822832110930E-001,  -2.734821832110930E-001,  -2.734823832110930E-001,  -2.734822832110930E-001,   0.000000000000000E+000,   9.041108052901909E-007,   1.393660348996347E-006,   3.201881986382893E-006
  -2.199355027084481E-001,  -2.199354027084481E-001,  -2.199356027084481E-001,  -2.199355027084481E-001,   0.000000000000000E+000,   3.999557347027435E-007,   1.956149904970852E-006,   2.756061402364604E-006
  -1.658218775421972E-001,  -1.658217775421972E-001,  -1.658219775421972E-001,  -1.658218775421972E-001,   0.000000000000000E+000,   8.568653546278173E-007,   1.589273472779502E-006,   3.303004153064793E-006
  -1.111332544050971E-001,  -1.111331544050971E-001,  -1.111333544050971E-001,  -1.111332544050971E-001,   0.000000000000000E+000,   1.301156217105405E-006,   1.305512009084704E-006,   3.907824412537364E-006
  -5.586181846217594E-002,  -5.586171846217593E-002,  -5.586191846217594E-002,  -5.586181846217594E-002,   0.000000000000000E+000,   7.224594977303206E-007,   2.274543175012124E-006,   3.719462207977479E-006
   2.996041525561665E+010,   2.996041555522080E+010,   2.996041495601250E+010,   2.996041525561665E+010,   0.000000000000000E+000,   3.694024002012162E-009,   1.369402119428307E-008,   6.305973804728542E-009
