   2.999221478339114E+010,   2.999221508331329E+010,   2.999221448346899E+010,   2.999228947538890E+010,   7.469199776077271E+004,   2.490379523219190E-006,   2.480379523385738E-006,   2.500379523323946E-006
   2.999994692289860E+004,   2.999994702289860E+004,   2.999994682289860E+004,   2.999994692289860E+004,   0.000000000000000E+000,   5.524402823009044E-004,   3.581925221135883E-003,   2.477040529521203E-003
   2.999989432580747E+004,   2.999989442580747E+004,   2.999989422580747E+004,   2.999989432580747E+004,   0.000000000000000E+000,   8.220828725049145E-004,   3.444451405100754E-003,   1.800275377143112E-003
   2.999984211926091E+004,   2.999984221926091E+004,   2.999984201926091E+004,   2.999984211926091E+004,   0.000000000000000E+000,   2.008838833270846E-004,   2.650090530294831E-003,   2.248305726346266E-003
   2.999979029058520E+004,   2.999979039058520E+004,   2.999979019058520E+004,   2.999979029058520E+004,   0.000000000000000E+000,   7.020921591327032E-004,   3.046071937200364E-003,   1.641857170926430E-003
   2.999973863374218E+004,   2.999973873374218E+004,   2.999973853374218E+004,   2.999973863374218E+004,   0.000000000000000E+000,   9.914063193825597E-004,   3.254959430220081E-003,   1.272095757958347E-003
   2.999968685864409E+004,   2.999968695864410E+004,   2.999968675864409E+004,   2.999968685864409E+004,   0.000000000000000E+000,   1.635734655474568E-004,   2.351724516168100E-003,   2.024496420123313E-003
   2.999963469635750E+004,   2.999963479635750E+004,   2.999963459635750E+004,   2.999963405068878E+004,  -6.456687224272173E-004,   1.096254655952909E-003,   3.200428991101940E-003,   1.007792688850893E-003
   2.999958128255160E+004,   2.999958138255160E+004,   2.999958118255160E+004,   2.999958128255160E+004,   0.000000000000000E+000,   8.703214108527552E-004,   1.128802520889255E-003,   2.869262415226582E-003
   2.999952589186803E+004,   2.999952599186803E+004,   2.999952579186803E+004,   2.999952589186803E+004,   0.000000000000000E+000,   7.786971473108619E-006,   1.855480682890178E-003,   1.870810834937596E-003
   2.999946693862242E+004,   2.999946703862242E+004,   2.999946683862241E+004,   2.999946683275572E+004,  -1.058667003235314E-004,   1.370659501912785E-003,   3.064436697763843E-003,   3.228359960291219E-004
   2.999940240067324E+004,   2.999940250067324E+004,   2.999940230067324E+004,   2.999940229930421E+004,  -1.013690307445358E-004,   1.347258246385100E-003,   2.851791677243645E-003,   1.570111711476149E-004
   2.999933069460891E+004,   2.999933079460891E+004,   2.999933059460891E+004,   2.999933055999982E+004,  -1.346090866718441E-004,   1.790873407201563E-003,   3.121393881624450E-003,   4.605431246619847E-004
   2.999925165537315E+004,   2.999925175537316E+004,   2.999925155537315E+004,   2.999925148489309E+004,  -1.704800633888226E-004,   2.055789302533736E-003,   3.261723121430589E-003,   8.499580219525591E-004
   2.999916723685287E+004,   2.999916733685287E+004,   2.999916713685287E+004,   2.999916704279290E+004,  -1.940599686349742E-004,   2.188880994029278E-003,   3.316837696776571E-003,   1.060956670247638E-003
   2.999908011356183E+004,   2.999908021356184E+004,   2.999908001356183E+004,   2.999907990657466E+004,  -2.069871770800091E-004,   2.207702285854773E-003,   3.274277039290938E-003,   1.141099179292453E-003
   2.999899214713308E+004,   2.999899224713308E+004,   2.999899204713308E+004,   2.999899193352667E+004,  -2.136064067599364E-004,   2.188633799079528E-003,   3.213209759591210E-003,   1.163988620172826E-003
   2.992571517014014E+004,   2.992571527014014E+004,   2.992571507014014E+004,   2.992571517014014E+004,   0.000000000000000E+000,   1.202372430557749E-001,   1.202372430557749E-001,   1.202372430557749E-001
   2.987980759689674E+004,   2.987980769689674E+004,   2.987980749689674E+004,   2.991448283923663E+004,   3.467524233989025E+001,   1.202372431330039E-001,   1.202372431330039E-001,   1.202372431330039E-001
   2.987775913442246E+004,   2.987775923442246E+004,   2.987775903442246E+004,   2.991243437662296E+004,   3.467524220049745E+001,   1.202372421663254E-001,   1.202372421663251E-001,   1.202372421663258E-001
   2.987736414979572E+004,   2.987736424979572E+004,   2.987736404979572E+004,   2.991203939009242E+004,   3.467524029669949E+001,   1.202372289633878E-001,   1.202372289633805E-001,   1.202372289633950E-001
   2.987227866343509E+004,   2.987227876343509E+004,   2.987227856343508E+004,   2.990695386900270E+004,   3.467520556761519E+001,   1.202369881156269E-001,   1.202369881154923E-001,   1.202369881157616E-001
   2.987041772012647E+004,   2.987041782012647E+004,   2.987041762012647E+004,   2.990509228203181E+004,   3.467456190533994E+001,   1.202325243327127E-001,   1.202325243301559E-001,   1.202325243352696E-001
   2.986438909765336E+004,   2.986438919765336E+004,   2.986438899765336E+004,   2.989905132014131E+004,   3.466222248794656E+001,   1.201469667803815E-001,   1.201469667282230E-001,   1.201469668325399E-001
   2.981225341647701E+004,   2.981225351647701E+004,   2.981225331647701E+004,   2.981225341647701E+004,   0.000000000000000E+000,   1.194764525226611E-001,   1.194764525226611E-001,   1.194764525226611E-001
   2.979638124679873E+004,   2.979638134679873E+004,   2.979638114679873E+004,   2.979638124679873E+004,   0.000000000000000E+000,   1.194764523517387E-001,   1.194764523517387E-001,   1.194764523517387E-001
   2.979102850436752E+004,   2.979102860436752E+004,   2.979102840436752E+004,   2.979102850436752E+004,   0.000000000000000E+000,   1.194764522460062E-001,   1.194764522460062E-001,   1.194764522460062E-001
   2.978016098107684E+004,   2.978016108107684E+004,   2.978016088107683E+004,   2.978016098107684E+004,   0.000000000000000E+000,   1.194764521119155E-001,   1.194764521119155E-001,   1.194764521119155E-001
   2.974407565950962E+004,   2.974407575950962E+004,   2.974407555950962E+004,   2.977864102541810E+004,   3.456536590848555E+001,   1.194764520387526E-001,   1.194764520387525E-001,   1.194764520387526E-001
   2.968556965169017E+004,   2.968556975169017E+004,   2.968556955169017E+004,   2.972013501749797E+004,   3.456536580779721E+001,   1.194764513426879E-001,   1.194764513426873E-001,   1.194764513426886E-001
   2.968483049484216E+004,   2.968483059484216E+004,   2.968483039484216E+004,   2.971939585750933E+004,   3.456536266716648E+001,   1.194764296312793E-001,   1.194764296312675E-001,   1.194764296312912E-001
   2.968444146441280E+004,   2.968444156441281E+004,   2.968444136441280E+004,   2.971900677523273E+004,   3.456531081992944E+001,   1.194760712078247E-001,   1.194760712076228E-001,   1.194760712080265E-001
   2.968432635453072E+004,   2.968432645453072E+004,   2.968432625453072E+004,   2.971889079527650E+004,   3.456444074578030E+001,   1.194700564068510E-001,   1.194700564033736E-001,   1.194700564103285E-001
   2.968374955994389E+004,   2.968374965994389E+004,   2.968374945994389E+004,   2.971829843549120E+004,   3.454887554730522E+001,   1.193624801583123E-001,   1.193624800919491E-001,   1.193624802246754E-001
   2.947658720830138E+004,   2.947658730830138E+004,   2.947658710830138E+004,   2.947658720830138E+004,   0.000000000000000E+000,   1.188133078126563E-001,   1.188133078126563E-001,   1.188133078126563E-001
   2.897373740688150E+004,   2.897373750688150E+004,   2.897373730688150E+004,   2.897373740688150E+004,   0.000000000000000E+000,   1.188133099929020E-001,   1.188133099929020E-001,   1.188133099929020E-001
   2.852013474448953E+004,   2.852013484448953E+004,   2.852013464448953E+004,   2.852013474448953E+004,   0.000000000000000E+000,   1.188133093752236E-001,   1.188133093752236E-001,   1.188133093752236E-001
   2.801741300873464E+004,   2.801741310873464E+004,   2.801741290873464E+004,   2.801741300873464E+004,   0.000000000000000E+000,   1.188133100021464E-001,   1.188133100021464E-001,   1.188133100021464E-001
   2.756587128147181E+004,   2.756587138147181E+004,   2.756587118147181E+004,   2.756587128147181E+004,   0.000000000000000E+000,   1.188133095935729E-001,   1.188133095935729E-001,   1.188133095935729E-001
   2.710000000000000E+004,   2.710000010000000E+004,   2.709999990000000E+004,   2.710000000000000E+004,   0.000000000000000E+000,   1.188133107996697E-001,   1.188133107996697E-001,   1.188133107996697E-001
   2.681493765331290E+004,   2.681493775331290E+004,   2.681493755331290E+004,   2.681493765331290E+004,   0.000000000000000E+000,   1.188133099923188E-001,   1.188133099923188E-001,   1.188133099923188E-001
   2.680892959846532E+004,   2.680892969846532E+004,   2.680892949846532E+004,   2.680892959846532E+004,   0.000000000000000E+000,   1.182623306768364E-001,   1.182623306768364E-001,   1.182623306768364E-001
   2.680627437860607E+004,   2.680627447860608E+004,   2.680627427860607E+004,   2.680627437860607E+004,   0.000000000000000E+000,   1.178295046787248E-001,   1.178295046787248E-001,   1.178295046787248E-001
   2.427826633762006E+004,   2.427826643762006E+004,   2.427826623762006E+004,   2.431259264018906E+004,   3.432630256899938E+001,   1.178295048058573E-001,   1.178295048058572E-001,   1.178295048058573E-001
   2.336406719354898E+004,   2.336406729354899E+004,   2.336406709354898E+004,   2.336406719354898E+004,   0.000000000000000E+000,   1.175111079883747E-001,   1.175111079883747E-001,   1.175111079883747E-001
   2.270582404977073E+004,   2.270582414977073E+004,   2.270582394977073E+004,   2.274010380961893E+004,   3.427975984820296E+001,   1.175101935250451E-001,   1.175101935245573E-001,   1.175101935255330E-001
   2.264106890610206E+004,   2.264106900610207E+004,   2.264106880610206E+004,   2.267531715002347E+004,   3.424824392140727E+001,   1.172942211700222E-001,   1.172942211700077E-001,   1.172942211700366E-001
   2.258822823525739E+004,   2.258822833525739E+004,   2.258822813525738E+004,   2.262245677762051E+004,   3.422854236312924E+001,   1.171593112304617E-001,   1.171593112304615E-001,   1.171593112304620E-001
   2.203477593272398E+004,   2.203477603272398E+004,   2.203477583272398E+004,   2.203477593272398E+004,   0.000000000000000E+000,   1.170838070684855E-001,   1.170838070684855E-001,   1.170838070684855E-001
   2.112861916317982E+004,   2.112861926317982E+004,   2.112861906317982E+004,   2.116283666619671E+004,   3.421750301689099E+001,   1.170837512711030E-001,   1.170837512710737E-001,   1.170837512711324E-001
   2.110249156249527E+004,   2.110249166249527E+004,   2.110249146249527E+004,   2.113670362384683E+004,   3.421206135155808E+001,   1.170465141922778E-001,   1.170465141922776E-001,   1.170465141922780E-001
   2.063204644089440E+004,   2.063204654089440E+004,   2.063204634089440E+004,   2.063204644089440E+004,   0.000000000000000E+000,   1.170306094976327E-001,   1.170306094976327E-001,   1.170306094976327E-001
   2.013342308365198E+004,   2.013342318365198E+004,   2.013342298365198E+004,   2.016763281650492E+004,   3.420973285294167E+001,   1.170305821869537E-001,   1.170305821869393E-001,   1.170305821869681E-001
   2.012118350300062E+004,   2.012118360300062E+004,   2.012118340300061E+004,   2.015539240558062E+004,   3.420890258000145E+001,   1.170249015728036E-001,   1.170249015728036E-001,   1.170249015728036E-001
   1.875185489656306E+004,   1.875185499656306E+004,   1.875185479656306E+004,   1.878606379466122E+004,   3.420889809815708E+001,   1.170248709090118E-001,   1.170248709089955E-001,   1.170248709090281E-001
   1.869342583888514E+004,   1.869342593888515E+004,   1.869342573888514E+004,   1.872763449713888E+004,   3.420865825373403E+001,   1.170232299520838E-001,   1.170232299520838E-001,   1.170232299520838E-001
   1.719986618960684E+004,   1.719986628960684E+004,   1.719986608960684E+004,   1.723407484747489E+004,   3.420865786805007E+001,   1.170232273133411E-001,   1.170232273133396E-001,   1.170232273133426E-001
   1.708807003982438E+004,   1.708807013982438E+004,   1.708806993982437E+004,   1.708807003982438E+004,   0.000000000000000E+000,   1.170228446234084E-001,   1.170228446234084E-001,   1.170228446234084E-001
   1.595690758842186E+004,   1.595690768842186E+004,   1.595690748842186E+004,   1.599111619031348E+004,   3.420860189161976E+001,   1.170228443379336E-001,   1.170228443379335E-001,   1.170228443379338E-001
   1.515102834778070E+004,   1.515102844778070E+004,   1.515102824778070E+004,   1.515102834778070E+004,   0.000000000000000E+000,   1.170227776341423E-001,   1.170227776341423E-001,   1.170227776341423E-001
   1.430358671600483E+004,   1.430358681600483E+004,   1.430358661600483E+004,   1.430358671600483E+004,   0.000000000000000E+000,   1.170227776366795E-001,   1.170227776366795E-001,   1.170227776366795E-001
   1.352770959383917E+004,   1.352770969383917E+004,   1.352770949383917E+004,   1.356191818595411E+004,   3.420859211493553E+001,   1.170227774486052E-001,   1.170227774486051E-001,   1.170227774486053E-001
   1.275370308975032E+004,   1.275370318975031E+004,   1.275370298975032E+004,   1.275370308975032E+004,   0.000000000000000E+000,   1.170227692939414E-001,   1.170227692939414E-001,   1.170227692939414E-001
   1.260740119749612E+004,   1.260740129749612E+004,   1.260740109749613E+004,   1.260740119749612E+004,   0.000000000000000E+000,   1.170227692482420E-001,   1.170227692482420E-001,   1.170227692482420E-001
   1.205209580769916E+004,   1.205209590769916E+004,   1.205209570769916E+004,   1.205209580769916E+004,   0.000000000000000E+000,   1.170227685406205E-001,   1.170227685406205E-001,   1.170227685406205E-001
   1.078887797030682E+004,   1.078887807030682E+004,   1.078887787030682E+004,   1.078887797030682E+004,   0.000000000000000E+000,   1.170227685698772E-001,   1.170227685698772E-001,   1.170227685698772E-001
   9.645702379869957E+003,   9.645702479869957E+003,   9.645702279869958E+003,   9.645702379869957E+003,   0.000000000000000E+000,   1.170227685703397E-001,   1.170227685703397E-001,   1.170227685703397E-001
   8.637687541693893E+003,   8.637687641693892E+003,   8.637687441693894E+003,   8.637687541693893E+003,   0.000000000000000E+000,   1.170227685689333E-001,   1.170227685689333E-001,   1.170227685689333E-001
   7.726081963759832E+003,   7.726082063759832E+003,   7.726081863759831E+003,   7.726081963759832E+003,   0.000000000000000E+000,   1.170227685841449E-001,   1.170227685841449E-001,   1.170227685841449E-001
   7.353606780445077E+003,   7.353606880445077E+003,   7.353606680445077E+003,   7.353606780445077E+003,   0.000000000000000E+000,   1.170227685732911E-001,   1.170227685732911E-001,   1.170227685732911E-001
   7.228285946592758E+003,   7.228286046592758E+003,   7.228285846592757E+003,   7.228285946592758E+003,   0.000000000000000E+000,   1.170227685049149E-001,   1.170227685049149E-001,   1.170227685049149E-001
   6.430367641573205E+003,   6.430367741573205E+003,   6.430367541573205E+003,   6.430367641573205E+003,   0.000000000000000E+000,   1.170227685310564E-001,   1.170227685310564E-001,   1.170227685310564E-001
   5.722060169841906E+003,   5.722060269841906E+003,   5.722060069841906E+003,   5.722060169841906E+003,   0.000000000000000E+000,   1.170227685292444E-001,   1.170227685292444E-001,   1.170227685292444E-001
   5.050921019570710E+003,   5.050921119570710E+003,   5.050920919570710E+003,   5.050921019570710E+003,   0.000000000000000E+000,   1.170227685307985E-001,   1.170227685307985E-001,   1.170227685307985E-001
   4.462806662249797E+003,   4.462806762249797E+003,   4.462806562249797E+003,   4.462806662249797E+003,   0.000000000000000E+000,   1.170227685300075E-001,   1.170227685300075E-001,   1.170227685300075E-001
   3.935052823591527E+003,   3.935052923591527E+003,   3.935052723591527E+003,   3.935052823591527E+003,   0.000000000000000E+000,   1.170227685287127E-001,   1.170227685287127E-001,   1.170227685287127E-001
   3.430500784249023E+003,   3.430500884249023E+003,   3.430500684249023E+003,   3.430500784249023E+003,   0.000000000000000E+000,   1.170227685332456E-001,   1.170227685332456E-001,   1.170227685332456E-001
   3.081766875363774E+003,   3.081766975363775E+003,   3.081766775363774E+003,   3.081766875363774E+003,   0.000000000000000E+000,   1.170227685263990E-001,   1.170227685263990E-001,   1.170227685263990E-001
   2.692694164134165E+003,   2.692694264134166E+003,   2.692694064134165E+003,   2.692694164134165E+003,   0.000000000000000E+000,   1.170227685350916E-001,   1.170227685350916E-001,   1.170227685350916E-001
   2.518172034930008E+003,   2.518172134930008E+003,   2.518171934930008E+003,   2.518172034930008E+003,   0.000000000000000E+000,   1.170227685184850E-001,   1.170227685184850E-001,   1.170227685184850E-001
   2.104532226768289E+003,   2.104532326768289E+003,   2.104532126768289E+003,   2.104532226768289E+003,   0.000000000000000E+000,   1.170227685285142E-001,   1.170227685285142E-001,   1.170227685285142E-001
   1.740735124712950E+003,   1.740735224712950E+003,   1.740735024712950E+003,   1.740735124712950E+003,   0.000000000000000E+000,   1.170227685268644E-001,   1.170227685268644E-001,   1.170227685268644E-001
   1.379574195135991E+003,   1.379574295135991E+003,   1.379574095135991E+003,   1.379574195135991E+003,   0.000000000000000E+000,   1.170227685324635E-001,   1.170227685324635E-001,   1.170227685324635E-001
   1.179120466475094E+003,   1.179120566475093E+003,   1.179120366475094E+003,   1.179120466475094E+003,   0.000000000000000E+000,   1.170227685346284E-001,   1.170227685346284E-001,   1.170227685346284E-001
   1.168847303650691E+003,   1.168847403650691E+003,   1.168847203650691E+003,   1.168847303650691E+003,   0.000000000000000E+000,   1.170227685280859E-001,   1.170227685280859E-001,   1.170227685280859E-001
   1.147450147354980E+003,   1.147450247354980E+003,   1.147450047354980E+003,   1.147450147354980E+003,   0.000000000000000E+000,   1.170227685293257E-001,   1.170227685293257E-001,   1.170227685293257E-001
   1.104421967011358E+003,   1.104422067011358E+003,   1.104421867011358E+003,   1.104421967011358E+003,   0.000000000000000E+000,   1.170227684978856E-001,   1.170227684978856E-001,   1.170227684978856E-001
  -9.038147959056825E+000,  -9.038047959056826E+000,  -9.038247959056825E+000,  -9.028147959056826E+000,   9.999999999999787E-003,   4.980900528933442E-001,   4.980637414665334E-001,   4.981163644075045E-001
  -8.297026754121536E+000,  -8.296926754121536E+000,  -8.297126754121535E+000,  -8.287026754121536E+000,   9.999999999999787E-003,   1.218467371617611E-001,   1.218035449052886E-001,   1.218899301056614E-001
  -8.288028232654995E+000,  -8.287928232654995E+000,  -8.288128232654994E+000,  -8.278028232654995E+000,   9.999999999999787E-003,   1.082288113730727E-001,   1.081862514638029E-001,   1.082713719193396E-001
  -8.263997953141113E+000,  -8.263897953141113E+000,  -8.264097953141112E+000,  -8.253997953141113E+000,   9.999999999999787E-003,   1.046490905507040E-001,   1.046069141748986E-001,   1.046912675448451E-001
  -8.186604546063780E+000,  -8.186504546063780E+000,  -8.186704546063780E+000,  -8.176604546063780E+000,   9.999999999999787E-003,   9.659265251653876E-002,   9.655069401556193E-002,   9.663461167281470E-002
  -8.061907946206080E+000,  -8.061807946206081E+000,  -8.062007946206080E+000,  -8.051907946206081E+000,   9.999999999999787E-003,   8.887656107708823E-002,   8.883626713391270E-002,   8.891685559998992E-002
  -7.458869930811686E+000,  -7.458769930811687E+000,  -7.458969930811686E+000,  -7.468869930811686E+000,  -9.999999999999787E-003,   9.414411368421054E-002,   9.418450809602216E-002,   9.410371807608993E-002
  -7.393725443724677E+000,  -7.393625443724678E+000,  -7.393825443724677E+000,  -7.403725443724677E+000,  -9.999999999999787E-003,   3.771200265301104E-002,   3.775201124985478E-002,   3.767198948210716E-002
  -7.266800545670415E+000,  -7.266700545670416E+000,  -7.266900545670415E+000,  -7.265800545670415E+000,   1.000000000000334E-003,   2.922125818839437E-003,   2.883308981111313E-003,   2.960946994460303E-003
  -7.074052214163435E+000,  -7.073952214163436E+000,  -7.074152214163435E+000,  -7.064052214163436E+000,   9.999999999999787E-003,   2.925341716225944E-002,   2.921772050081179E-002,   2.928911437732233E-002
  -6.813079028866097E+000,  -6.812979028866097E+000,  -6.813179028866097E+000,  -6.803079028866097E+000,   9.999999999999787E-003,   4.107842064001252E-002,   4.104245723027784E-002,   4.111438610555083E-002
  -6.477812069003867E+000,  -6.477712069003867E+000,  -6.477912069003867E+000,  -6.467812069003867E+000,   9.999999999999787E-003,   4.121840559849103E-002,   4.118503075120377E-002,   4.125178073513569E-002
  -6.103275615275907E+000,  -6.103175615275907E+000,  -6.103375615275906E+000,  -6.093275615275907E+000,   9.999999999999787E-003,   3.934762213604443E-002,   3.931494974394000E-002,   3.938029475427408E-002
  -5.681047579186203E+000,  -5.680947579186203E+000,  -5.681147579186202E+000,  -5.671047579186203E+000,   9.999999999999787E-003,   3.246323743213104E-002,   3.242964314995032E-002,   3.249683341513078E-002
  -5.224153374473725E+000,  -5.224053374473725E+000,  -5.224253374473725E+000,  -5.214153374473725E+000,   9.999999999999787E-003,   2.574380295684865E-002,   2.571140035836220E-002,   2.577620587733355E-002
  -4.745597639432557E+000,  -4.745497639432557E+000,  -4.745697639432557E+000,  -4.735597639432557E+000,   9.999999999999787E-003,   2.102831027745988E-002,   2.099636086770907E-002,   2.106025979109375E-002
  -4.254789667329299E+000,  -4.254689667329299E+000,  -4.254889667329299E+000,  -4.244789667329299E+000,   9.999999999999787E-003,   1.730281707920446E-002,   1.727025079526699E-002,   1.733538374180249E-002
  -3.751620847567227E+000,  -3.751520847567226E+000,  -3.751720847567227E+000,  -3.741620847567227E+000,   9.999999999999787E-003,   1.364429462738604E-002,   1.361182098575770E-002,   1.367676828780623E-002
  -3.253392688750426E+000,  -3.253292688750426E+000,  -3.253492688750427E+000,  -3.243392688750427E+000,   9.999999999999787E-003,   1.106497956281148E-002,   1.103166481670154E-002,   1.109829440639627E-002
  -2.762369651051442E+000,  -2.762269651051442E+000,  -2.762469651051442E+000,  -2.761369651051442E+000,   9.999999999998899E-004,   8.271185731313621E-003,   8.236537539313452E-003,   8.305835140645658E-003
  -2.293127092475860E+000,  -2.293027092475859E+000,  -2.293227092475860E+000,  -2.292127092475860E+000,   9.999999999998899E-004,   6.847201818860907E-003,   6.811909915221096E-003,   6.882493570355083E-003
  -1.860938650328913E+000,  -1.860838650328913E+000,  -1.861038650328913E+000,  -1.859938650328913E+000,   9.999999999998899E-004,   9.102054930609050E-003,   9.064977678176092E-003,   9.139132014808853E-003
  -1.454837485114652E+000,  -1.454737485114652E+000,  -1.454937485114652E+000,  -1.453837485114652E+000,   9.999999999998899E-004,   8.678928390844996E-003,   8.639415497550394E-003,   8.718441214596667E-003
  -1.089022841633745E+000,  -1.088922841633745E+000,  -1.089122841633745E+000,  -1.088022841633745E+000,   9.999999999998899E-004,   8.095954903981684E-003,   8.053005868225433E-003,   8.138905173216580E-003
  -7.693593545492614E-001,  -7.692593545492614E-001,  -7.694593545492614E-001,  -7.683593545492614E-001,   1.000000000000001E-003,   7.248016681655534E-003,   7.200873235145738E-003,   7.295158789706127E-003
  -5.024852253650784E-001,  -5.023852253650785E-001,  -5.025852253650784E-001,  -5.014852253650784E-001,   1.000000000000001E-003,   6.868932081987389E-003,   6.814686436552977E-003,   6.923175140837500E-003
  -2.901402814404965E-001,  -2.900402814404965E-001,  -2.902402814404965E-001,  -2.891402814404965E-001,   1.000000000000001E-003,   5.954297561809216E-003,   5.888201096847494E-003,   6.020388029581503E-003
  -1.356401930639725E-001,  -1.355401930639725E-001,  -1.357401930639724E-001,  -1.346401930639725E-001,   1.000000000000001E-003,   4.751305492437605E-003,   4.662116508481163E-003,   4.840475459477632E-003
  -3.729872324721124E-002,  -3.719872324721123E-002,  -3.739872324721124E-002,  -3.629872324721124E-002,   1.000000000000001E-003,   8.309389723964304E-004,   6.748164961707147E-004,   9.869591295760399E-004
   1.126999328287954E+009,   1.126999339557947E+009,   1.126999317017960E+009,   1.125872328959666E+009,  -1.126999328287840E+006,   2.490379523219190E-006,   2.480379523385738E-006,   2.500379523323946E-006
  -3.729872324712503E-002,  -3.719872324712502E-002,  -3.739872324712503E-002,  -3.629872324712503E-002,   1.000000000000001E-003,   8.309389723977750E-004,   6.748164961742348E-004,   9.869591295776775E-004
  -1.356401930638535E-001,  -1.355401930638535E-001,  -1.357401930638535E-001,  -1.346401930638535E-001,   1.000000000000001E-003,   4.751305492435648E-003,   4.662116508478068E-003,   4.840475459474546E-003
  -2.901402814402435E-001,  -2.900402814402435E-001,  -2.902402814402434E-001,  -2.891402814402435E-001,   1.000000000000001E-003,   5.954297561812829E-003,   5.888201096851105E-003,   6.020388029584749E-003
  -5.024852253647385E-001,  -5.023852253647385E-001,  -5.025852253647385E-001,  -5.014852253647385E-001,   1.000000000000001E-003,   6.868932081997518E-003,   6.814686436562488E-003,   6.923175140843511E-003
  -7.693593545488171E-001,  -7.692593545488171E-001,  -7.694593545488171E-001,  -7.683593545488171E-001,   1.000000000000001E-003,   7.248016681665625E-003,   7.200873235156539E-003,   7.295158789716934E-003
  -1.089022841633167E+000,  -1.088922841633167E+000,  -1.089122841633167E+000,  -1.088022841633167E+000,   9.999999999998899E-004,   8.095954903988721E-003,   8.053005868232058E-003,   8.138905173223073E-003
  -1.454837485113919E+000,  -1.454737485113919E+000,  -1.454937485113919E+000,  -1.453837485113919E+000,   9.999999999998899E-004,   8.678928390852892E-003,   8.639415497560827E-003,   8.718441214605362E-003
  -1.860938650328009E+000,  -1.860838650328009E+000,  -1.861038650328009E+000,  -1.859938650328010E+000,   9.999999999998899E-004,   9.102054930624100E-003,   9.064977678190016E-003,   9.139132014823718E-003
  -2.293127092474713E+000,  -2.293027092474713E+000,  -2.293227092474713E+000,  -2.292127092474713E+000,   9.999999999998899E-004,   6.847201818867679E-003,   6.811909915228528E-003,   6.882493570362299E-003
  -2.762369651050037E+000,  -2.762269651050036E+000,  -2.762469651050037E+000,  -2.761369651050037E+000,   9.999999999998899E-004,   8.271185731321193E-003,   8.236537539320887E-003,   8.305835140653100E-003
  -3.253392688749057E+000,  -3.253292688749057E+000,  -3.253492688749057E+000,  -3.243392688749057E+000,   9.999999999999787E-003,   1.106497956292623E-002,   1.103166481681629E-002,   1.109829440650902E-002
  -3.751620847565299E+000,  -3.751520847565299E+000,  -3.751720847565299E+000,  -3.741620847565299E+000,   9.999999999999787E-003,   1.364429462745173E-002,   1.361182098582194E-002,   1.367676828787249E-002
  -4.254789667307961E+000,  -4.254689667307961E+000,  -4.254889667307960E+000,  -4.244789667307961E+000,   9.999999999999787E-003,   1.730281707307949E-002,   1.727025078914173E-002,   1.733538373567692E-002
  -4.745597639432744E+000,  -4.745497639432744E+000,  -4.745697639432744E+000,  -4.735597639432744E+000,   9.999999999999787E-003,   2.102831027849950E-002,   2.099636086874957E-002,   2.106025979213404E-002
  -5.224153374477443E+000,  -5.224053374477443E+000,  -5.224253374477443E+000,  -5.214153374477443E+000,   9.999999999999787E-003,   2.574380295922178E-002,   2.571140036073527E-002,   2.577620587970660E-002
  -5.681047579192310E+000,  -5.680947579192310E+000,  -5.681147579192309E+000,  -5.671047579192310E+000,   9.999999999999787E-003,   3.246323743556034E-002,   3.242964315337736E-002,   3.249683341856053E-002
  -6.103275615284107E+000,  -6.103175615284107E+000,  -6.103375615284107E+000,  -6.093275615284107E+000,   9.999999999999787E-003,   3.934762214034093E-002,   3.931494974823594E-002,   3.938029475857048E-002
  -6.477812069093055E+000,  -6.477712069093055E+000,  -6.477912069093055E+000,  -6.467812069093055E+000,   9.999999999999787E-003,   4.121840563013976E-002,   4.118503078285218E-002,   4.125178076678473E-002
  -6.813079028870782E+000,  -6.812979028870783E+000,  -6.813179028870782E+000,  -6.803079028870783E+000,   9.999999999999787E-003,   4.107842064387481E-002,   4.104245723413844E-002,   4.111438610941079E-002
  -7.074052214158750E+000,  -7.073952214158751E+000,  -7.074152214158750E+000,  -7.064052214158751E+000,   9.999999999999787E-003,   2.925341716305356E-002,   2.921772050160587E-002,   2.928911437811763E-002
  -7.266800545682759E+000,  -7.266700545682760E+000,  -7.266900545682759E+000,  -7.265800545682759E+000,   1.000000000000334E-003,   2.922125826383032E-003,   2.883308988655446E-003,   2.960947002005758E-003
  -7.393725443773675E+000,  -7.393625443773675E+000,  -7.393825443773674E+000,  -7.403725443773674E+000,  -9.999999999999787E-003,   3.771200263038546E-002,   3.775201122722933E-002,   3.767198945947747E-002
  -7.458869930779387E+000,  -7.458769930779387E+000,  -7.458969930779387E+000,  -7.468869930779387E+000,  -9.999999999999787E-003,   9.414411369398920E-002,   9.418450810580080E-002,   9.410371808586937E-002
  -8.061907946180229E+000,  -8.061807946180229E+000,  -8.062007946180229E+000,  -8.051907946180229E+000,   9.999999999999787E-003,   8.887656107014652E-002,   8.883626712697140E-002,   8.891685559304929E-002
  -8.186604546033116E+000,  -8.186504546033117E+000,  -8.186704546033116E+000,  -8.176604546033117E+000,   9.999999999999787E-003,   9.659265250841710E-002,   9.655069400743932E-002,   9.663461166469338E-002
  -8.263997953117411E+000,  -8.263897953117411E+000,  -8.264097953117410E+000,  -8.253997953117411E+000,   9.999999999999787E-003,   1.046490905459475E-001,   1.046069141701405E-001,   1.046912675400884E-001
  -8.288028232605008E+000,  -8.287928232605008E+000,  -8.288128232605008E+000,  -8.278028232605008E+000,   9.999999999999787E-003,   1.082288113575026E-001,   1.081862514482337E-001,   1.082713719037693E-001
  -8.297026754128819E+000,  -8.296926754128819E+000,  -8.297126754128819E+000,  -8.287026754128819E+000,   9.999999999999787E-003,   1.218467371711122E-001,   1.218035449146392E-001,   1.218899301150126E-001
  -9.038147959016765E+000,  -9.038047959016765E+000,  -9.038247959016765E+000,  -9.028147959016765E+000,   9.999999999999787E-003,   4.980900528829268E-001,   4.980637414561165E-001,   4.981163643970873E-001
   1.104421967078796E+003,   1.104422067078796E+003,   1.104421867078796E+003,   1.104421967078796E+003,   0.000000000000000E+000,   1.170227684885776E-001,   1.170227684885776E-001,   1.170227684885776E-001
   1.147450147354829E+003,   1.147450247354829E+003,   1.147450047354829E+003,   1.147450147354829E+003,   0.000000000000000E+000,   1.170227685200176E-001,   1.170227685200176E-001,   1.170227685200176E-001
   1.168847303654460E+003,   1.168847403654460E+003,   1.168847203654460E+003,   1.168847303654460E+003,   0.000000000000000E+000,   1.170227685189634E-001,   1.170227685189634E-001,   1.170227685189634E-001
   1.184316478342620E+003,   1.184316578342620E+003,   1.184316378342620E+003,   1.184316478342620E+003,   0.000000000000000E+000,   1.170227685248114E-001,   1.170227685248114E-001,   1.170227685248114E-001
   1.378730352985831E+003,   1.378730452985831E+003,   1.378730252985831E+003,   1.378730352985831E+003,   0.000000000000000E+000,   1.170227685229770E-001,   1.170227685229770E-001,   1.170227685229770E-001
   1.728770262658251E+003,   1.728770362658251E+003,   1.728770162658251E+003,   1.728770262658251E+003,   0.000000000000000E+000,   1.170227685185441E-001,   1.170227685185441E-001,   1.170227685185441E-001
   2.109602100258136E+003,   2.109602200258136E+003,   2.109602000258136E+003,   2.109602100258136E+003,   0.000000000000000E+000,   1.170227685184680E-001,   1.170227685184680E-001,   1.170227685184680E-001
   2.519142099214583E+003,   2.519142199214583E+003,   2.519141999214583E+003,   2.519142099214583E+003,   0.000000000000000E+000,   1.170227685072737E-001,   1.170227685072737E-001,   1.170227685072737E-001
   2.634680805415487E+003,   2.634680905415487E+003,   2.634680705415486E+003,   2.634680805415487E+003,   0.000000000000000E+000,   1.170227685268374E-001,   1.170227685268374E-001,   1.170227685268374E-001
   2.993061388797434E+003,   2.993061488797434E+003,   2.993061288797434E+003,   2.993061388797434E+003,   0.000000000000000E+000,   1.170227685227184E-001,   1.170227685227184E-001,   1.170227685227184E-001
   3.472787837944309E+003,   3.472787937944309E+003,   3.472787737944309E+003,   3.472787837944309E+003,   0.000000000000000E+000,   1.170227685181368E-001,   1.170227685181368E-001,   1.170227685181368E-001
   3.939964054485793E+003,   3.939964154485793E+003,   3.939963954485793E+003,   3.939964054485793E+003,   0.000000000000000E+000,   1.170227685199835E-001,   1.170227685199835E-001,   1.170227685199835E-001
   4.447233494962572E+003,   4.447233594962572E+003,   4.447233394962572E+003,   4.447233494962572E+003,   0.000000000000000E+000,   1.170227685217832E-001,   1.170227685217832E-001,   1.170227685217832E-001
   5.046478573539124E+003,   5.046478673539124E+003,   5.046478473539124E+003,   5.046478573539124E+003,   0.000000000000000E+000,   1.170227685205344E-001,   1.170227685205344E-001,   1.170227685205344E-001
   5.700789581237758E+003,   5.700789681237758E+003,   5.700789481237758E+003,   5.700789581237758E+003,   0.000000000000000E+000,   1.170227685215562E-001,   1.170227685215562E-001,   1.170227685215562E-001
   6.439598107752193E+003,   6.439598207752193E+003,   6.439598007752193E+003,   6.439598107752193E+003,   0.000000000000000E+000,   1.170227685205468E-001,   1.170227685205468E-001,   1.170227685205468E-001
   7.232925537488426E+003,   7.232925637488426E+003,   7.232925437488426E+003,   7.232925537488426E+003,   0.000000000000000E+000,   1.170227685051587E-001,   1.170227685051587E-001,   1.170227685051587E-001
   7.631932192534987E+003,   7.631932292534987E+003,   7.631932092534987E+003,   7.631932192534987E+003,   0.000000000000000E+000,   1.170227685429375E-001,   1.170227685429375E-001,   1.170227685429375E-001
   7.736079021748067E+003,   7.736079121748067E+003,   7.736078921748067E+003,   7.736079021748067E+003,   0.000000000000000E+000,   1.170227685833386E-001,   1.170227685833386E-001,   1.170227685833386E-001
   8.625968353835859E+003,   8.625968453835858E+003,   8.625968253835859E+003,   8.625968353835859E+003,   0.000000000000000E+000,   1.170227685607654E-001,   1.170227685607654E-001,   1.170227685607654E-001
   9.645135693803230E+003,   9.645135793803229E+003,   9.645135593803230E+003,   9.645135693803230E+003,   0.000000000000000E+000,   1.170227685605282E-001,   1.170227685605282E-001,   1.170227685605282E-001
   1.078501494418489E+004,   1.078501504418489E+004,   1.078501484418489E+004,   1.078501494418489E+004,   0.000000000000000E+000,   1.170227685450352E-001,   1.170227685450352E-001,   1.170227685450352E-001
   1.160304807873576E+004,   1.160304817873576E+004,   1.160304797873576E+004,   1.163725666964114E+004,   3.420859090538033E+001,   1.170227691731724E-001,   1.170227691731724E-001,   1.170227691731725E-001
   1.191825798514566E+004,   1.191825808514566E+004,   1.191825788514566E+004,   1.191825798514566E+004,   0.000000000000000E+000,   1.170227692802814E-001,   1.170227692802814E-001,   1.170227692802814E-001
   1.275148088133759E+004,   1.275148098133759E+004,   1.275148078133759E+004,   1.275148088133759E+004,   0.000000000000000E+000,   1.170227692863822E-001,   1.170227692863822E-001,   1.170227692863822E-001
   1.425745831808786E+004,   1.425745841808786E+004,   1.425745821808786E+004,   1.425745831808786E+004,   0.000000000000000E+000,   1.170227692339653E-001,   1.170227692339653E-001,   1.170227692339653E-001
   1.498746930176666E+004,   1.498746940176666E+004,   1.498746920176666E+004,   1.502167789389731E+004,   3.420859213065523E+001,   1.170227775561566E-001,   1.170227775561565E-001,   1.170227775561566E-001
   1.533019027910581E+004,   1.533019037910581E+004,   1.533019017910581E+004,   1.533019027910581E+004,   0.000000000000000E+000,   1.170227776323173E-001,   1.170227776323173E-001,   1.170227776323173E-001
   1.583510565316805E+004,   1.583510575316805E+004,   1.583510555316805E+004,   1.586931425508233E+004,   3.420860191428437E+001,   1.170228444929933E-001,   1.170228444929933E-001,   1.170228444929935E-001
   1.680018295613655E+004,   1.680018305613655E+004,   1.680018285613655E+004,   1.680018295613655E+004,   0.000000000000000E+000,   1.170228446696419E-001,   1.170228446696419E-001,   1.170228446696419E-001
   1.813671835212571E+004,   1.813671845212571E+004,   1.813671825212571E+004,   1.813671835212571E+004,   0.000000000000000E+000,   1.170228446305090E-001,   1.170228446305090E-001,   1.170228446305090E-001
   1.882013513993162E+004,   1.882013523993162E+004,   1.882013503993162E+004,   1.885434379818190E+004,   3.420865825027431E+001,   1.170232299283943E-001,   1.170232299283942E-001,   1.170232299283943E-001
   1.884801276881951E+004,   1.884801286881951E+004,   1.884801266881951E+004,   1.888222166393193E+004,   3.420889511242058E+001,   1.170248504812662E-001,   1.170248504812391E-001,   1.170248504812933E-001
   2.010998126190677E+004,   2.010998136190677E+004,   2.010998116190677E+004,   2.014419016448666E+004,   3.420890257989595E+001,   1.170249015720780E-001,   1.170249015720780E-001,   1.170249015720780E-001
   2.012103763870418E+004,   2.012103773870418E+004,   2.012103753870418E+004,   2.015524737180754E+004,   3.420973310335830E+001,   1.170305839002906E-001,   1.170305839002771E-001,   1.170305839003040E-001
   2.061019048922912E+004,   2.061019058922913E+004,   2.061019038922912E+004,   2.061019048922912E+004,   0.000000000000000E+000,   1.170306094893886E-001,   1.170306094893886E-001,   1.170306094893886E-001
   2.109544089625861E+004,   2.109544099625861E+004,   2.109544079625861E+004,   2.112965295761114E+004,   3.421206135252214E+001,   1.170465141988673E-001,   1.170465141988671E-001,   1.170465141988675E-001
   2.118316651200730E+004,   2.118316661200730E+004,   2.118316641200730E+004,   2.121738401230810E+004,   3.421750030080511E+001,   1.170837326835499E-001,   1.170837326835107E-001,   1.170837326835891E-001
   2.202012767277480E+004,   2.202012777277481E+004,   2.202012757277480E+004,   2.202012767277480E+004,   0.000000000000000E+000,   1.170838070636225E-001,   1.170838070636225E-001,   1.170838070636225E-001
   2.259953769357547E+004,   2.259953779357547E+004,   2.259953759357547E+004,   2.263376623593255E+004,   3.422854235707564E+001,   1.171593111890114E-001,   1.171593111890112E-001,   1.171593111890117E-001
   2.264418361750230E+004,   2.264418371750230E+004,   2.264418351750230E+004,   2.267843186135629E+004,   3.424824385398824E+001,   1.172942207082365E-001,   1.172942207082218E-001,   1.172942207082511E-001
   2.271265355992692E+004,   2.271265365992692E+004,   2.271265345992692E+004,   2.274693331482425E+004,   3.427975489732853E+001,   1.175101595820812E-001,   1.175101595815751E-001,   1.175101595825873E-001
   2.344671712675051E+004,   2.344671722675052E+004,   2.344671702675051E+004,   2.344671712675051E+004,   0.000000000000000E+000,   1.175111079745322E-001,   1.175111079745322E-001,   1.175111079745322E-001
   2.435130575956405E+004,   2.435130585956405E+004,   2.435130565956404E+004,   2.438563206212416E+004,   3.432630256011544E+001,   1.178295047448667E-001,   1.178295047448666E-001,   1.178295047448667E-001
   2.680257431886994E+004,   2.680257441886994E+004,   2.680257421886994E+004,   2.680257431886994E+004,   0.000000000000000E+000,   1.178295046736695E-001,   1.178295046736695E-001,   1.178295046736695E-001
   2.680425525693800E+004,   2.680425535693800E+004,   2.680425515693800E+004,   2.680425525693800E+004,   0.000000000000000E+000,   1.182623306672355E-001,   1.182623306672355E-001,   1.182623306672355E-001
   2.680459218810459E+004,   2.680459228810460E+004,   2.680459208810459E+004,   2.680459218810459E+004,   0.000000000000000E+000,   1.188133099951047E-001,   1.188133099951047E-001,   1.188133099951047E-001
   2.710000000000000E+004,   2.710000010000000E+004,   2.709999990000000E+004,   2.710000000000000E+004,   0.000000000000000E+000,   1.188133107588581E-001,   1.188133107588581E-001,   1.188133107588581E-001
   2.757110903302871E+004,   2.757110913302871E+004,   2.757110893302871E+004,   2.757110903302871E+004,   0.000000000000000E+000,   1.188133096413797E-001,   1.188133096413797E-001,   1.188133096413797E-001
   2.803706550995386E+004,   2.803706560995386E+004,   2.803706540995386E+004,   2.803706550995386E+004,   0.000000000000000E+000,   1.188133097337508E-001,   1.188133097337508E-001,   1.188133097337508E-001
   2.851268488034703E+004,   2.851268498034703E+004,   2.851268478034703E+004,   2.851268488034703E+004,   0.000000000000000E+000,   1.188133095901131E-001,   1.188133095901131E-001,   1.188133095901131E-001
   2.897499307376758E+004,   2.897499317376758E+004,   2.897499297376758E+004,   2.897499307376758E+004,   0.000000000000000E+000,   1.188133098631657E-001,   1.188133098631657E-001,   1.188133098631657E-001
   2.946741416882021E+004,   2.946741426882022E+004,   2.946741406882021E+004,   2.946741416882021E+004,   0.000000000000000E+000,   1.188133079253809E-001,   1.188133079253809E-001,   1.188133079253809E-001
   2.968346135302766E+004,   2.968346145302766E+004,   2.968346125302766E+004,   2.971801025622105E+004,   3.454890319339029E+001,   1.193626711866138E-001,   1.193626711203666E-001,   1.193626712528609E-001
   2.968373418432684E+004,   2.968373428432684E+004,   2.968373408432684E+004,   2.971829862804550E+004,   3.456444371866746E+001,   1.194700769580808E-001,   1.194700769546146E-001,   1.194700769615470E-001
   2.968379164021122E+004,   2.968379174021122E+004,   2.968379154021122E+004,   2.971835695121901E+004,   3.456531100779466E+001,   1.194760725065585E-001,   1.194760725063573E-001,   1.194760725067597E-001
   2.968388618342442E+004,   2.968388628342442E+004,   2.968388608342442E+004,   2.971845154610652E+004,   3.456536268209675E+001,   1.194764297344814E-001,   1.194764297344696E-001,   1.194764297344932E-001
   2.968449272606236E+004,   2.968449282606236E+004,   2.968449262606236E+004,   2.971905809181746E+004,   3.456536575509745E+001,   1.194764509783787E-001,   1.194764509783780E-001,   1.194764509783794E-001
   2.968688063327729E+004,   2.968688073327729E+004,   2.968688053327729E+004,   2.972144599930013E+004,   3.456536602283450E+001,   1.194764528292522E-001,   1.194764528292522E-001,   1.194764528292522E-001
   2.978614477215231E+004,   2.978614487215232E+004,   2.978614467215231E+004,   2.978614477215231E+004,   0.000000000000000E+000,   1.194764517369941E-001,   1.194764517369941E-001,   1.194764517369941E-001
   2.980408986143093E+004,   2.980408996143093E+004,   2.980408976143093E+004,   2.980408986143093E+004,   0.000000000000000E+000,   1.194764521918837E-001,   1.194764521918837E-001,   1.194764521918837E-001
   2.980967917173911E+004,   2.980967927173911E+004,   2.980967907173911E+004,   2.980967917173911E+004,   0.000000000000000E+000,   1.194764522669660E-001,   1.194764522669660E-001,   1.194764522669660E-001
   2.981433901829052E+004,   2.981433911829052E+004,   2.981433891829052E+004,   2.981433901829052E+004,   0.000000000000000E+000,   1.194764526613490E-001,   1.194764526613490E-001,   1.194764526613490E-001
   2.987764745346089E+004,   2.987764755346089E+004,   2.987764735346089E+004,   2.991230863756937E+004,   3.466118410847412E+001,   1.201397683801652E-001,   1.201397683236781E-001,   1.201397684366523E-001
   2.987814417925772E+004,   2.987814427925772E+004,   2.987814407925772E+004,   2.991281871206580E+004,   3.467453280808331E+001,   1.202323225458866E-001,   1.202323225432190E-001,   1.202323225485542E-001
   2.987843702347750E+004,   2.987843712347750E+004,   2.987843692347750E+004,   2.991311222782488E+004,   3.467520434737889E+001,   1.202369796532598E-001,   1.202369796531207E-001,   1.202369796533990E-001
   2.987863444253240E+004,   2.987863454253240E+004,   2.987863434253240E+004,   2.991330968281922E+004,   3.467524028682237E+001,   1.202372288948991E-001,   1.202372288948918E-001,   1.202372288949064E-001
   2.987905825027006E+004,   2.987905835027006E+004,   2.987905815027006E+004,   2.991373349251935E+004,   3.467524224928638E+001,   1.202372425046738E-001,   1.202372425046735E-001,   1.202372425046742E-001
   2.993313591149023E+004,   2.993313601149023E+004,   2.993313581149023E+004,   2.994793641359742E+004,   1.480050210719855E+001,   1.202372425470188E-001,   1.202372425470187E-001,   1.202372425470188E-001
   2.994793641359742E+004,   2.994793651359743E+004,   2.994793631359742E+004,   2.996781115374562E+004,   1.987474014819600E+001,   1.202372429153499E-001,   1.202372429153499E-001,   1.202372429153499E-001
   2.997106296179961E+004,   2.997106306179961E+004,   2.997106286179961E+004,   2.997106296179961E+004,   0.000000000000000E+000,   1.202372428941614E-001,   1.202372428941614E-001,   1.202372428941614E-001
   2.999904724989777E+004,   2.999904734989777E+004,   2.999904714989776E+004,   2.999905724989776E+004,   9.999999998399289E-003,   1.046266513786690E-001,   1.046103885435525E-001,   1.046428973467604E-001
   2.999913694575565E+004,   2.999913704575565E+004,   2.999913684575565E+004,   2.999914694575565E+004,   9.999999998399289E-003,   8.165995050188476E-002,   8.161971408229354E-002,   8.170014594009747E-002
   2.999925165537345E+004,   2.999925175537345E+004,   2.999925155537345E+004,   2.999925148489309E+004,  -1.704803653410636E-004,   2.055792932788484E-003,   3.261726751988606E-003,   8.499616518968734E-004
   2.999933069460891E+004,   2.999933079460891E+004,   2.999933059460891E+004,   2.999933055999982E+004,  -1.346090866718441E-004,   1.790873414384724E-003,   3.121393888806089E-003,   4.605431318470301E-004
   2.999940240067324E+004,   2.999940250067324E+004,   2.999940230067324E+004,   2.999940229930421E+004,  -1.013690307445358E-004,   1.347258178028994E-003,   2.851791608873099E-003,   1.570112394765831E-004
   2.999946693862242E+004,   2.999946703862242E+004,   2.999946683862242E+004,   2.999946683275572E+004,  -1.058666966855526E-004,   1.370659589452779E-003,   3.064436785315787E-003,   3.228359084914969E-004
   2.999952596573689E+004,   2.999952606573689E+004,   2.999952586573689E+004,   2.999952585071568E+004,  -1.150212119682692E-004,   1.368563872047560E-003,   3.232012756155174E-003,   4.946399963447736E-004
   2.999958139001762E+004,   2.999958149001762E+004,   2.999958129001762E+004,   2.999958124332601E+004,  -1.466916110075545E-004,   1.278064925045047E-003,   3.277387559284648E-003,   7.210727402822074E-004
   2.999963468347220E+004,   2.999963478347220E+004,   2.999963458347220E+004,   2.999963468347220E+004,   0.000000000000000E+000,   8.251348302800048E-004,   2.929292765976350E-003,   1.278896302154563E-003
   2.999968688845622E+004,   2.999968698845622E+004,   2.999968678845622E+004,   2.999968688845622E+004,   0.000000000000000E+000,   8.158991639612678E-004,   3.004074912388118E-003,   1.372194647943932E-003
   2.999973863523560E+004,   2.999973873523560E+004,   2.999973853523560E+004,   2.999973863523560E+004,   0.000000000000000E+000,   1.025210333004902E-003,   3.288764228121044E-003,   1.238292485000029E-003
   2.999979031085628E+004,   2.999979041085628E+004,   2.999979021085628E+004,   2.999978931085628E+004,  -1.000000000203727E-003,   1.177239635916728E-003,   3.521225874786384E-003,   1.166715598425518E-003
   2.999984211218475E+004,   2.999984221218475E+004,   2.999984201218475E+004,   2.999984211218475E+004,   0.000000000000000E+000,   2.757494304020030E-005,   2.476780255559894E-003,   2.421613609534975E-003
   2.999989433787482E+004,   2.999989443787482E+004,   2.999989423787481E+004,   2.999989433787482E+004,   0.000000000000000E+000,   1.138532350481840E-003,   3.760902478732165E-003,   1.483826861673590E-003
   2.999994691485305E+004,   2.999994701485305E+004,   2.999994681485305E+004,   2.999994691485305E+004,   0.000000000000000E+000,   3.087016429820527E-004,   3.338185831826141E-003,   2.720779178723494E-003
   2.999221478339156E+010,   2.999221508331370E+010,   2.999221448346941E+010,   2.999228947538836E+010,   7.469199680709839E+004,   2.490379519368259E-006,   2.480379519422222E-006,   2.500379519585603E-006
