   3.012451792321761E+010,   3.012451822446279E+010,   3.012451762197243E+010,   3.012446980023461E+010,  -4.812298300170898E+004,   1.597468980528330E-006,   1.607468980323811E-006,   1.587468980291741E-006
   2.999994658458543E+004,   2.999994658468543E+004,   2.999994658448543E+004,   2.999994658480786E+004,   2.224333002232015E-007,   6.691606379032223E-006,   3.683230513398673E-006,   9.699982234846909E-006
   2.999989337346535E+004,   2.999989337356536E+004,   2.999989337336535E+004,   2.999989337392334E+004,   4.579851520247757E-007,   1.184163691881191E-005,   9.256014009048994E-006,   1.442725978794571E-005
   2.999984009660666E+004,   2.999984009670666E+004,   2.999984009650666E+004,   2.999984009747182E+004,   8.651550160720944E-007,   2.063779190329335E-005,   1.825233154867716E-005,   2.302325218005704E-005
   2.999978630358350E+004,   2.999978630368350E+004,   2.999978630348350E+004,   2.999978630516139E+004,   1.577889634063467E-006,   3.528485654457048E-005,   3.304869145358237E-005,   3.752113160942024E-005
   2.999973125228389E+004,   2.999973125238389E+004,   2.999973125218389E+004,   2.999973125509083E+004,   2.806937118293718E-006,   5.860353346979936E-005,   5.651565618654776E-005,   6.069130776564301E-005
   2.999967375539674E+004,   2.999967375549674E+004,   2.999967375529674E+004,   2.999967376026435E+004,   4.867615643888712E-006,   9.327434813331460E-005,   9.135811017667817E-005,   9.519058583342577E-005
   2.999961204132598E+004,   2.999961204142598E+004,   2.999961204122598E+004,   2.999961204946416E+004,   8.138184057315812E-006,   1.395706819457627E-004,   1.378556582639651E-004,   1.412857053441420E-004
   2.999954388021626E+004,   2.999954388031627E+004,   2.999954388011626E+004,   2.999954389297477E+004,   1.275850445381366E-005,   1.917625643277229E-004,   1.902595349816926E-004,   1.932655934194521E-004
   2.999946758871423E+004,   2.999946758881423E+004,   2.999946758861422E+004,   2.999946760668862E+004,   1.797439108486287E-005,   2.377991078680916E-004,   2.364761092638714E-004,   2.391221063071753E-004
   2.999938371688850E+004,   2.999938371698850E+004,   2.999938371678850E+004,   2.999938373911873E+004,   2.223022602265701E-005,   2.682140696368931E-004,   2.670075317063354E-004,   2.694206074994693E-004
   2.999929499443610E+004,   2.999929499453610E+004,   2.999929499433610E+004,   2.999929502039509E+004,   2.595899059087969E-005,   2.903317806792660E-004,   2.892133749848293E-004,   2.914502414508019E-004
   2.999920409025594E+004,   2.999920409035594E+004,   2.999920409015594E+004,   2.999920412295957E+004,   3.270362503826618E-005,   3.238292014277804E-004,   3.228389760070700E-004,   3.248193782332304E-004
   2.999911252101081E+004,   2.999911252111081E+004,   2.999911252091081E+004,   2.999911257734882E+004,   5.633801265503280E-005,   4.093910955920120E-004,   4.086644029194819E-004,   4.101177527754820E-004
   2.999902101214638E+004,   2.999902101224638E+004,   2.999902101204637E+004,   2.999902111413607E+004,   1.019896917568985E-004,   5.265514428737006E-004,   5.260351600137775E-004,   5.270677260441895E-004
   2.999683210493397E+004,   2.999683210503397E+004,   2.999683210483397E+004,   2.999683230460456E+004,   1.996705905185081E-004,   2.669344979732269E-003,   2.669344979732269E-003,   2.669344979732269E-003
   2.999683204759867E+004,   2.999683204769867E+004,   2.999683204749867E+004,   2.999683223912708E+004,   1.915284083224833E-004,   2.669344976570085E-003,   2.669344976570085E-003,   2.669344976570085E-003
   2.999683196636431E+004,   2.999683196646431E+004,   2.999683196626431E+004,   2.999683221216961E+004,   2.458053022564854E-004,   2.669344976002525E-003,   2.669344976002525E-003,   2.669344976002525E-003
   2.999683168531607E+004,   2.999683168541607E+004,   2.999683168521607E+004,   2.999683213211825E+004,   4.468021761567798E-004,   2.669344963907357E-003,   2.669344963907357E-003,   2.669344963907357E-003
   2.999683164253108E+004,   2.999683164263108E+004,   2.999683164243108E+004,   2.999683210493397E+004,   4.624028915714007E-004,   2.669344718135147E-003,   2.669344718135147E-003,   2.669344718135147E-003
   2.999683130460456E+004,   2.999683130470456E+004,   2.999683130450456E+004,   2.999683204759867E+004,   7.429941069858614E-004,   2.669339921564576E-003,   2.669339921564573E-003,   2.669339921564579E-003
   2.999683123912708E+004,   2.999683123922708E+004,   2.999683123902708E+004,   2.999683196636431E+004,   7.272372349689249E-004,   2.669248769719659E-003,   2.669248769719607E-003,   2.669248769719709E-003
   2.999683121216961E+004,   2.999683121226962E+004,   2.999683121206961E+004,   2.999683168531607E+004,   4.731464578071609E-004,   2.667511854345261E-003,   2.667511854344258E-003,   2.667511854346263E-003
   2.999683113211825E+004,   2.999683113221825E+004,   2.999683113201825E+004,   2.999683164253108E+004,   5.104128322273027E-004,   2.630950828606200E-003,   2.630950828583167E-003,   2.630950828629232E-003
   2.999623545377007E+004,   2.999623545387007E+004,   2.999623545367007E+004,   2.999623601065838E+004,   5.568883098021615E-004,   2.436444050831384E-003,   2.436444050831384E-003,   2.436444050831384E-003
   2.999623525303622E+004,   2.999623525313622E+004,   2.999623525293622E+004,   2.999623596752389E+004,   7.144876726670191E-004,   2.436444050005202E-003,   2.436444050005202E-003,   2.436444050005202E-003
   2.999623522996191E+004,   2.999623523006191E+004,   2.999623522986191E+004,   2.999623581834465E+004,   5.883827434445266E-004,   2.436444049825911E-003,   2.436444049825911E-003,   2.436444049825911E-003
   2.999623516528970E+004,   2.999623516538970E+004,   2.999623516518970E+004,   2.999623581794320E+004,   6.526534998556599E-004,   2.436444046277324E-003,   2.436444046277324E-003,   2.436444046277324E-003
   2.999623505173076E+004,   2.999623505183076E+004,   2.999623505163076E+004,   2.999623556618046E+004,   5.144496935827192E-004,   2.436443979199099E-003,   2.436443979199099E-003,   2.436443979199099E-003
   2.999623501065838E+004,   2.999623501075838E+004,   2.999623501055838E+004,   2.999623545377007E+004,   4.431116904015653E-004,   2.436442762935647E-003,   2.436442762935647E-003,   2.436442762935648E-003
   2.999623496752389E+004,   2.999623496762389E+004,   2.999623496742389E+004,   2.999623525303622E+004,   2.855123275367077E-004,   2.436421408005120E-003,   2.436421408005108E-003,   2.436421408005131E-003
   2.999623481834465E+004,   2.999623481844465E+004,   2.999623481824465E+004,   2.999623522996191E+004,   4.116172567592002E-004,   2.436051866145122E-003,   2.436051866144912E-003,   2.436051866145333E-003
   2.999623481794320E+004,   2.999623481804320E+004,   2.999623481784320E+004,   2.999623516528970E+004,   3.473465003480669E-004,   2.429469998497760E-003,   2.429469998493848E-003,   2.429469998501671E-003
   2.999623456618046E+004,   2.999623456628046E+004,   2.999623456608046E+004,   2.999623505173076E+004,   4.855503066210076E-004,   2.281279014855153E-003,   2.281279014747565E-003,   2.281279014962735E-003
   2.954438150709833E+004,   2.954438150719833E+004,   2.954438150699832E+004,   2.954438150709833E+004,   0.000000000000000E+000,   2.221659856556378E-003,   2.221659856556378E-003,   2.221659856556378E-003
   2.905000000000000E+004,   2.905000000010000E+004,   2.904999999990000E+004,   2.905000000000000E+004,   0.000000000000000E+000,   2.221659918094038E-003,   2.221659918094038E-003,   2.221659918094038E-003
   2.856000000000000E+004,   2.856000000010000E+004,   2.855999999990000E+004,   2.856000000000000E+004,   0.000000000000000E+000,   2.221659925340375E-003,   2.221659925340375E-003,   2.221659925340375E-003
   2.808000000000000E+004,   2.808000000010000E+004,   2.807999999990000E+004,   2.808000000000000E+004,   0.000000000000000E+000,   2.221659938174330E-003,   2.221659938174330E-003,   2.221659938174330E-003
   2.762000000000000E+004,   2.762000000010000E+004,   2.761999999990000E+004,   2.762000000000000E+004,   0.000000000000000E+000,   2.221659991188500E-003,   2.221659991188500E-003,   2.221659991188500E-003
   2.722131379621312E+004,   2.722131379631312E+004,   2.722131379611312E+004,   2.722134897939859E+004,   3.518318546775845E-002,   2.221660423039857E-003,   2.221660423039857E-003,   2.221660423039857E-003
   2.722119097989250E+004,   2.722119097999250E+004,   2.722119097979250E+004,   2.722131379621312E+004,   1.228163206178579E-001,   2.221659910977198E-003,   2.221659910977198E-003,   2.221659910977198E-003
   2.722118211085433E+004,   2.722118211095433E+004,   2.722118211075433E+004,   2.722119097989250E+004,   8.869038170814747E-003,   2.031139025156606E-003,   2.031139025156606E-003,   2.031139025156606E-003
   2.722114676841394E+004,   2.722114676851394E+004,   2.722114676831394E+004,   2.722118211085433E+004,   3.534244039110490E-002,   1.869651950602097E-003,   1.869651950602097E-003,   1.869651950602097E-003
   2.722106505307465E+004,   2.722106505317465E+004,   2.722106505297465E+004,   2.722114676841394E+004,   8.171533928907593E-002,   1.739866593579860E-003,   1.739866593579860E-003,   1.739866593579860E-003
   2.722093321993600E+004,   2.722093322003600E+004,   2.722093321983600E+004,   2.722106505307465E+004,   1.318331386501086E-001,   1.728559307294608E-003,   1.728559307288162E-003,   1.728559307301054E-003
   2.600000000000000E+004,   2.600000000010000E+004,   2.599999999990000E+004,   2.600000000000000E+004,   0.000000000000000E+000,   1.641862168339993E-003,   1.641862168339993E-003,   1.641862168339993E-003
   2.600000000000000E+004,   2.600000000010000E+004,   2.599999999990000E+004,   2.600000000000000E+004,   0.000000000000000E+000,   1.641862155301018E-003,   1.641862155301018E-003,   1.641862155301018E-003
   2.600000000000000E+004,   2.600000000010000E+004,   2.599999999990000E+004,   2.600000000000000E+004,   0.000000000000000E+000,   1.641862155301018E-003,   1.641862155301018E-003,   1.641862155301018E-003
   2.600000000000000E+004,   2.600000000010000E+004,   2.599999999990000E+004,   2.600000000000000E+004,   0.000000000000000E+000,   1.641862038226672E-003,   1.641862038226672E-003,   1.641862038226672E-003
   1.380682409627531E+004,   1.380682409637531E+004,   1.380682409617531E+004,   1.380711085226116E+004,   2.867559858495952E-001,   1.641862270793495E-003,   1.641862270793495E-003,   1.641862270793495E-003
   1.380670634523465E+004,   1.380670634533465E+004,   1.380670634513465E+004,   1.380682409627531E+004,   1.177510406560032E-001,   1.636259344927359E-003,   1.636259344924217E-003,   1.636259344930501E-003
   1.276551814028616E+004,   1.276551814038616E+004,   1.276551814018616E+004,   1.276591475991785E+004,   3.966196316869173E-001,   1.573071322395099E-003,   1.573071322395099E-003,   1.573071322395099E-003
   1.276531145597560E+004,   1.276531145607560E+004,   1.276531145587560E+004,   1.276570707028630E+004,   3.956143106934178E-001,   1.565106828253213E-003,   1.565106828248681E-003,   1.565106828257744E-003
   1.197125869849503E+004,   1.197125869859503E+004,   1.197125869839503E+004,   1.197164969113103E+004,   3.909926360029203E-001,   1.528752414082907E-003,   1.528752414082905E-003,   1.528752414082908E-003
   1.197072590119230E+004,   1.197072590129230E+004,   1.197072590109230E+004,   1.197111530195478E+004,   3.894007624840015E-001,   1.516329538227157E-003,   1.516329538219913E-003,   1.516329538234402E-003
   1.079465614830407E+004,   1.079465614840407E+004,   1.079465614820407E+004,   1.079465614830407E+004,   0.000000000000000E+000,   1.502939840294672E-003,   1.502939840294672E-003,   1.502939840294672E-003
   1.063297138036996E+004,   1.063297138046996E+004,   1.063297138026996E+004,   1.063335901633792E+004,   3.876359679561574E-001,   1.502616436539937E-003,   1.502616436539762E-003,   1.502616436540113E-003
   1.008212142082728E+004,   1.008212142092729E+004,   1.008212142072728E+004,   1.008212142082728E+004,   0.000000000000000E+000,   1.489580323011225E-003,   1.489580323011225E-003,   1.489580323011225E-003
   1.002796983777357E+004,   1.002796983787357E+004,   1.002796983767357E+004,   1.002835576125338E+004,   3.859234798073885E-001,   1.489369322673339E-003,   1.489369322673225E-003,   1.489369322673454E-003
   9.168936627725107E+003,   9.168936627825107E+003,   9.168936627625106E+003,   9.169322468678100E+003,   3.858409529930213E-001,   1.488732410065369E-003,   1.488732410064901E-003,   1.488732410065836E-003
   8.400367504789827E+003,   8.400367504889828E+003,   8.400367504689826E+003,   8.400753086357458E+003,   3.855815676306520E-001,   1.486731452965423E-003,   1.486731452963808E-003,   1.486731452967038E-003
   7.967570200762778E+003,   7.967570200862778E+003,   7.967570200662778E+003,   7.967955370545105E+003,   3.851697823274662E-001,   1.483557612183124E-003,   1.483557612183120E-003,   1.483557612183128E-003
   7.967225925644870E+003,   7.967225925744870E+003,   7.967225925544870E+003,   7.967610966194550E+003,   3.850405496805251E-001,   1.482562248980079E-003,   1.482562248979518E-003,   1.482562248980638E-003
   7.462890491267882E+003,   7.462890491367882E+003,   7.462890491167882E+003,   7.463275363079422E+003,   3.848718115405063E-001,   1.481263113187732E-003,   1.481263113187731E-003,   1.481263113187733E-003
   7.462826986810382E+003,   7.462826986910381E+003,   7.462826986710382E+003,   7.463211839171321E+003,   3.848523609394761E-001,   1.481113397203743E-003,   1.481113397203661E-003,   1.481113397203826E-003
   6.975798531573632E+003,   6.975798531673632E+003,   6.975798531473632E+003,   6.975798531573632E+003,   0.000000000000000E+000,   1.480539025202163E-003,   1.480539025202163E-003,   1.480539025202163E-003
   6.284197296474854E+003,   6.284197296574854E+003,   6.284197296374854E+003,   6.284197296474854E+003,   0.000000000000000E+000,   1.480538818879069E-003,   1.480538818879069E-003,   1.480538818879069E-003
   5.663563512850482E+003,   5.663563512950482E+003,   5.663563512750482E+003,   5.663948290509798E+003,   3.847776593156595E-001,   1.480538471081531E-003,   1.480538471081530E-003,   1.480538471081531E-003
   5.663245807432645E+003,   5.663245807532645E+003,   5.663245807332645E+003,   5.663630581778843E+003,   3.847743461983555E-001,   1.480512974922835E-003,   1.480512974922822E-003,   1.480512974922849E-003
   5.422423937055710E+003,   5.422423937155710E+003,   5.422423936955710E+003,   5.422423937055710E+003,   0.000000000000000E+000,   1.480356691131166E-003,   1.480356691131166E-003,   1.480356691131167E-003
   4.883638709906626E+003,   4.883638710006626E+003,   4.883638709806626E+003,   4.883638709906626E+003,   0.000000000000000E+000,   1.480356564217618E-003,   1.480356564217618E-003,   1.480356564217618E-003
   4.395739117755520E+003,   4.395739117855520E+003,   4.395739117655520E+003,   4.395739117755520E+003,   0.000000000000000E+000,   1.480356375152282E-003,   1.480356375152282E-003,   1.480356375152283E-003
   4.180486225018241E+003,   4.180486225118241E+003,   4.180486224918242E+003,   4.180870978741153E+003,   3.847537229112277E-001,   1.480354272937819E-003,   1.480354272937818E-003,   1.480354272937821E-003
   4.180458182736352E+003,   4.180458182836352E+003,   4.180458182636352E+003,   4.180842932419881E+003,   3.847496835287529E-001,   1.480323189756091E-003,   1.480323189756072E-003,   1.480323189756109E-003
   3.756737746328276E+003,   3.756737746428275E+003,   3.756737746228276E+003,   3.756737746328276E+003,   0.000000000000000E+000,   1.480321646269660E-003,   1.480321646269660E-003,   1.480321646269660E-003
   3.363414240839083E+003,   3.363414240939082E+003,   3.363414240739083E+003,   3.363414240839083E+003,   0.000000000000000E+000,   1.480321584530568E-003,   1.480321584530568E-003,   1.480321584530568E-003
   3.004887923317930E+003,   3.004887923417930E+003,   3.004887923217931E+003,   3.004887923317930E+003,   0.000000000000000E+000,   1.480321502948505E-003,   1.480321502948505E-003,   1.480321502948505E-003
   2.676113431150497E+003,   2.676113431250497E+003,   2.676113431050497E+003,   2.676113431150497E+003,   0.000000000000000E+000,   1.480321401105749E-003,   1.480321401105749E-003,   1.480321401105750E-003
   2.376123484510746E+003,   2.376123484610745E+003,   2.376123484410746E+003,   2.376123484510746E+003,   0.000000000000000E+000,   1.480321273236168E-003,   1.480321273236168E-003,   1.480321273236168E-003
   2.181530251428744E+003,   2.181530251528744E+003,   2.181530251328744E+003,   2.181530251428744E+003,   0.000000000000000E+000,   1.480320763123392E-003,   1.480320763123392E-003,   1.480320763123393E-003
   2.179282427034699E+003,   2.179282427134699E+003,   2.179282426934699E+003,   2.179282427034699E+003,   0.000000000000000E+000,   1.480316785351807E-003,   1.480316785351807E-003,   1.480316785351807E-003
   1.905711187122480E+003,   1.905711187222480E+003,   1.905711187022480E+003,   1.905711187122480E+003,   0.000000000000000E+000,   1.480316769440103E-003,   1.480316769440103E-003,   1.480316769440103E-003
   1.653816205036753E+003,   1.653816205136753E+003,   1.653816204936753E+003,   1.653816205036753E+003,   0.000000000000000E+000,   1.480316748209697E-003,   1.480316748209697E-003,   1.480316748209697E-003
   1.422183440406046E+003,   1.422183440506046E+003,   1.422183440306046E+003,   1.422183440406046E+003,   0.000000000000000E+000,   1.480316723352196E-003,   1.480316723352196E-003,   1.480316723352196E-003
   1.208816088666814E+003,   1.208816088766814E+003,   1.208816088566814E+003,   1.208816088666814E+003,   0.000000000000000E+000,   1.480316695028745E-003,   1.480316695028745E-003,   1.480316695028746E-003
   1.021003394195400E+003,   1.021003394295400E+003,   1.021003394095400E+003,   1.021003394195400E+003,   0.000000000000000E+000,   1.480316661997565E-003,   1.480316661997565E-003,   1.480316661997565E-003
   8.467374088617194E+002,   8.467374089617193E+002,   8.467374087617194E+002,   8.467374088617194E+002,   0.000000000000000E+000,   1.480316983266211E-003,   1.480316983266211E-003,   1.480316983266211E-003
   7.750371660607609E+002,   7.750371661607609E+002,   7.750371659607609E+002,   7.750371660607609E+002,   0.000000000000000E+000,   1.480318444631060E-003,   1.480318444631060E-003,   1.480318444631060E-003
   7.353906008836042E+002,   7.353906009836041E+002,   7.353906007836042E+002,   7.353906008836042E+002,   0.000000000000000E+000,   1.480322263450649E-003,   1.480322263450649E-003,   1.480322263450649E-003
   7.350679753780009E+002,   7.350679754780009E+002,   7.350679752780010E+002,   7.350679753780009E+002,   0.000000000000000E+000,   1.480323899200887E-003,   1.480323899200887E-003,   1.480323899200887E-003
   7.335982190660942E+002,   7.335982191660942E+002,   7.335982189660942E+002,   7.335982190660942E+002,   0.000000000000000E+000,   1.480326201531997E-003,   1.480326201531997E-003,   1.480326201531997E-003
   7.185310245985644E+002,   7.185310246985644E+002,   7.185310244985644E+002,   7.185310245985644E+002,   0.000000000000000E+000,   1.480333308894463E-003,   1.480333308894463E-003,   1.480333308894463E-003
  -3.377015570138190E+000,  -3.377015470138190E+000,  -3.377015670138189E+000,  -3.375912710827591E+000,   1.102859310599058E-003,   1.401322615026995E-001,   1.401322339585572E-001,   1.401322890468416E-001
  -3.374865575070791E+000,  -3.374865475070791E+000,  -3.374865675070791E+000,  -3.373393783254337E+000,   1.471791816454182E-003,   8.058818785242554E-002,   8.058813580386734E-002,   8.058823990098517E-002
  -3.369333006146051E+000,  -3.369332906146052E+000,  -3.369333106146051E+000,  -3.370809026230212E+000,  -1.476020084160368E-003,   3.242110031939190E-002,   3.242104996617515E-002,   3.242115067260941E-002
  -3.369068166719035E+000,  -3.369068066719035E+000,  -3.369068266719034E+000,  -3.368068166719035E+000,   9.999999999998899E-004,   4.858177329558934E-004,   4.857687016193049E-004,   4.858667642936018E-004
  -3.365912710827591E+000,  -3.365912610827591E+000,  -3.365912810827591E+000,  -3.367015570138190E+000,  -1.102859310599058E-003,   1.861442035355961E-002,   1.861446829794573E-002,   1.861437240917366E-002
  -3.363393783254337E+000,  -3.363393683254337E+000,  -3.363393883254337E+000,  -3.364865575070791E+000,  -1.471791816454182E-003,   2.230810547415683E-002,   2.230815255391421E-002,   2.230805839439858E-002
  -3.360809026230212E+000,  -3.360808926230212E+000,  -3.360809126230212E+000,  -3.359333006146052E+000,   1.476020084160368E-003,   1.013539964170388E-002,   1.013544605015458E-002,   1.013535323325185E-002
  -3.318665526729702E+000,  -3.318665426729702E+000,  -3.318665626729702E+000,  -3.317665526729702E+000,   9.999999999998899E-004,   4.758008378130557E-004,   4.757551232746312E-004,   4.758465523520445E-004
  -3.214713835992770E+000,  -3.214713735992770E+000,  -3.214713935992770E+000,  -3.213713835992770E+000,   9.999999999998899E-004,   5.279291799161359E-004,   5.278842257358401E-004,   5.279741340985654E-004
  -3.070684370816143E+000,  -3.070684270816143E+000,  -3.070684470816143E+000,  -3.069684370816143E+000,   9.999999999998899E-004,   4.990083323574945E-004,   4.989640061100984E-004,   4.990526586044694E-004
  -2.887596880511714E+000,  -2.887596780511714E+000,  -2.887596980511713E+000,  -2.886596880511714E+000,   9.999999999998899E-004,   4.721839052792566E-004,   4.721399687781965E-004,   4.722278417825112E-004
  -2.667536555671983E+000,  -2.667536455671983E+000,  -2.667536655671983E+000,  -2.666536555671983E+000,   9.999999999998899E-004,   2.708018443541063E-004,   2.707578975150600E-004,   2.708457911944911E-004
  -2.418673074385289E+000,  -2.418672974385289E+000,  -2.418673174385289E+000,  -2.417673074385289E+000,   9.999999999998899E-004,   4.827810162329835E-004,   4.827378200206717E-004,   4.828242124458398E-004
  -2.146123609031736E+000,  -2.146123509031737E+000,  -2.146123709031736E+000,  -2.145123609031736E+000,   9.999999999998899E-004,   1.176074012242204E-004,   1.175644348971959E-004,   1.176503675504075E-004
  -1.859671891173758E+000,  -1.859671791173758E+000,  -1.859671991173758E+000,  -1.858671891173758E+000,   9.999999999998899E-004,   3.873569800284871E-004,   3.873138724439393E-004,   3.874000876128810E-004
  -1.565729688145074E+000,  -1.565729588145074E+000,  -1.565729788145074E+000,  -1.564729688145074E+000,   9.999999999998899E-004,   4.386955131737306E-004,   4.386515542851331E-004,   4.387394720636726E-004
  -1.272546706994593E+000,  -1.272546606994593E+000,  -1.272546806994594E+000,  -1.273546706994593E+000,  -9.999999999998899E-004,   1.723426602939287E-004,   1.723880135986719E-004,   1.722973069917500E-004
  -9.929814143899293E-001,  -9.929813143899293E-001,  -9.929815143899292E-001,  -9.929059766812492E-001,   7.543770868001509E-005,   7.543770868006730E-005,   7.539010078603232E-005,   7.548531657273513E-005
  -7.342347247413270E-001,  -7.342346247413271E-001,  -7.342348247413270E-001,  -7.332347247413270E-001,   1.000000000000001E-003,   2.978012542288747E-004,   2.977498355964857E-004,   2.978526728607408E-004
  -5.032138076909897E-001,  -5.032137076909897E-001,  -5.032139076909896E-001,  -5.042138076909897E-001,  -1.000000000000001E-003,   3.722173357159084E-004,   3.722746295449117E-004,   3.721600418893549E-004
  -3.111247401552921E-001,  -3.111246401552921E-001,  -3.111248401552921E-001,  -3.101247401552921E-001,   1.000000000000001E-003,   1.143742435447365E-004,   1.143074118803715E-004,   1.144410752039550E-004
  -1.612149026250474E-001,  -1.612148026250474E-001,  -1.612150026250474E-001,  -1.611430050651932E-001,   7.189755985426149E-005,   7.189755985426907E-005,   7.181307081598518E-005,   7.198204887760181E-005
  -5.897364793410888E-002,  -5.897354793410888E-002,  -5.897374793410889E-002,  -5.891234774378801E-002,   6.130019032087736E-005,   7.707815493316402E-005,   7.695241605104900E-005,   7.720389375293513E-005
  -6.180211857241432E-003,  -6.180111857241432E-003,  -6.180311857241432E-003,  -6.156461314578862E-003,   2.375054266256973E-005,   7.282340505227155E-005,   7.251678643462620E-005,   7.313002214959523E-005
   9.932200110084814E+008,   9.932200209406815E+008,   9.932200010762812E+008,   9.931263367079717E+008,  -9.367430050969124E+004,   1.597468980528330E-006,   1.607468980323811E-006,   1.587468980291741E-006
  -6.180211805788709E-003,  -6.180111805788709E-003,  -6.180311805788709E-003,  -6.156461349134599E-003,   2.375045665410982E-005,   7.282314124837547E-005,   7.251652263065765E-005,   7.312975834489745E-005
  -5.897364779502152E-002,  -5.897354779502152E-002,  -5.897374779502153E-002,  -5.891234783758910E-002,   6.129995743242578E-005,   7.707786233002266E-005,   7.695212344664729E-005,   7.720360114927770E-005
  -1.612149024437773E-001,  -1.612148024437773E-001,  -1.612150024437773E-001,  -1.611430051708526E-001,   7.189727292469805E-005,   7.189727292468428E-005,   7.181278388678169E-005,   7.198176194817654E-005
  -3.111247399770837E-001,  -3.111246399770837E-001,  -3.111248399770837E-001,  -3.101247399770837E-001,   1.000000000000001E-003,   1.143739731508645E-004,   1.143071414869211E-004,   1.144408048098635E-004
  -5.032138078192906E-001,  -5.032137078192906E-001,  -5.032139078192905E-001,  -5.042138078192906E-001,  -1.000000000000001E-003,   3.722174340978800E-004,   3.722747279264151E-004,   3.721601402719104E-004
  -7.342347245941364E-001,  -7.342346245941365E-001,  -7.342348245941364E-001,  -7.332347245941364E-001,   1.000000000000001E-003,   2.978009817812792E-004,   2.977495631483722E-004,   2.978524004155170E-004
  -9.929814140933007E-001,  -9.929813140933007E-001,  -9.929815140933006E-001,  -9.929059767520669E-001,   7.543734123371948E-005,   7.543734123371184E-005,   7.538973333984399E-005,   7.548494912666974E-005
  -1.272546764907531E+000,  -1.272546664907531E+000,  -1.272546864907531E+000,  -1.273546764907531E+000,  -9.999999999998899E-004,   1.723166552725576E-004,   1.723620085752596E-004,   1.722713019703111E-004
  -1.565729687743044E+000,  -1.565729587743044E+000,  -1.565729787743044E+000,  -1.564729687743045E+000,   9.999999999998899E-004,   4.386950356428786E-004,   4.386510767534852E-004,   4.387389945323959E-004
  -1.859671889385328E+000,  -1.859671789385328E+000,  -1.859671989385328E+000,  -1.858671889385328E+000,   9.999999999998899E-004,   3.873558616400417E-004,   3.873127540544747E-004,   3.873989692242782E-004
  -2.146123607351964E+000,  -2.146123507351964E+000,  -2.146123707351964E+000,  -2.145123607351964E+000,   9.999999999998899E-004,   1.176062793488414E-004,   1.175633130241693E-004,   1.176492456748518E-004
  -2.418673073729376E+000,  -2.418672973729376E+000,  -2.418673173729376E+000,  -2.417673073729376E+000,   9.999999999998899E-004,   4.827802734566800E-004,   4.827370772448647E-004,   4.828234696696648E-004
  -2.667536553074036E+000,  -2.667536453074037E+000,  -2.667536653074036E+000,  -2.666536553074037E+000,   9.999999999998899E-004,   2.708001785298482E-004,   2.707562316903233E-004,   2.708441253698127E-004
  -2.887596879508656E+000,  -2.887596779508656E+000,  -2.887596979508656E+000,  -2.886596879508656E+000,   9.999999999998899E-004,   4.721828680530574E-004,   4.721389315510133E-004,   4.722268045554539E-004
  -3.070684367953489E+000,  -3.070684267953489E+000,  -3.070684467953489E+000,  -3.069684367953489E+000,   9.999999999998899E-004,   4.990063903262867E-004,   4.989620640795431E-004,   4.990507165738783E-004
  -3.214713844118249E+000,  -3.214713744118249E+000,  -3.214713944118249E+000,  -3.213713844118249E+000,   9.999999999998899E-004,   5.279320809189115E-004,   5.278871267374737E-004,   5.279770351006787E-004
  -3.318665524889910E+000,  -3.318665424889911E+000,  -3.318665624889910E+000,  -3.317665524889911E+000,   9.999999999998899E-004,   4.757991666085063E-004,   4.757534520695829E-004,   4.758448811474261E-004
  -3.360809014444393E+000,  -3.360808914444393E+000,  -3.360809114444392E+000,  -3.359333005924534E+000,   1.476008519858407E-003,   1.013540600853198E-002,   1.013545241698287E-002,   1.013535960008053E-002
  -3.363393769191648E+000,  -3.363393669191649E+000,  -3.363393869191648E+000,  -3.364865621330702E+000,  -1.471852139053986E-003,   2.230811305198539E-002,   2.230816013174261E-002,   2.230806597222797E-002
  -3.365912702834429E+000,  -3.365912602834429E+000,  -3.365912802834429E+000,  -3.367015575501884E+000,  -1.102872667455124E-003,   1.861442521120394E-002,   1.861447315558985E-002,   1.861437726681857E-002
  -3.369068173990339E+000,  -3.369068073990339E+000,  -3.369068273990338E+000,  -3.368068173990339E+000,   9.999999999998899E-004,   4.858201943158762E-004,   4.857711629793657E-004,   4.858692256531264E-004
  -3.369333005924534E+000,  -3.369332905924534E+000,  -3.369333105924534E+000,  -3.370809014444392E+000,  -1.476008519858407E-003,   3.242109901494050E-002,   3.242104866172325E-002,   3.242114936815757E-002
  -3.374865621330702E+000,  -3.374865521330702E+000,  -3.374865721330702E+000,  -3.373393769191648E+000,   1.471852139053986E-003,   8.058821062957776E-002,   8.058815858101896E-002,   8.058826267813787E-002
  -3.377015575501884E+000,  -3.377015475501884E+000,  -3.377015675501884E+000,  -3.375912702834429E+000,   1.102872667455124E-003,   1.401322629802274E-001,   1.401322354360854E-001,   1.401322905243692E-001
   7.379195804291834E+002,   7.379195805291833E+002,   7.379195803291834E+002,   7.379195804291834E+002,   0.000000000000000E+000,   1.480329155122975E-003,   1.480329155122975E-003,   1.480329155122975E-003
   7.489531108262505E+002,   7.489531109262505E+002,   7.489531107262505E+002,   7.489531108262505E+002,   0.000000000000000E+000,   1.480324957592097E-003,   1.480324957592097E-003,   1.480324957592097E-003
   7.542850686282848E+002,   7.542850687282847E+002,   7.542850685282848E+002,   7.542850686282848E+002,   0.000000000000000E+000,   1.480322857756198E-003,   1.480322857756198E-003,   1.480322857756198E-003
   7.556388265321411E+002,   7.556388266321411E+002,   7.556388264321412E+002,   7.556388265321411E+002,   0.000000000000000E+000,   1.480321671867663E-003,   1.480321671867663E-003,   1.480321671867663E-003
   7.817051482719251E+002,   7.817051483719250E+002,   7.817051481719251E+002,   7.817051482719251E+002,   0.000000000000000E+000,   1.480319585224366E-003,   1.480319585224366E-003,   1.480319585224367E-003
   8.498778698000937E+002,   8.498778699000936E+002,   8.498778697000937E+002,   8.498778698000937E+002,   0.000000000000000E+000,   1.480318377959636E-003,   1.480318377959636E-003,   1.480318377959636E-003
   1.013137004577455E+003,   1.013137004677455E+003,   1.013137004477455E+003,   1.013137004577455E+003,   0.000000000000000E+000,   1.480318093746007E-003,   1.480318093746007E-003,   1.480318093746007E-003
   1.209417006209069E+003,   1.209417006309069E+003,   1.209417006109069E+003,   1.209417006209069E+003,   0.000000000000000E+000,   1.480318116669373E-003,   1.480318116669373E-003,   1.480318116669373E-003
   1.422494182772936E+003,   1.422494182872937E+003,   1.422494182672936E+003,   1.422494182772936E+003,   0.000000000000000E+000,   1.480318145343397E-003,   1.480318145343397E-003,   1.480318145343397E-003
   1.653908459708312E+003,   1.653908459808312E+003,   1.653908459608312E+003,   1.653908459708312E+003,   0.000000000000000E+000,   1.480318170355876E-003,   1.480318170355876E-003,   1.480318170355876E-003
   1.905492177335473E+003,   1.905492177435473E+003,   1.905492177235473E+003,   1.905492177335473E+003,   0.000000000000000E+000,   1.480318189910096E-003,   1.480318189910096E-003,   1.480318189910096E-003
   1.929121646289381E+003,   1.929121646389381E+003,   1.929121646189381E+003,   1.929121646289381E+003,   0.000000000000000E+000,   1.480321900759024E-003,   1.480321900759024E-003,   1.480321900759024E-003
   2.149650884488102E+003,   2.149650884588102E+003,   2.149650884388102E+003,   2.149650884488102E+003,   0.000000000000000E+000,   1.480322343232368E-003,   1.480322343232368E-003,   1.480322343232369E-003
   2.378173567593247E+003,   2.378173567693247E+003,   2.378173567493247E+003,   2.378173567593247E+003,   0.000000000000000E+000,   1.480322689600653E-003,   1.480322689600653E-003,   1.480322689600655E-003
   2.675590039615578E+003,   2.675590039715578E+003,   2.675590039515579E+003,   2.675590039615578E+003,   0.000000000000000E+000,   1.480322824370883E-003,   1.480322824370883E-003,   1.480322824370883E-003
   3.003937802086102E+003,   3.003937802186102E+003,   3.003937801986102E+003,   3.003937802086102E+003,   0.000000000000000E+000,   1.480322926550628E-003,   1.480322926550628E-003,   1.480322926550628E-003
   3.363157585715503E+003,   3.363157585815502E+003,   3.363157585615503E+003,   3.363157585715503E+003,   0.000000000000000E+000,   1.480323006990744E-003,   1.480323006990744E-003,   1.480323006990744E-003
   3.756780138786048E+003,   3.756780138886048E+003,   3.756780138686048E+003,   3.756780138786048E+003,   0.000000000000000E+000,   1.480323068492384E-003,   1.480323068492384E-003,   1.480323068492384E-003
   4.188920696681854E+003,   4.188920696781854E+003,   4.188920696581854E+003,   4.188920696681854E+003,   0.000000000000000E+000,   1.480323110628815E-003,   1.480323110628815E-003,   1.480323110628815E-003
   4.191081322111149E+003,   4.191081322211149E+003,   4.191081322011149E+003,   4.191466075999140E+003,   3.847538879908825E-001,   1.480355543238368E-003,   1.480355543238366E-003,   1.480355543238370E-003
   4.395825017466764E+003,   4.395825017566764E+003,   4.395825017366764E+003,   4.395825017466764E+003,   0.000000000000000E+000,   1.480357797189029E-003,   1.480357797189029E-003,   1.480357797189029E-003
   4.883698626817417E+003,   4.883698626917417E+003,   4.883698626717417E+003,   4.883698626817417E+003,   0.000000000000000E+000,   1.480357986310814E-003,   1.480357986310814E-003,   1.480357986310815E-003
   5.422457065237200E+003,   5.422457065337200E+003,   5.422457065137201E+003,   5.422457065237200E+003,   0.000000000000000E+000,   1.480358113320051E-003,   1.480358113320051E-003,   1.480358113320051E-003
   5.667079213125718E+003,   5.667079213225717E+003,   5.667079213025718E+003,   5.667463987585454E+003,   3.847744597360361E-001,   1.480513848654434E-003,   1.480513848654420E-003,   1.480513848654449E-003
   5.667422644025281E+003,   5.667422644125281E+003,   5.667422643925282E+003,   5.667807421867304E+003,   3.847778420222312E-001,   1.480539877110557E-003,   1.480539877110557E-003,   1.480539877110557E-003
   6.283935779147358E+003,   6.283935779247357E+003,   6.283935779047358E+003,   6.283935779147358E+003,   0.000000000000000E+000,   1.480540241702671E-003,   1.480540241702671E-003,   1.480540241702671E-003
   6.975690162454386E+003,   6.975690162554386E+003,   6.975690162354386E+003,   6.975690162454386E+003,   0.000000000000000E+000,   1.480540444138130E-003,   1.480540444138130E-003,   1.480540444138130E-003
   6.998585830211619E+003,   6.998585830311619E+003,   6.998585830111620E+003,   6.998970700788989E+003,   3.848705773698384E-001,   1.481253613249325E-003,   1.481253613249318E-003,   1.481253613249331E-003
   7.297182929147983E+003,   7.297182929247982E+003,   7.297182929047983E+003,   7.297182929147983E+003,   0.000000000000000E+000,   1.481265422484986E-003,   1.481265422484986E-003,   1.481265422484986E-003
   7.972128493861566E+003,   7.972128493961566E+003,   7.972128493761566E+003,   7.972513530980254E+003,   3.850371186872508E-001,   1.482535827666579E-003,   1.482535827666003E-003,   1.482535827667155E-003
   7.972317665644302E+003,   7.972317665744302E+003,   7.972317665544302E+003,   7.972702835587835E+003,   3.851699435326736E-001,   1.483558854012241E-003,   1.483558854012237E-003,   1.483558854012245E-003
   8.507857057782756E+003,   8.507857057882757E+003,   8.507857057682755E+003,   8.508242325256617E+003,   3.852674738609494E-001,   1.484310264155910E-003,   1.484310264152858E-003,   1.484310264158961E-003
   9.164670989829261E+003,   9.164670989929262E+003,   9.164670989729260E+003,   9.165056833520321E+003,   3.858436910595628E-001,   1.488753539305514E-003,   1.488753539305058E-003,   1.488753539305972E-003
   9.165031890410402E+003,   9.165031890510403E+003,   9.165031890310402E+003,   9.165417841175833E+003,   3.859507654306071E-001,   1.489579933358137E-003,   1.489579933358136E-003,   1.489579933358138E-003
   9.676291971797364E+003,   9.676291971897364E+003,   9.676291971697363E+003,   9.676679477910093E+003,   3.875061127291701E-001,   1.501609874028876E-003,   1.501609874028140E-003,   1.501609874029611E-003
   1.062974219378329E+004,   1.062974219388329E+004,   1.062974219368329E+004,   1.063012983065737E+004,   3.876368740748148E-001,   1.502623461422636E-003,   1.502623461422464E-003,   1.502623461422809E-003
   1.075291143979393E+004,   1.075291143989393E+004,   1.075291143969393E+004,   1.075291143979393E+004,   0.000000000000000E+000,   1.502941356747814E-003,   1.502941356747814E-003,   1.502941356747814E-003
   1.134055131240799E+004,   1.134055131250799E+004,   1.134055131230799E+004,   1.134094225783005E+004,   3.909454220538464E-001,   1.528383230245163E-003,   1.528383230244962E-003,   1.528383230245365E-003
   1.155203925467844E+004,   1.155203925477844E+004,   1.155203925457844E+004,   1.155243041566062E+004,   3.911609821770980E-001,   1.530069139780177E-003,   1.530069139753531E-003,   1.530069139806824E-003
   1.213966983771132E+004,   1.213966983781132E+004,   1.213966983761132E+004,   1.214006642529316E+004,   3.965875818375935E-001,   1.572817100682551E-003,   1.572817100682414E-003,   1.572817100682689E-003
   1.242924155037443E+004,   1.242924155047443E+004,   1.242924155027443E+004,   1.242964232199072E+004,   4.007716162868746E-001,   1.606178884217138E-003,   1.606178884195593E-003,   1.606178884238683E-003
   1.243102887486601E+004,   1.243102887496601E+004,   1.243102887476601E+004,   1.243143407360757E+004,   4.051987415623444E-001,   1.641860201640886E-003,   1.641860201640884E-003,   1.641860201640888E-003
   1.345913595937835E+004,   1.345913595947835E+004,   1.345913595927835E+004,   1.345955092490178E+004,   4.149655234268721E-001,   1.721963856324696E-003,   1.721963856314321E-003,   1.721963856335071E-003
   2.600000000000000E+004,   2.600000000010000E+004,   2.599999999990000E+004,   2.600000000000000E+004,   0.000000000000000E+000,   1.721963626726305E-003,   1.721963626726305E-003,   1.721963626726305E-003
   2.600000000000000E+004,   2.600000000010000E+004,   2.599999999990000E+004,   2.600000000000000E+004,   0.000000000000000E+000,   1.721963747143845E-003,   1.721963747143845E-003,   1.721963747143845E-003
   2.600000000000000E+004,   2.600000000010000E+004,   2.599999999990000E+004,   2.600000000000000E+004,   0.000000000000000E+000,   1.721963747143845E-003,   1.721963747143845E-003,   1.721963747143845E-003
   2.600000000000000E+004,   2.600000000010000E+004,   2.599999999990000E+004,   2.600000000000000E+004,   0.000000000000000E+000,   1.721963760022265E-003,   1.721963760022265E-003,   1.721963760022265E-003
   2.720585374640930E+004,   2.720585374650930E+004,   2.720585374630930E+004,   2.720590076759824E+004,   4.702118893692386E-002,   1.729490922255884E-003,   1.729490922249985E-003,   1.729490922261784E-003
   2.720590076759824E+004,   2.720590076769824E+004,   2.720590076749823E+004,   2.720591533161937E+004,   1.456402113035438E-002,   1.739868016135999E-003,   1.739868016135999E-003,   1.739868016135999E-003
   2.720591533161937E+004,   2.720591533171937E+004,   2.720591533151937E+004,   2.720603251488823E+004,   1.171832688633003E-001,   1.869653373340184E-003,   1.869653373340184E-003,   1.869653373340184E-003
   2.720603251488823E+004,   2.720603251498823E+004,   2.720603251478823E+004,   2.720604417340304E+004,   1.165851481346181E-002,   2.031140448116691E-003,   2.031140448116691E-003,   2.031140448116691E-003
   2.720604417340304E+004,   2.720604417350304E+004,   2.720604417330304E+004,   2.720613023778757E+004,   8.606438452989096E-002,   2.221661334194085E-003,   2.221661334194085E-003,   2.221661334194085E-003
   2.720613023778757E+004,   2.720613023788757E+004,   2.720613023768757E+004,   2.720626961789453E+004,   1.393801069534675E-001,   2.221661865818371E-003,   2.221661865818371E-003,   2.221661865818371E-003
   2.762000000000000E+004,   2.762000000010000E+004,   2.761999999990000E+004,   2.762000000000000E+004,   0.000000000000000E+000,   2.221661394862735E-003,   2.221661394862735E-003,   2.221661394862735E-003
   2.808000000000000E+004,   2.808000000010000E+004,   2.807999999990000E+004,   2.808000000000000E+004,   0.000000000000000E+000,   2.221661361397993E-003,   2.221661361397993E-003,   2.221661361397993E-003
   2.856000000000000E+004,   2.856000000010000E+004,   2.855999999990000E+004,   2.856000000000000E+004,   0.000000000000000E+000,   2.221661348564037E-003,   2.221661348564037E-003,   2.221661348564037E-003
   2.905000000000000E+004,   2.905000000010000E+004,   2.904999999990000E+004,   2.905000000000000E+004,   0.000000000000000E+000,   2.221661336239413E-003,   2.221661336239413E-003,   2.221661336239413E-003
   2.954049658723345E+004,   2.954049658733345E+004,   2.954049658713345E+004,   2.954049658723345E+004,   0.000000000000000E+000,   2.221661289968053E-003,   2.221661289968053E-003,   2.221661289968053E-003
   2.999623309345869E+004,   2.999623309355869E+004,   2.999623309335869E+004,   2.999623378278011E+004,   6.893214194860775E-004,   2.281282017415342E-003,   2.281282017307762E-003,   2.281282017522923E-003
   2.999623337687592E+004,   2.999623337697592E+004,   2.999623337677592E+004,   2.999623381794682E+004,   4.410709007061087E-004,   2.429471478373944E-003,   2.429471478370032E-003,   2.429471478377855E-003
   2.999623357507427E+004,   2.999623357517427E+004,   2.999623357497427E+004,   2.999623396966542E+004,   3.945911557821091E-004,   2.436053292281958E-003,   2.436053292281747E-003,   2.436053292282168E-003
   2.999623368091465E+004,   2.999623368101466E+004,   2.999623368081465E+004,   2.999623398588185E+004,   3.049671904591378E-004,   2.436422831679456E-003,   2.436422831679444E-003,   2.436422831679468E-003
   2.999623377962142E+004,   2.999623377972142E+004,   2.999623377952142E+004,   2.999623402768312E+004,   2.480617040419020E-004,   2.436444186464711E-003,   2.436444186464710E-003,   2.436444186464712E-003
   2.999623378278011E+004,   2.999623378288011E+004,   2.999623378268011E+004,   2.999623409345869E+004,   3.106785807176493E-004,   2.436445402720455E-003,   2.436445402720455E-003,   2.436445402720455E-003
   2.999623381794682E+004,   2.999623381804682E+004,   2.999623381784682E+004,   2.999623437687592E+004,   5.589290994976182E-004,   2.436445469798520E-003,   2.436445469798520E-003,   2.436445469798520E-003
   2.999623396966542E+004,   2.999623396976542E+004,   2.999623396956542E+004,   2.999623457507427E+004,   6.054088444216177E-004,   2.436445473346732E-003,   2.436445473346732E-003,   2.436445473346732E-003
   2.999623398588185E+004,   2.999623398598185E+004,   2.999623398578184E+004,   2.999623468091465E+004,   6.950328097445890E-004,   2.436445473525941E-003,   2.436445473525941E-003,   2.436445473525941E-003
   2.999623402768312E+004,   2.999623402778312E+004,   2.999623402758312E+004,   2.999623477962142E+004,   7.519382961618248E-004,   2.436445474401552E-003,   2.436445474401552E-003,   2.436445474401552E-003
   2.999686538508494E+004,   2.999686538518494E+004,   2.999686538498494E+004,   2.999686570399896E+004,   3.189140188624151E-004,   2.630944362171208E-003,   2.630944362148171E-003,   2.630944362194245E-003
   2.999686540864851E+004,   2.999686540874851E+004,   2.999686540854851E+004,   2.999686586011899E+004,   4.514704778557643E-004,   2.667512935093016E-003,   2.667512935092012E-003,   2.667512935094019E-003
   2.999686544290469E+004,   2.999686544300469E+004,   2.999686544280469E+004,   2.999686603363428E+004,   5.907295890210662E-004,   2.669250175923420E-003,   2.669250175923369E-003,   2.669250175923472E-003
   2.999686549324061E+004,   2.999686549334061E+004,   2.999686549314061E+004,   2.999686606044752E+004,   5.672069164575078E-004,   2.669341344333054E-003,   2.669341344333052E-003,   2.669341344333057E-003
   2.999686570399896E+004,   2.999686570409896E+004,   2.999686570389896E+004,   2.999686611583219E+004,   4.118332253710832E-004,   2.669346141762432E-003,   2.669346141762432E-003,   2.669346141762433E-003
   2.999686586011899E+004,   2.999686586021899E+004,   2.999686586001898E+004,   2.999686638508494E+004,   5.249659589026123E-004,   2.669346387577375E-003,   2.669346387577375E-003,   2.669346387577375E-003
   2.999686603363428E+004,   2.999686603373428E+004,   2.999686603353428E+004,   2.999686640864851E+004,   3.750142277567647E-004,   2.669346399675302E-003,   2.669346399675302E-003,   2.669346399675302E-003
   2.999686606044752E+004,   2.999686606054752E+004,   2.999686606034752E+004,   2.999686644290469E+004,   3.824571685981937E-004,   2.669346400242962E-003,   2.669346400242962E-003,   2.669346400242962E-003
   2.999686611583219E+004,   2.999686611593219E+004,   2.999686611573219E+004,   2.999686649324061E+004,   3.774084179894999E-004,   2.669346403356336E-003,   2.669346403356336E-003,   2.669346403356336E-003
   2.999902101214848E+004,   2.999902101224848E+004,   2.999902101204848E+004,   2.999902111413634E+004,   1.019878654915374E-004,   5.265420093067677E-004,   5.260257264510317E-004,   5.270582924695355E-004
   2.999911252100913E+004,   2.999911252110913E+004,   2.999911252090913E+004,   2.999911257735040E+004,   5.634126864606515E-005,   4.094046761013368E-004,   4.086780192006194E-004,   4.101313332836513E-004
   2.999920409025573E+004,   2.999920409035573E+004,   2.999920409015573E+004,   2.999920412295971E+004,   3.270397428423166E-005,   3.238326521069508E-004,   3.228424754373989E-004,   3.248228776666820E-004
   2.999929499443592E+004,   2.999929499453592E+004,   2.999929499433592E+004,   2.999929502039585E+004,   2.595993646536954E-005,   2.903351891945867E-004,   2.892167835022116E-004,   2.914535948963976E-004
   2.999938371688780E+004,   2.999938371698780E+004,   2.999938371678780E+004,   2.999938373911829E+004,   2.223048795713112E-005,   2.682238022637402E-004,   2.670172643329385E-004,   2.694303995320171E-004
   2.999946758871410E+004,   2.999946758881410E+004,   2.999946758861410E+004,   2.999946760668870E+004,   1.797460572561249E-005,   2.378019524427629E-004,   2.364789538421004E-004,   2.391249508853816E-004
   2.999954388021617E+004,   2.999954388031617E+004,   2.999954388011617E+004,   2.999954389297483E+004,   1.275865361094475E-005,   1.917648252432995E-004,   1.902617959014650E-004,   1.932678543358293E-004
   2.999961204132592E+004,   2.999961204142592E+004,   2.999961204122592E+004,   2.999961204946420E+004,   8.138282282743603E-006,   1.395723723015960E-004,   1.378573486163908E-004,   1.412873956957876E-004
   2.999967375539658E+004,   2.999967375549658E+004,   2.999967375529658E+004,   2.999967376026438E+004,   4.867801180807874E-006,   9.327791540227194E-005,   9.136167744597873E-005,   9.519415310295750E-005
   2.999973125228380E+004,   2.999973125238380E+004,   2.999973125218380E+004,   2.999973125509091E+004,   2.807115379255265E-006,   5.860577308013799E-005,   5.651799859341777E-005,   6.069354737681797E-005
   2.999978630358349E+004,   2.999978630368349E+004,   2.999978630348349E+004,   2.999978630516140E+004,   1.577915099915117E-006,   3.528536086860468E-005,   3.304908567550111E-005,   3.752152583271835E-005
   2.999984009660666E+004,   2.999984009670666E+004,   2.999984009650666E+004,   2.999984009747182E+004,   8.651659300085157E-007,   2.063801272862405E-005,   1.825255237405188E-005,   2.302347300572486E-005
   2.999989337346535E+004,   2.999989337356535E+004,   2.999989337336535E+004,   2.999989337392333E+004,   4.579742380883545E-007,   1.184169786683511E-005,   9.256074957023743E-006,   1.442744804375562E-005
   2.999994658458542E+004,   2.999994658468543E+004,   2.999994658448542E+004,   2.999994658480785E+004,   2.224296622443944E-007,   6.691642489000636E-006,   3.683266623347454E-006,   9.700166467881631E-006
   3.012451792356523E+010,   3.012451822481041E+010,   3.012451762232005E+010,   3.012446980000251E+010,  -4.812356272125244E+004,   1.597488224616455E-006,   1.607488224497765E-006,   1.587488224466590E-006
