   0.000000000000000E+000,                       NaN,    0.000000000000000E+000,                       NaN,                       NaN,                       NaN,                       NaN,                       NaN,                       NaN,                       NaN,    0.253122734720810E-025,    0.253122734720810E-025,    0.253122734720810E-025,    0.253122734720810E-025,    0.253122734720810E-025,    0.253122734720810E-025,    0.253122734720810E-025,    0.253122734720810E-025,    0.000000000000000E+000,    0.310049347749677E-008,    0.126209809706665E-005,                       NaN
  -0.688630084368811E+005,                       NaN,    0.000000000000000E+000,                       NaN,    0.000000000000000E+000,    0.000000000000000E+000,                       NaN,    0.000000000000000E+000,    0.000000000000000E+000,                       NaN,   -0.110330610963166E-013,    0.110330703114929E-013,   -0.110329228480244E-013,   -0.110327753846067E-013,   -0.220658456960742E-013,   -0.110330610963166E-013,    0.110330703114929E-013,    0.110330703114929E-013,    0.000000000000000E+000,    0.000000000000000E+000,    0.000000000000000E+000,    0.000000000000000E+000
  -0.172959346403260E+006,                       NaN,    0.000000000000000E+000,    0.000000000000000E+000,    0.000000000000000E+000,    0.000000000000000E+000,                       NaN,    0.000000000000000E+000,    0.000000000000000E+000,                       NaN,   -0.277111178182726E-013,    0.277111423573041E-013,   -0.277107496765583E-013,   -0.277103569958634E-013,   -0.554214993531420E-013,   -0.277111178182726E-013,    0.277111423573041E-013,    0.277111423573041E-013,    0.000000000000000E+000,    0.000000000000000E+000,    0.000000000000000E+000,    0.000000000000000E+000
  -0.338290250729109E+006,                       NaN,    0.000000000000000E+000,                 -Infinity,                 -Infinity,    0.000000000000000E+000,                 -Infinity,    0.000000000000000E+000,    0.000000000000000E+000,                       NaN,   -0.542000243947925E-013,    0.542000735495996E-013,   -0.541992869592646E-013,   -0.541985003689810E-013,   -0.108398573918555E-012,   -0.542000243947925E-013,    0.542000735495996E-013,    0.542000735495996E-013,    0.000000000000000E+000,    0.000000000000000E+000,    0.000000000000000E+000,    0.000000000000000E+000
  -0.564102472069602E+006,                       NaN,    0.000000000000000E+000,                 -Infinity,                 -Infinity,    0.000000000000000E+000,                 -Infinity,    0.000000000000000E+000,    0.000000000000000E+000,                       NaN,   -0.903790969128209E-013,    0.903791800384283E-013,   -0.903778498363792E-013,   -0.903765196343820E-013,   -0.180755699672784E-012,   -0.903790969128209E-013,    0.903791800384283E-013,    0.903791800384283E-013,    0.000000000000000E+000,    0.000000000000000E+000,    0.000000000000000E+000,    0.000000000000000E+000
  -0.846514878367288E+006,                       NaN,    0.000000000000000E+000,                 -Infinity,                 -Infinity,    0.000000000000000E+000,                 -Infinity,    0.000000000000000E+000,    0.000000000000000E+000,                       NaN,   -0.135626509705416E-012,    0.135626635914066E-012,   -0.135624616283251E-012,   -0.135622596652488E-012,   -0.271249232566529E-012,   -0.135626509705416E-012,    0.135626635914066E-012,    0.135626635914066E-012,    0.000000000000000E+000,    0.000000000000000E+000,    0.000000000000000E+000,    0.000000000000000E+000
  -0.118064284927340E+007,                       NaN,    0.000000000000000E+000,                 -Infinity,                 -Infinity,    0.000000000000000E+000,                 -Infinity,    0.000000000000000E+000,    0.000000000000000E+000,                       NaN,   -0.189159660669695E-012,    0.189159838717444E-012,   -0.189156989540643E-012,   -0.189154140363896E-012,   -0.378313979081313E-012,   -0.189159660669695E-012,    0.189159838717444E-012,    0.189159838717444E-012,    0.000000000000000E+000,    0.000000000000000E+000,    0.000000000000000E+000,    0.000000000000000E+000
  -0.156054109772748E+007,                       NaN,    0.000000000000000E+000,    0.000000000000000E+000,                 -Infinity,    0.000000000000000E+000,                 -Infinity,    0.000000000000000E+000,    0.000000000000000E+000,                       NaN,   -0.250026010237620E-012,    0.250026248447258E-012,   -0.250022436540488E-012,   -0.250018624633772E-012,   -0.500044873081003E-012,   -0.250026010237620E-012,    0.250026248447258E-012,    0.250026248447258E-012,    0.000000000000000E+000,    0.000000000000000E+000,    0.000000000000000E+000,    0.000000000000000E+000
  -0.197917041551568E+007,                       NaN,    0.000000000000000E+000,    0.000000000000000E+000,                 -Infinity,    0.000000000000000E+000,                 -Infinity,    0.000000000000000E+000,    0.000000000000000E+000,                       NaN,   -0.317097753410658E-012,    0.317098059611029E-012,   -0.317093159694599E-012,   -0.317088259778225E-012,   -0.634186319389226E-012,   -0.317097753410658E-012,    0.317098059611029E-012,    0.317098059611029E-012,    0.000000000000000E+000,    0.000000000000000E+000,    0.000000000000000E+000,    0.000000000000000E+000
  -0.243136584376760E+007,                       NaN,    0.000000000000000E+000,    0.000000000000000E+000,                 -Infinity,    0.000000000000000E+000,                 -Infinity,    0.000000000000000E+000,    0.000000000000000E+000,                       NaN,   -0.389547373089168E-012,    0.389547754566689E-012,   -0.389541650041003E-012,   -0.389535545515375E-012,   -0.779083300082035E-012,   -0.389547373089168E-012,    0.389547754566689E-012,    0.389547754566689E-012,    0.000000000000000E+000,    0.000000000000000E+000,    0.000000000000000E+000,    0.000000000000000E+000
  -0.290877998299565E+007,                       NaN,    0.000000000000000E+000,    0.000000000000000E+000,                 -Infinity,    0.000000000000000E+000,                 -Infinity,    0.000000000000000E+000,    0.000000000000000E+000,                       NaN,   -0.466037469011464E-012,    0.466037932472556E-012,   -0.466030516019309E-012,   -0.466023099566121E-012,   -0.932061032038647E-012,   -0.466037469011464E-012,    0.466037932472556E-012,    0.466037932472556E-012,    0.000000000000000E+000,    0.000000000000000E+000,    0.000000000000000E+000,    0.000000000000000E+000
  -0.340377899847771E+007,                       NaN,    0.000000000000000E+000,    0.000000000000000E+000,                 -Infinity,                 -Infinity,                 -Infinity,    0.000000000000000E+000,    0.000000000000000E+000,                       NaN,   -0.545344966622640E-012,    0.545345518166338E-012,   -0.545336692186800E-012,   -0.545327866207323E-012,   -0.109067338437363E-011,   -0.545344966622640E-012,    0.545345518166338E-012,    0.545345518166338E-012,    0.000000000000000E+000,    0.000000000000000E+000,    0.000000000000000E+000,    0.000000000000000E+000
  -0.390830767460267E+007,                       NaN,    0.000000000000000E+000,    0.000000000000000E+000,                 -Infinity,                 -Infinity,                 -Infinity,    0.000000000000000E+000,    0.000000000000000E+000,                       NaN,   -0.626179278724268E-012,    0.626179923824300E-012,   -0.626169600726100E-012,   -0.626159277627962E-012,   -0.125233920145223E-011,   -0.626179278724268E-012,    0.626179923824300E-012,    0.626179923824300E-012,    0.000000000000000E+000,    0.000000000000000E+000,    0.000000000000000E+000,    0.000000000000000E+000
  -0.441145507046584E+007,                       NaN,    0.000000000000000E+000,    0.000000000000000E+000,                 -Infinity,                 -Infinity,                 -Infinity,    0.000000000000000E+000,    0.000000000000000E+000,                       NaN,   -0.706792280493333E-012,    0.706793023988852E-012,   -0.706781126334306E-012,   -0.706769228679826E-012,   -0.141356225266865E-011,   -0.706792280493333E-012,    0.706793023988852E-012,    0.706793023988852E-012,    0.000000000000000E+000,    0.000000000000000E+000,    0.000000000000000E+000,    0.000000000000000E+000
  -0.490984954509893E+007,                       NaN,    0.000000000000000E+000,    0.000000000000000E+000,                 -Infinity,                 -Infinity,                 -Infinity,    0.000000000000000E+000,    0.000000000000000E+000,                       NaN,   -0.786643776127833E-012,    0.786644622221884E-012,   -0.786631082752526E-012,   -0.786617543283237E-012,   -0.157326216550509E-011,   -0.786643776127833E-012,    0.786644622221884E-012,    0.786644622221884E-012,    0.000000000000000E+000,    0.000000000000000E+000,    0.000000000000000E+000,    0.000000000000000E+000
  -0.540128071688180E+007,                       NaN,    0.000000000000000E+000,    0.000000000000000E+000,                 -Infinity,                 -Infinity,                 -Infinity,    0.000000000000000E+000,    0.000000000000000E+000,                       NaN,   -0.865379624079910E-012,    0.865380576344652E-012,   -0.865365337897634E-012,   -0.865350099450687E-012,   -0.173073067579530E-011,   -0.865379624079910E-012,    0.865380576344652E-012,    0.865380576344652E-012,    0.000000000000000E+000,    0.000000000000000E+000,    0.000000000000000E+000,    0.000000000000000E+000
  -0.587174296860311E+007,                       NaN,    0.000000000000000E+000,    0.000000000000000E+000,                 -Infinity,                 -Infinity,                 -Infinity,    0.000000000000000E+000,    0.000000000000000E+000,                       NaN,   -0.940755877705054E-012,    0.940756939092742E-012,   -0.940739954425118E-012,   -0.940722969757568E-012,   -0.188147990885027E-011,   -0.940755877705054E-012,    0.940756939092742E-012,    0.940756939092742E-012,    0.000000000000000E+000,    0.000000000000000E+000,    0.000000000000000E+000,    0.000000000000000E+000
  -0.629115565042797E+007,                       NaN,    0.000000000000000E+000,    0.000000000000000E+000,                 -Infinity,                 -Infinity,                 -Infinity,    0.000000000000000E+000,    0.000000000000000E+000,                       NaN,   -0.100795308617698E-011,    0.100795425903573E-011,   -0.100793549057234E-011,   -0.100791672210903E-011,   -0.201587098114472E-011,   -0.100795308617698E-011,    0.100795425903573E-011,    0.100795425903573E-011,    0.000000000000000E+000,    0.000000000000000E+000,    0.000000000000000E+000,    0.000000000000000E+000
  -0.671084903502929E+007,                       NaN,    0.000000000000000E+000,    0.000000000000000E+000,                 -Infinity,                 -Infinity,                 -Infinity,    0.000000000000000E+000,    0.000000000000000E+000,                       NaN,   -0.107519526642928E-011,    0.107519655252263E-011,   -0.107517597204255E-011,   -0.107515539156256E-011,   -0.215035194408515E-011,   -0.107519526642928E-011,    0.107519655252263E-011,    0.107519655252263E-011,    0.000000000000000E+000,    0.000000000000000E+000,    0.000000000000000E+000,    0.000000000000000E+000
  -0.708942545262271E+007,                       NaN,    0.000000000000000E+000,    0.000000000000000E+000,                 -Infinity,                 -Infinity,                 -Infinity,    0.000000000000000E+000,    0.000000000000000E+000,                       NaN,   -0.113584978110056E-011,    0.113585118163008E-011,   -0.113582876990542E-011,   -0.113580635818085E-011,   -0.227165753981089E-011,   -0.113584978110056E-011,    0.113585118163008E-011,    0.113585118163008E-011,    0.000000000000000E+000,    0.000000000000000E+000,    0.000000000000000E+000,    0.000000000000000E+000
  -0.738832048975494E+007,                       NaN,    0.000000000000000E+000,    0.000000000000000E+000,                 -Infinity,                 -Infinity,                 -Infinity,    0.000000000000000E+000,    0.000000000000000E+000,                       NaN,   -0.118373793051386E-011,    0.118373944614391E-011,   -0.118371519254345E-011,   -0.118369093894307E-011,   -0.236743038508694E-011,   -0.118373793051386E-011,    0.118373944614391E-011,    0.118373944614391E-011,    0.000000000000000E+000,    0.000000000000000E+000,    0.000000000000000E+000,    0.000000000000000E+000
  -0.769837280809788E+007,                       NaN,    0.000000000000000E+000,    0.000000000000000E+000,                 -Infinity,                 -Infinity,    0.000000000000000E+000,    0.000000000000000E+000,    0.000000000000000E+000,                       NaN,   -0.123341367329931E-011,    0.123341530418331E-011,   -0.123338920625198E-011,   -0.123336310832075E-011,   -0.246677841250401E-011,   -0.123341367329931E-011,    0.123341530418331E-011,    0.123341530418331E-011,    0.000000000000000E+000,    0.000000000000000E+000,    0.000000000000000E+000,    0.000000000000000E+000
  -0.790683290950118E+007,                       NaN,    0.000000000000000E+000,    0.000000000000000E+000,                 -Infinity,                 -Infinity,    0.000000000000000E+000,    0.000000000000000E+000,    0.000000000000000E+000,                       NaN,   -0.126681254879721E-011,    0.126681429460483E-011,   -0.126678635762876E-011,   -0.126675842065278E-011,   -0.253357271525756E-011,   -0.126681254879721E-011,    0.126681429460483E-011,    0.126681429460483E-011,    0.000000000000000E+000,    0.000000000000000E+000,    0.000000000000000E+000,    0.000000000000000E+000
  -0.814960330911784E+007,                       NaN,    0.000000000000000E+000,    0.000000000000000E+000,                 -Infinity,                 -Infinity,    0.000000000000000E+000,    0.000000000000000E+000,    0.000000000000000E+000,                       NaN,   -0.130570854089150E-011,    0.130571040083623E-011,   -0.130568063740132E-011,   -0.130565087396651E-011,   -0.261136127480269E-011,   -0.130570854089150E-011,    0.130571040083623E-011,    0.130571040083623E-011,    0.000000000000000E+000,    0.000000000000000E+000,    0.000000000000000E+000,    0.000000000000000E+000
  -0.829869501276140E+007,                       NaN,    0.000000000000000E+000,    0.000000000000000E+000,                 -Infinity,                 -Infinity,    0.000000000000000E+000,    0.000000000000000E+000,    0.000000000000000E+000,                       NaN,   -0.132959555242108E-011,    0.132959752528779E-011,   -0.132956595483897E-011,   -0.132953438439025E-011,   -0.265913190967799E-011,   -0.132959555242108E-011,    0.132959752528779E-011,    0.132959752528779E-011,    0.000000000000000E+000,    0.000000000000000E+000,    0.000000000000000E+000,    0.000000000000000E+000
  -0.847915091368291E+007,                       NaN,    0.000000000000000E+000,    0.000000000000000E+000,                 -Infinity,                 -Infinity,    0.000000000000000E+000,    0.000000000000000E+000,    0.000000000000000E+000,                       NaN,   -0.135850766396868E-011,    0.135850974814077E-011,   -0.135847639654746E-011,   -0.135844304495428E-011,   -0.271695279309499E-011,   -0.135850766396868E-011,    0.135850974814077E-011,    0.135850974814077E-011,    0.000000000000000E+000,    0.000000000000000E+000,    0.000000000000000E+000,    0.000000000000000E+000
  -0.860008359897771E+007,                       NaN,    0.000000000000000E+000,    0.000000000000000E+000,                 -Infinity,                 -Infinity,    0.000000000000000E+000,    0.000000000000000E+000,    0.000000000000000E+000,                       NaN,   -0.137788310698105E-011,    0.137788530046690E-011,   -0.137785019959963E-011,   -0.137781509873249E-011,   -0.275570039919933E-011,   -0.137788310698105E-011,    0.137788530046690E-011,    0.137788530046690E-011,    0.000000000000000E+000,    0.000000000000000E+000,    0.000000000000000E+000,    0.000000000000000E+000
  -0.870546288984868E+007,                       NaN,    0.000000000000000E+000,    0.000000000000000E+000,                 -Infinity,                 -Infinity,    0.000000000000000E+000,    0.000000000000000E+000,    0.000000000000000E+000,                       NaN,   -0.139476662382072E-011,    0.139476892427922E-011,   -0.139473211160107E-011,   -0.139469529892306E-011,   -0.278946422320221E-011,   -0.139476662382072E-011,    0.139476892427922E-011,    0.139476892427922E-011,    0.000000000000000E+000,    0.000000000000000E+000,    0.000000000000000E+000,    0.000000000000000E+000
  -0.880721765500585E+007,                       NaN,    0.000000000000000E+000,    0.000000000000000E+000,                 -Infinity,                 -Infinity,    0.000000000000000E+000,    0.000000000000000E+000,    0.000000000000000E+000,                       NaN,   -0.141106943028433E-011,    0.141107183504930E-011,   -0.141103335322542E-011,   -0.141099487140169E-011,   -0.282206670645092E-011,   -0.141106943028433E-011,    0.141107183504930E-011,    0.141107183504930E-011,    0.000000000000000E+000,    0.000000000000000E+000,    0.000000000000000E+000,    0.000000000000000E+000
  -0.890809825088712E+007,                       NaN,    0.000000000000000E+000,    0.000000000000000E+000,                 -Infinity,                 -Infinity,    0.000000000000000E+000,    0.000000000000000E+000,    0.000000000000000E+000,                       NaN,   -0.142723218235567E-011,    0.142723468845896E-011,   -0.142719458498675E-011,   -0.142715448151469E-011,   -0.285438916997358E-011,   -0.142723218235567E-011,    0.142723468845896E-011,    0.142723468845896E-011,    0.000000000000000E+000,    0.000000000000000E+000,    0.000000000000000E+000,    0.000000000000000E+000
  -0.900999597455295E+007,                       NaN,    0.000000000000000E+000,    0.000000000000000E+000,                 -Infinity,                 -Infinity,    0.000000000000000E+000,    0.000000000000000E+000,    0.000000000000000E+000,                       NaN,   -0.144355789951071E-011,    0.144356050370388E-011,   -0.144351883056588E-011,   -0.144347715742804E-011,   -0.288703766113184E-011,   -0.144355789951071E-011,    0.144356050370388E-011,    0.144356050370388E-011,    0.000000000000000E+000,    0.000000000000000E+000,    0.000000000000000E+000,    0.000000000000000E+000
  -0.911003369609483E+007,                       NaN,    0.000000000000000E+000,    0.000000000000000E+000,                 -Infinity,                 -Infinity,    0.000000000000000E+000,    0.000000000000000E+000,    0.000000000000000E+000,                       NaN,   -0.145958561497818E-011,    0.145958831375267E-011,   -0.145954512709404E-011,   -0.145950194043559E-011,   -0.291909025418817E-011,   -0.145958561497818E-011,    0.145958831375267E-011,    0.145958831375267E-011,    0.000000000000000E+000,    0.000000000000000E+000,    0.000000000000000E+000,    0.000000000000000E+000
  -0.920093383010940E+007,                       NaN,    0.000000000000000E+000,    0.000000000000000E+000,                 -Infinity,                 -Infinity,    0.000000000000000E+000,    0.000000000000000E+000,    0.000000000000000E+000,                       NaN,   -0.147414933127104E-011,    0.147415212087668E-011,   -0.147410748070886E-011,   -0.147406284054125E-011,   -0.294821496141783E-011,   -0.147414933127104E-011,    0.147415212087668E-011,    0.147415212087668E-011,    0.000000000000000E+000,    0.000000000000000E+000,    0.000000000000000E+000,    0.000000000000000E+000
  -0.929432606924558E+007,                       NaN,    0.000000000000000E+000,                 -Infinity,                 -Infinity,                 -Infinity,    0.000000000000000E+000,    0.000000000000000E+000,    0.000000000000000E+000,                       NaN,   -0.148911233079626E-011,    0.148911520725806E-011,   -0.148906917719010E-011,   -0.148902314712236E-011,   -0.297813835438031E-011,   -0.148911233079626E-011,    0.148911520725806E-011,    0.148911520725806E-011,    0.000000000000000E+000,    0.000000000000000E+000,    0.000000000000000E+000,    0.000000000000000E+000
  -0.939267687595820E+007,                       NaN,    0.000000000000000E+000,                 -Infinity,                 -Infinity,                 -Infinity,    0.000000000000000E+000,    0.000000000000000E+000,    0.000000000000000E+000,                       NaN,   -0.150486978461494E-011,    0.150487274374807E-011,   -0.150482539074719E-011,   -0.150477803774655E-011,   -0.300965078149450E-011,   -0.150486978461494E-011,    0.150487274374807E-011,    0.150487274374807E-011,    0.000000000000000E+000,    0.000000000000000E+000,    0.000000000000000E+000,    0.000000000000000E+000
  -0.949047878856934E+007,                       NaN,    0.000000000000000E+000,                 -Infinity,                 -Infinity,                 -Infinity,    0.000000000000000E+000,    0.000000000000000E+000,    0.000000000000000E+000,                       NaN,   -0.152053930028252E-011,    0.152054233770530E-011,   -0.152049373188839E-011,   -0.152044512607173E-011,   -0.304098746377691E-011,   -0.152053930028252E-011,    0.152054233770530E-011,    0.152054233770530E-011,    0.000000000000000E+000,    0.000000000000000E+000,    0.000000000000000E+000,    0.000000000000000E+000
  -0.957958843127103E+007,                       NaN,    0.000000000000000E+000,                 -Infinity,                 -Infinity,                 -Infinity,    0.000000000000000E+000,    0.000000000000000E+000,    0.000000000000000E+000,                       NaN,   -0.153481616534060E-011,    0.153481927648551E-011,   -0.153476949094342E-011,   -0.153471970540160E-011,   -0.306953898188697E-011,   -0.153481616534060E-011,    0.153481927648551E-011,    0.153481927648551E-011,    0.000000000000000E+000,    0.000000000000000E+000,    0.000000000000000E+000,    0.000000000000000E+000
  -0.965982115309967E+007,                       NaN,    0.000000000000000E+000,                 -Infinity,                 -Infinity,                 -Infinity,    0.000000000000000E+000,    0.000000000000000E+000,    0.000000000000000E+000,                       NaN,   -0.154767079562019E-011,    0.154767397574268E-011,   -0.154762308639965E-011,   -0.154757219705692E-011,   -0.309524617279945E-011,   -0.154767079562019E-011,    0.154767397574268E-011,    0.154767397574268E-011,    0.000000000000000E+000,    0.000000000000000E+000,    0.000000000000000E+000,    0.000000000000000E+000
  -0.973073869472874E+007,                       NaN,    0.000000000000000E+000,                 -Infinity,                 -Infinity,                 -Infinity,    0.000000000000000E+000,    0.000000000000000E+000,    0.000000000000000E+000,                       NaN,   -0.155903297440661E-011,    0.155903621859145E-011,   -0.155898430410249E-011,   -0.155893238961385E-011,   -0.311796860820514E-011,   -0.155903297440661E-011,    0.155903621859145E-011,    0.155903621859145E-011,    0.000000000000000E+000,    0.000000000000000E+000,    0.000000000000000E+000,    0.000000000000000E+000
  -0.979244737481490E+007,                       NaN,    0.000000000000000E+000,                 -Infinity,                 -Infinity,                 -Infinity,    0.000000000000000E+000,    0.000000000000000E+000,    0.000000000000000E+000,                       NaN,   -0.156891973599334E-011,    0.156892303915847E-011,   -0.156887018084814E-011,   -0.156881732253816E-011,   -0.313774036169645E-011,   -0.156891973599334E-011,    0.156892303915847E-011,    0.156892303915847E-011,    0.000000000000000E+000,    0.000000000000000E+000,    0.000000000000000E+000,    0.000000000000000E+000
  -0.984437697378888E+007,                       NaN,    0.000000000000000E+000,                 -Infinity,                 -Infinity,                 -Infinity,    0.000000000000000E+000,    0.000000000000000E+000,    0.000000000000000E+000,                       NaN,   -0.157723972129911E-011,    0.157724307819664E-011,   -0.157718936004363E-011,   -0.157713564189101E-011,   -0.315437872008746E-011,   -0.157723972129911E-011,    0.157724307819664E-011,    0.157724307819664E-011,    0.000000000000000E+000,    0.000000000000000E+000,    0.000000000000000E+000,    0.000000000000000E+000
  -0.988576211711573E+007,                       NaN,    0.000000000000000E+000,                 -Infinity,                 -Infinity,                 -Infinity,    0.000000000000000E+000,    0.000000000000000E+000,    0.000000000000000E+000,                       NaN,   -0.158387030397234E-011,    0.158387370918627E-011,   -0.158381921785930E-011,   -0.158376472653277E-011,   -0.316763843571882E-011,   -0.158387030397234E-011,    0.158387370918627E-011,    0.158387370918627E-011,    0.000000000000000E+000,    0.000000000000000E+000,    0.000000000000000E+000,    0.000000000000000E+000
  -0.991649638036712E+007,                       NaN,    0.000000000000000E+000,                 -Infinity,                 -Infinity,                 -Infinity,    0.000000000000000E+000,    0.000000000000000E+000,    0.000000000000000E+000,                       NaN,   -0.158879443311368E-011,    0.158879788105401E-011,   -0.158874270600608E-011,   -0.158868753095863E-011,   -0.317748541201240E-011,   -0.158879443311368E-011,    0.158879788105401E-011,    0.158879788105401E-011,    0.000000000000000E+000,    0.000000000000000E+000,    0.000000000000000E+000,    0.000000000000000E+000
  -0.993556489807981E+007,                       NaN,    0.000000000000000E+000,                 -Infinity,                 -Infinity,                 -Infinity,    0.000000000000000E+000,    0.000000000000000E+000,    0.000000000000000E+000,                       NaN,   -0.159184950953391E-011,    0.159185299442658E-011,   -0.159179722805628E-011,   -0.159174146168653E-011,   -0.318359445611284E-011,   -0.159184950953391E-011,    0.159185299442658E-011,    0.159185299442658E-011,    0.000000000000000E+000,    0.000000000000000E+000,    0.000000000000000E+000,    0.000000000000000E+000
  -0.994204740539994E+007,                       NaN,    0.000000000000000E+000,                 -Infinity,                 -Infinity,                 -Infinity,    0.000000000000000E+000,    0.000000000000000E+000,    0.000000000000000E+000,                       NaN,   -0.159288809074740E-011,    0.159289160661927E-011,   -0.159283534451065E-011,   -0.159277908240263E-011,   -0.318567068902160E-011,   -0.159288809074740E-011,    0.159289160661927E-011,    0.159289160661927E-011,    0.000000000000000E+000,    0.000000000000000E+000,    0.000000000000000E+000,    0.000000000000000E+000
  -0.993597529093114E+007,                       NaN,    0.000000000000000E+000,                 -Infinity,                 -Infinity,                 -Infinity,    0.000000000000000E+000,    0.000000000000000E+000,    0.000000000000000E+000,                       NaN,   -0.159191520598261E-011,    0.159191874664071E-011,   -0.159186208789590E-011,   -0.159180542915177E-011,   -0.318372417579214E-011,   -0.159191520598261E-011,    0.159191874664071E-011,    0.159191874664071E-011,    0.311907033995807E-007,    0.000000000000000E+000,    0.000000000000000E+000,    0.000000000000000E+000
  -0.991260110422220E+007,                       NaN,    0.000000000000000E+000,                 -Infinity,                 -Infinity,                 -Infinity,    0.000000000000000E+000,    0.000000000000000E+000,    0.000000000000000E+000,                       NaN,   -0.158817023006861E-011,    0.158817378907236E-011,   -0.158811683675577E-011,   -0.158805988443994E-011,   -0.317623367351192E-011,   -0.158817023006861E-011,    0.158817378907236E-011,    0.158817378907236E-011,    0.686863708963708E-007,    0.000000000000000E+000,    0.000000000000000E+000,    0.000000000000000E+000
  -0.986295699144979E+007,                       NaN,    0.000000000000000E+000,                 -Infinity,                 -Infinity,                 -Infinity,    0.000000000000000E+000,    0.000000000000000E+000,    0.000000000000000E+000,                       NaN,   -0.158021635470377E-011,    0.158021992532877E-011,   -0.158016278704672E-011,   -0.158010564876553E-011,   -0.316032557409388E-011,   -0.158021635470377E-011,    0.158021992532877E-011,    0.158021992532877E-011,    0.112568562620742E-006,    0.000000000000000E+000,    0.000000000000000E+000,    0.000000000000000E+000
  -0.980048491947395E+007,                       NaN,    0.000000000000000E+000,                 -Infinity,                 -Infinity,                 -Infinity,    0.000000000000000E+000,    0.000000000000000E+000,    0.000000000000000E+000,                       NaN,   -0.157020722074022E-011,    0.157021079593159E-011,   -0.157015358457878E-011,   -0.157009637322695E-011,   -0.314030716915806E-011,   -0.157020722074022E-011,    0.157021079593159E-011,    0.157021079593159E-011,    0.150601496299611E-006,    0.000000000000000E+000,    0.000000000000000E+000,    0.000000000000000E+000
  -0.969719009987302E+007,                       NaN,    0.000000000000000E+000,                 -Infinity,                 -Infinity,                 -Infinity,    0.000000000000000E+000,    0.000000000000000E+000,    0.000000000000000E+000,                       NaN,   -0.155365756897957E-011,    0.155366114129231E-011,   -0.155360397600641E-011,   -0.155354681072162E-011,   -0.310720795201337E-011,   -0.155365756897957E-011,    0.155366114129231E-011,    0.155366114129231E-011,    0.198066820358597E-006,    0.000000000000000E+000,    0.000000000000000E+000,    0.000000000000000E+000
  -0.958795864629317E+007,                       NaN,    0.000000000000000E+000,                 -Infinity,                 -Infinity,                 -Infinity,    0.000000000000000E+000,    0.000000000000000E+000,    0.000000000000000E+000,                       NaN,   -0.153615677150127E-011,    0.153616033302417E-011,   -0.153610334040317E-011,   -0.153604634778344E-011,   -0.307220668080697E-011,   -0.153615677150127E-011,    0.153616033302417E-011,    0.153616033302417E-011,    0.238183277320435E-006,    0.000000000000000E+000,    0.000000000000000E+000,    0.000000000000000E+000
  -0.943771710861490E+007,                       NaN,    0.000000000000000E+000,                 -Infinity,                 -Infinity,                 -Infinity,    0.000000000000000E+000,    0.000000000000000E+000,    0.000000000000000E+000,                       NaN,   -0.151208544264277E-011,    0.151208898490135E-011,   -0.151203230055724E-011,   -0.151197561621461E-011,   -0.302406460111522E-011,   -0.151208544264277E-011,    0.151208898490135E-011,    0.151208898490135E-011,    0.284258019619367E-006,    0.000000000000000E+000,    0.000000000000000E+000,    0.000000000000000E+000
  -0.928386552567783E+007,                       NaN,    0.000000000000000E+000,                 -Infinity,                 -Infinity,                 -Infinity,    0.000000000000000E+000,    0.000000000000000E+000,    0.000000000000000E+000,                       NaN,   -0.148743572992528E-011,    0.148743924375743E-011,   -0.148738301430598E-011,   -0.148732678485627E-011,   -0.297476602861283E-011,   -0.148743572992528E-011,    0.148743924375743E-011,    0.148743924375743E-011,    0.324734295789410E-006,    0.000000000000000E+000,    0.000000000000000E+000,    0.000000000000000E+000
  -0.913084015479330E+007,                       NaN,    0.000000000000000E+000,                 -Infinity,                 -Infinity,                 -Infinity,    0.000000000000000E+000,    0.000000000000000E+000,    0.000000000000000E+000,                       NaN,   -0.146291840097683E-011,    0.146292187637262E-011,   -0.146286626199665E-011,   -0.146281064762271E-011,   -0.292573252399432E-011,   -0.146291840097683E-011,    0.146292187637262E-011,    0.146292187637262E-011,    0.360513148507309E-006,    0.000000000000000E+000,    0.000000000000000E+000,    0.000000000000000E+000
  -0.885106078805792E+007,                       NaN,    0.000000000000000E+000,                 -Infinity,                 -Infinity,                 -Infinity,    0.000000000000000E+000,    0.000000000000000E+000,    0.000000000000000E+000,                       NaN,   -0.141809285404629E-011,    0.141809627993999E-011,   -0.141804145771815E-011,   -0.141798663549871E-011,   -0.283608291543749E-011,   -0.141809285404629E-011,    0.141809627993999E-011,    0.141809627993999E-011,    0.418085310288805E-006,    0.000000000000000E+000,    0.000000000000000E+000,    0.000000000000000E+000
   0.110278327420209E+011,                       NaN,    0.000000000000000E+000,    0.000000000000000E+000,    0.000000000000000E+000,    0.000000000000000E+000,    0.000000000000000E+000,    0.000000000000000E+000,    0.000000000000000E+000,                       NaN,    0.176685359765477E-008,   -0.176685359429077E-008,    0.176685364812250E-008,    0.176685370195422E-008,    0.353370729624499E-008,    0.176685359765477E-008,   -0.176685359429077E-008,   -0.176685359429077E-008,    0.420529010402064E-004,    0.000000000000000E+000,    0.000000000000000E+000,    0.000000000000000E+000
   0.110291253923474E+011,                       NaN,    0.000000000000000E+000,    0.000000000000000E+000,    0.000000000000000E+000,    0.000000000000000E+000,    0.000000000000000E+000,    0.000000000000000E+000,    0.000000000000000E+000,                       NaN,    0.176706070299373E-008,   -0.176706069970572E-008,    0.176706075232154E-008,    0.176706080493736E-008,    0.353412150464308E-008,    0.176706070299373E-008,   -0.176706069970572E-008,   -0.176706069970572E-008,    0.420553634072081E-004,    0.000000000000000E+000,    0.000000000000000E+000,    0.000000000000000E+000
   0.110307808822014E+011,                       NaN,    0.000000000000000E+000,    0.000000000000000E+000,    0.000000000000000E+000,    0.000000000000000E+000,    0.000000000000000E+000,    0.000000000000000E+000,    0.000000000000000E+000,                       NaN,    0.176732594161773E-008,   -0.176732593842196E-008,    0.176732598956160E-008,    0.176732604070123E-008,    0.353465197912319E-008,    0.176732594161773E-008,   -0.176732593842196E-008,   -0.176732593842196E-008,    0.420585167359546E-004,    0.000000000000000E+000,    0.000000000000000E+000,    0.000000000000000E+000
   0.110329498983213E+011,                       NaN,    0.000000000000000E+000,    0.000000000000000E+000,    0.000000000000000E+000,    0.000000000000000E+000,    0.000000000000000E+000,    0.000000000000000E+000,    0.000000000000000E+000,                       NaN,    0.176767345620103E-008,   -0.176767345311662E-008,    0.176767350247420E-008,    0.176767355183177E-008,    0.353534700494840E-008,    0.176767345620103E-008,   -0.176767345311662E-008,   -0.176767345311662E-008,    0.420626478567772E-004,    0.000000000000000E+000,    0.000000000000000E+000,    0.000000000000000E+000
   0.110359031006557E+011,                       NaN,    0.000000000000000E+000,    0.000000000000000E+000,    0.000000000000000E+000,    0.000000000000000E+000,    0.000000000000000E+000,    0.000000000000000E+000,    0.000000000000000E+000,                       NaN,    0.176814661124441E-008,   -0.176814660829426E-008,    0.176814665550332E-008,    0.176814670271237E-008,    0.353629331100663E-008,    0.176814661124441E-008,   -0.176814660829426E-008,   -0.176814660829426E-008,    0.420682718910687E-004,    0.000000000000000E+000,    0.000000000000000E+000,    0.000000000000000E+000
   0.110399627203678E+011,                       NaN,    0.000000000000000E+000,    0.000000000000000E+000,    0.000000000000000E+000,    0.000000000000000E+000,    0.000000000000000E+000,    0.000000000000000E+000,    0.000000000000000E+000,                       NaN,    0.176879703386677E-008,   -0.176879703107891E-008,    0.176879707569097E-008,    0.176879712030302E-008,    0.353759415138194E-008,    0.176879703386677E-008,   -0.176879703107891E-008,   -0.176879703107891E-008,    0.420760017431021E-004,    0.000000000000000E+000,    0.000000000000000E+000,    0.000000000000000E+000
   0.110457181506398E+011,                       NaN,    0.000000000000000E+000,    0.000000000000000E+000,    0.000000000000000E+000,    0.000000000000000E+000,    0.000000000000000E+000,    0.000000000000000E+000,    0.000000000000000E+000,                       NaN,    0.176971915525951E-008,   -0.176971915266906E-008,    0.176971919412209E-008,    0.176971923557511E-008,    0.353943838824418E-008,    0.176971915525951E-008,   -0.176971915266906E-008,   -0.176971915266906E-008,    0.420869581257149E-004,    0.000000000000000E+000,    0.000000000000000E+000,    0.000000000000000E+000
   0.110542860765988E+011,                       NaN,    0.000000000000000E+000,    0.000000000000000E+000,    0.000000000000000E+000,    0.000000000000000E+000,    0.000000000000000E+000,    0.000000000000000E+000,    0.000000000000000E+000,                       NaN,    0.177109188809436E-008,   -0.177109188574653E-008,    0.177109192331712E-008,    0.177109196088770E-008,    0.354218384663423E-008,    0.177109188809436E-008,   -0.177109188574653E-008,   -0.177109188574653E-008,    0.421032632625210E-004,    0.000000000000000E+000,    0.000000000000000E+000,    0.000000000000000E+000
   0.110549505943459E+011,                       NaN,    0.000000000000000E+000,    0.000000000000000E+000,    0.000000000000000E+000,    0.000000000000000E+000,    0.000000000000000E+000,    0.000000000000000E+000,    0.000000000000000E+000,                       NaN,    0.177119835555813E-008,   -0.177119835322726E-008,    0.177119839052631E-008,    0.177119842782534E-008,    0.354239678105261E-008,    0.177119835555813E-008,   -0.177119835322726E-008,   -0.177119835322726E-008,    0.421045276049249E-004,    0.000000000000000E+000,    0.000000000000000E+000,    0.000000000000000E+000
   0.110556585897104E+011,                       NaN,    0.000000000000000E+000,    0.000000000000000E+000,    0.000000000000000E+000,    0.000000000000000E+000,    0.000000000000000E+000,    0.000000000000000E+000,    0.000000000000000E+000,                       NaN,    0.177131178890393E-008,   -0.177131178659027E-008,    0.177131182361399E-008,    0.177131186063769E-008,    0.354262364722797E-008,    0.177131178890393E-008,   -0.177131178659027E-008,   -0.177131178659027E-008,    0.421058746280954E-004,    0.000000000000000E+000,    0.000000000000000E+000,    0.000000000000000E+000
   0.110563520451304E+011,                       NaN,    0.000000000000000E+000,    0.000000000000000E+000,    0.000000000000000E+000,    0.000000000000000E+000,    0.000000000000000E+000,    0.000000000000000E+000,    0.000000000000000E+000,                       NaN,    0.177142289269356E-008,   -0.177142289039735E-008,    0.177142292714188E-008,    0.177142296388640E-008,    0.354284585428375E-008,    0.177142289269356E-008,   -0.177142289039735E-008,   -0.177142289039735E-008,    0.421071939459751E-004,    0.000000000000000E+000,    0.000000000000000E+000,    0.000000000000000E+000
   0.110570843772768E+011,                       NaN,    0.000000000000000E+000,    0.000000000000000E+000,    0.000000000000000E+000,    0.000000000000000E+000,    0.000000000000000E+000,    0.000000000000000E+000,    0.000000000000000E+000,                       NaN,    0.177154022522121E-008,   -0.177154022294268E-008,    0.177154025940410E-008,    0.177154029586551E-008,    0.354308051880820E-008,    0.177154022522121E-008,   -0.177154022294268E-008,   -0.177154022294268E-008,    0.421085871830118E-004,    0.000000000000000E+000,    0.000000000000000E+000,    0.000000000000000E+000
   0.110578624793234E+011,                       NaN,    0.000000000000000E+000,    0.000000000000000E+000,    0.000000000000000E+000,    0.000000000000000E+000,    0.000000000000000E+000,    0.000000000000000E+000,    0.000000000000000E+000,                       NaN,    0.177166489089507E-008,   -0.177166488863449E-008,    0.177166492480879E-008,    0.177166496098308E-008,    0.354332984961757E-008,    0.177166489089507E-008,   -0.177166488863449E-008,   -0.177166488863449E-008,    0.421100674452215E-004,    0.000000000000000E+000,    0.000000000000000E+000,    0.000000000000000E+000
   0.110586175654505E+011,                       NaN,    0.000000000000000E+000,    0.000000000000000E+000,    0.000000000000000E+000,    0.000000000000000E+000,    0.000000000000000E+000,    0.000000000000000E+000,    0.000000000000000E+000,                       NaN,    0.177178586901183E-008,   -0.177178586676945E-008,    0.177178590265255E-008,    0.177178593853564E-008,    0.354357180530510E-008,    0.177178586901183E-008,   -0.177178586676945E-008,   -0.177178586676945E-008,    0.421115038721733E-004,    0.000000000000000E+000,    0.000000000000000E+000,    0.000000000000000E+000
   0.110594526154082E+011,                       NaN,    0.000000000000000E+000,    0.000000000000000E+000,    0.000000000000000E+000,    0.000000000000000E+000,    0.000000000000000E+000,    0.000000000000000E+000,    0.000000000000000E+000,                       NaN,    0.177191965874643E-008,   -0.177191965652250E-008,    0.177191969211025E-008,    0.177191972769797E-008,    0.354383938422048E-008,    0.177191965874643E-008,   -0.177191965652250E-008,   -0.177191965652250E-008,    0.421130923600858E-004,    0.000000000000000E+000,    0.000000000000000E+000,    0.000000000000000E+000
   0.110602650809069E+011,                       NaN,    0.000000000000000E+000,    0.000000000000000E+000,    0.000000000000000E+000,    0.000000000000000E+000,    0.000000000000000E+000,    0.000000000000000E+000,    0.000000000000000E+000,                       NaN,    0.177204983005151E-008,   -0.177204982784631E-008,    0.177204986313445E-008,    0.177204989842257E-008,    0.354409972626888E-008,    0.177204983005151E-008,   -0.177204982784631E-008,   -0.177204982784631E-008,    0.421146378288230E-004,    0.000000000000000E+000,    0.000000000000000E+000,    0.000000000000000E+000
   0.110611126373004E+011,                       NaN,    0.000000000000000E+000,    0.000000000000000E+000,    0.000000000000000E+000,    0.000000000000000E+000,    0.000000000000000E+000,    0.000000000000000E+000,    0.000000000000000E+000,                       NaN,    0.177218562353750E-008,   -0.177218562135128E-008,    0.177218565633549E-008,    0.177218569131968E-008,    0.354437131267097E-008,    0.177218562353750E-008,   -0.177218562135128E-008,   -0.177218562135128E-008,    0.421162499868863E-004,    0.000000000000000E+000,    0.000000000000000E+000,    0.000000000000000E+000
   0.110619980109381E+011,                       NaN,    0.000000000000000E+000,    0.000000000000000E+000,    0.000000000000000E+000,    0.000000000000000E+000,    0.000000000000000E+000,    0.000000000000000E+000,    0.000000000000000E+000,                       NaN,    0.177232747601371E-008,   -0.177232747384676E-008,    0.177232750852262E-008,    0.177232754319846E-008,    0.354465501704523E-008,    0.177232747601371E-008,   -0.177232747384676E-008,   -0.177232747384676E-008,    0.421179340121685E-004,    0.000000000000000E+000,    0.000000000000000E+000,    0.000000000000000E+000
   0.110628877706953E+011,                       NaN,    0.000000000000000E+000,    0.000000000000000E+000,    0.000000000000000E+000,    0.000000000000000E+000,    0.000000000000000E+000,    0.000000000000000E+000,    0.000000000000000E+000,                       NaN,    0.177247003122345E-008,   -0.177247002907606E-008,    0.177247006343906E-008,    0.177247009780205E-008,    0.354494012687811E-008,    0.177247003122345E-008,   -0.177247002907606E-008,   -0.177247002907606E-008,    0.421196263122392E-004,    0.000000000000000E+000,    0.000000000000000E+000,    0.000000000000000E+000
   0.153298304459014E+011,                       NaN,    0.000000000000000E+000,    0.000000000000000E+000,    0.000000000000000E+000,    0.000000000000000E+000,    0.000000000000000E+000,    0.000000000000000E+000,    0.000000000000000E+000,                       NaN,    0.245610961648689E-008,   -0.245610961435933E-008,    0.245610964840489E-008,    0.245610968245042E-008,    0.491221929680976E-008,    0.245610961648689E-008,   -0.245610961435933E-008,   -0.245610961435933E-008,    0.495752206849950E-004,    0.000000000000000E+000,    0.000000000000000E+000,    0.000000000000000E+000
   0.153298744169755E+011,                       NaN,    0.000000000000000E+000,    0.000000000000000E+000,    0.000000000000000E+000,    0.000000000000000E+000,    0.000000000000000E+000,    0.000000000000000E+000,    0.000000000000000E+000,                       NaN,    0.245611666140952E-008,   -0.245611665930209E-008,    0.245611669302551E-008,    0.245611672674890E-008,    0.491223338605100E-008,    0.245611666140952E-008,   -0.245611665930209E-008,   -0.245611665930209E-008,    0.495752917380091E-004,    0.000000000000000E+000,    0.000000000000000E+000,    0.000000000000000E+000
   0.153299101085976E+011,                       NaN,    0.000000000000000E+000,    0.000000000000000E+000,    0.000000000000000E+000,    0.000000000000000E+000,    0.000000000000000E+000,    0.000000000000000E+000,    0.000000000000000E+000,                       NaN,    0.245612237981740E-008,   -0.245612237773040E-008,    0.245612241112688E-008,    0.245612244452334E-008,    0.491224482225375E-008,    0.245612237981740E-008,   -0.245612237773040E-008,   -0.245612237773040E-008,    0.495753494121526E-004,    0.000000000000000E+000,    0.000000000000000E+000,    0.000000000000000E+000
   0.153299444409285E+011,                       NaN,    0.000000000000000E+000,    0.000000000000000E+000,    0.000000000000000E+000,    0.000000000000000E+000,    0.000000000000000E+000,    0.000000000000000E+000,    0.000000000000000E+000,                       NaN,    0.245612788044251E-008,   -0.245612787837625E-008,    0.245612791144091E-008,    0.245612794450555E-008,    0.491225582288181E-008,    0.245612788044251E-008,   -0.245612787837625E-008,   -0.245612787837625E-008,    0.495754048897522E-004,    0.000000000000000E+000,    0.000000000000000E+000,    0.000000000000000E+000
   0.153299785946201E+011,                       NaN,                       NaN,    0.000000000000000E+000,    0.000000000000000E+000,    0.000000000000000E+000,    0.000000000000000E+000,    0.000000000000000E+000,    0.000000000000000E+000,                       NaN,    0.245613335244614E-008,   -0.245613335040092E-008,    0.245613338312878E-008,    0.245613341585661E-008,    0.491226676625755E-008,    0.245613335244614E-008,   -0.245613335040092E-008,   -0.245613335040092E-008,    0.495754600786270E-004,    0.000000000000000E+000,    0.000000000000000E+000,    0.000000000000000E+000
