   0.000000000000000E+000,   1.710809994989073E+001,   3.385721539828417E-003,   0.000000000000000E+000,   5.586745172393342E+006,   5.586762319438469E+006,  -5.697252917089078E-021,   0.000000000000000E+000,   6.364948759490220E-009
  -7.633660469794804E-002,   1.711141532982412E+001,   3.386377736227401E-003,   0.000000000000000E+000,   5.551097607915619E+006,   5.586017378813934E+006,  -5.592022006251950E-015,  -7.324080734735490E-024,   6.267830376650071E-003
  -7.332155288944335E-002,   1.712156187810063E+001,   3.388385998591498E-003,   0.000000000000000E+000,   5.579607942035456E+006,   5.584681967648559E+006,  -8.102048082458932E-016,  -2.912772615782033E-025,   9.059050712390484E-004
  -6.715070118658803E-002,   1.713848021975070E+001,   3.391734572838941E-003,   0.000000000000000E+000,   5.584416908334373E+006,   5.583410234524116E+006,   1.640333563562347E-016,  -4.120071560633429E-025,   1.833506383117005E-004
  -5.651601961753727E-002,   1.716218116599370E+001,   3.396425599318181E-003,   0.000000000000000E+000,   5.585436894616565E+006,   5.583285091937000E+006,   3.475070261504429E-016,   9.774668761287144E-025,   3.883998475408813E-004
  -5.647155661791661E-002,   1.719266537749202E+001,   3.402459208560257E-003,   0.000000000000000E+000,   5.585995485649977E+006,   5.584624689514848E+006,   2.223808675765248E-016,  -1.450898744689416E-024,   2.485072564095871E-004
  -4.070754832871280E-002,   1.722997297824629E+001,   3.409843343429390E-003,   0.000000000000000E+000,   5.586292901601098E+006,   5.583305815125767E+006,   4.813451077793951E-016,   2.871541666761839E-025,   5.379450785872745E-004
  -2.805466887925794E-002,   1.727410928549067E+001,   3.418579056482739E-003,   0.000000000000000E+000,   5.586446666306995E+006,   5.583372083791857E+006,   4.953705916497794E-016,  -3.930922574382945E-025,   5.536088723701258E-004
  -1.114289020171910E-002,   1.732510617286862E+001,   3.428672657114292E-003,   0.000000000000000E+000,   5.586576499579121E+006,   5.583406840476796E+006,   5.106117125122580E-016,   5.081120824364171E-025,   5.706334060804049E-004
   2.638241691072483E-004,   1.738298477652333E+001,   3.440128329464828E-003,   0.000000000000000E+000,   5.586558569687032E+006,   5.584736344675623E+006,   2.947382458902256E-016,  -9.792268900755927E-025,   3.293456342168775E-004
   2.227982571704534E-002,   1.744779283292634E+001,   3.452955523119054E-003,   0.000000000000000E+000,   5.586483874495726E+006,   5.583564013626501E+006,   4.706092837439095E-016,  -2.228889352795471E-024,   5.259257025344643E-004
   6.844439535423230E-002,   1.751958025844845E+001,   3.467164119038268E-003,   0.000000000000000E+000,   5.586370727053317E+006,   5.581155883411205E+006,   8.383175650491952E-016,   1.181055934192774E-024,   9.370667702624333E-004
   1.018129912440931E-001,   1.759835708117067E+001,   3.482756102265195E-003,   0.000000000000000E+000,   5.586270712480693E+006,   5.583647104634234E+006,   4.231684444878522E-016,   3.025921557513545E-024,   4.729140576346809E-004
   1.023976929165512E-001,   1.768415212807038E+001,   3.499737178914694E-003,   0.000000000000000E+000,   5.586211730919943E+006,   5.583789653512194E+006,   3.908934570964480E-016,  -9.843342043670261E-026,   4.368417104182715E-004
   1.040488567499471E-001,   1.777704617185465E+001,   3.518123338370345E-003,   0.000000000000000E+000,   5.586146487807047E+006,   5.585117103409764E+006,   1.677743233384065E-016,  -4.212505619243481E-025,   1.874744595464445E-004
   1.102639967468550E-001,   1.787709805660490E+001,   3.537926228932953E-003,   0.000000000000000E+000,   5.586070088767657E+006,   5.585104726947248E+006,   1.575328089187591E-016,   3.337908080743899E-025,   1.760317783146002E-004
   1.128627301930115E-001,   1.798436091460996E+001,   3.559156368107895E-003,   0.000000000000000E+000,   5.585993954751786E+006,   5.585082072232539E+006,   1.489816690522751E-016,   2.307133540337499E-025,   1.664779545958290E-004
   1.129618343363516E-001,   1.809890095036763E+001,   3.581826860986629E-003,   0.000000000000000E+000,   5.585916526547802E+006,   5.585891772054869E+006,   6.866444508618444E-018,  -1.670986337953543E-025,   7.672331311722195E-006
   1.148713436174642E-001,   1.822079226525215E+001,   3.605952376268826E-003,   0.000000000000000E+000,   5.585831791213737E+006,   5.585807841955992E+006,   6.756964615247973E-018,   1.054443031269879E-025,   7.550115809441836E-006
   1.156384323784682E-001,   1.835010751220191E+001,   3.631547295157291E-003,   0.000000000000000E+000,   5.585743886082475E+006,   5.585711482837440E+006,   8.132165392829855E-018,   1.498232486987992E-027,   9.086891370936342E-006
   1.163892887638361E-001,   1.848692829641327E+001,   3.658627771456441E-003,   0.000000000000000E+000,   5.585651258377844E+006,   5.585613016327399E+006,   9.089570597858347E-018,   4.710063630282925E-026,   1.015687065992075E-005
   1.166298403548547E-001,   1.863134015916598E+001,   3.687210738004038E-003,   0.000000000000000E+000,   5.585554625364626E+006,   5.585513985381957E+006,   9.496903606322221E-018,  -1.194410409737359E-025,   1.061221875370993E-005
   1.181644580272548E-001,   1.878343636791865E+001,   3.717314656853580E-003,   0.000000000000000E+000,   5.585451501689458E+006,   5.585758255018081E+006,  -4.613726768712934E-017,   1.257039493859102E-025,   5.155496992827014E-005
   1.183371550744673E-001,   1.894331177829039E+001,   3.748958304368826E-003,   0.000000000000000E+000,   5.585345638484861E+006,   5.585620103520005E+006,  -4.093849281626391E-017,  -5.036289950491732E-027,   4.574672359778142E-005
   1.185644170513540E-001,   1.911107099204855E+001,   3.782162386202988E-003,   0.000000000000000E+000,   5.585235106758731E+006,   5.585476732501297E+006,  -3.565017478247680E-017,   1.901356786906297E-026,   3.983819688931395E-005
   1.185856793729730E-001,   1.928682317244411E+001,   3.816948510861308E-003,   0.000000000000000E+000,   5.585120326763210E+006,   5.585326406895438E+006,  -2.992697597313470E-017,  -9.126239861300683E-026,   3.344345547583630E-005
   1.195957104928862E-001,   1.947068522486508E+001,   3.853339819215750E-003,   0.000000000000000E+000,   5.584999693394974E+006,   5.585179475188438E+006,  -2.568405380611514E-017,  -5.195838296597903E-025,   2.870266801782192E-005
   1.262350948477975E-001,   1.966278403332832E+001,   3.891361427519705E-003,   0.000000000000000E+000,   5.584866796635857E+006,   5.585072653994824E+006,  -2.983103626878233E-017,   3.670831139975970E-025,   3.333775601751656E-005
   1.288973721463776E-001,   1.986323928687260E+001,   3.931037027356204E-003,   0.000000000000000E+000,   5.584735127299440E+006,   5.584931652795401E+006,  -2.830378415377569E-017,  -2.879692892742912E-025,   3.163174213223884E-005
   1.346796096084944E-001,   2.007219404912593E+001,   3.972394937716400E-003,   0.000000000000000E+000,   5.584594857262847E+006,   5.584816131005122E+006,  -3.223540548138023E-017,   4.993341444929817E-025,   3.602646863918587E-005
   1.350518860187302E-001,   2.028978306792929E+001,   4.015461830646532E-003,   0.000000000000000E+000,   5.584457984472195E+006,   5.584796618444876E+006,  -5.100371886888663E-017,  -3.001717072942356E-025,   5.700283596758567E-005
   1.386763278641724E-001,   2.051616584025929E+001,   4.060269277920177E-003,   0.000000000000000E+000,   5.584312506172646E+006,   5.584632046915248E+006,  -4.790836846113424E-017,  -3.016462184813152E-025,   5.354489207449750E-005
   1.455689105155835E-001,   2.075150104127129E+001,   4.106848687972340E-003,   0.000000000000000E+000,   5.584158497070245E+006,   5.584489585169513E+006,  -4.972074664569895E-017,   2.516473048211753E-025,   5.557197506240261E-005
   1.497350581076102E-001,   2.099594907612650E+001,   4.155231812060432E-003,   0.000000000000000E+000,   5.584004427446096E+006,   5.584316677885512E+006,  -4.666344815545074E-017,   1.524181367277193E-025,   5.215641380048184E-005
   1.522498542100758E-001,   2.124968588694328E+001,   4.205453476051688E-003,   0.000000000000000E+000,   5.583848899756019E+006,   5.584122955773608E+006,  -4.050336597012768E-017,  -4.444486826734555E-025,   4.527261452664024E-005
   1.595799630431872E-001,   2.151290188465737E+001,   4.257551370862427E-003,   0.000000000000000E+000,   5.583682992235542E+006,   5.583964721569069E+006,  -4.169058652099008E-017,  -3.603880355069768E-026,   4.660098155747189E-005
   1.673005288993480E-001,   2.178578490054683E+001,   4.311562675850707E-003,   0.000000000000000E+000,   5.583512991428054E+006,   5.583803364504972E+006,  -4.303173755743964E-017,  -2.537013276328242E-026,   4.810152193150861E-005
   1.752959636617195E-001,   2.206853655139356E+001,   4.367527299039159E-003,   0.000000000000000E+000,   5.583339169044530E+006,   5.583637902099964E+006,  -4.432584300603616E-017,  -4.290589556459614E-026,   4.954959655743349E-005
   1.837562559277496E-001,   2.236136840082073E+001,   4.425487117407724E-003,   0.000000000000000E+000,   5.583161371322393E+006,   5.583469992793820E+006,  -4.586321579014017E-017,  -1.387669858586157E-026,   5.126973298702995E-005
   1.923668932076470E-001,   2.266450142583140E+001,   4.485485871466169E-003,   0.000000000000000E+000,   5.582980149361365E+006,   5.583296961129807E+006,  -4.712686916276477E-017,  -5.675344282504416E-026,   5.268402014761164E-005
   2.015924171693983E-001,   2.297816783128313E+001,   4.547569523531170E-003,   0.000000000000000E+000,   5.582794966823288E+006,   5.583122813006174E+006,  -4.884451241649414E-017,  -4.424982603501313E-026,   5.460596179145808E-005
   2.112973592483405E-001,   2.330260990108469E+001,   4.611786031391099E-003,   0.000000000000000E+000,   5.582606124510992E+006,   5.582946407799929E+006,  -5.078516484846639E-017,   1.277132637205652E-025,   5.677737946165958E-005
   2.196186110866755E-001,   2.363807903271431E+001,   4.678185155856353E-003,   0.000000000000000E+000,   5.582416333611937E+006,   5.582752230840747E+006,  -5.002868182472835E-017,   6.195233086152887E-025,   5.593356026232818E-005
   2.212277303634684E-001,   2.398483393886377E+001,   4.746818106392552E-003,   0.000000000000000E+000,   5.582233140089556E+006,   5.582498852724212E+006,  -3.872830288567612E-017,  -8.478031686124457E-025,   4.330108943637689E-005
   2.320222461777076E-001,   2.434317083672813E+001,   4.817743516363241E-003,   0.000000000000000E+000,   5.582034462518858E+006,   5.582316209701312E+006,  -4.123989740354940E-017,  -9.698502483163153E-025,   4.611081004055219E-005
   2.533244593473439E-001,   2.471338162119040E+001,   4.891019163110180E-003,   0.000000000000000E+000,   5.581818561577687E+006,   5.582206728366031E+006,  -5.823087195229821E-017,   8.431403119591287E-025,   6.511051471313974E-005
   2.654917950020423E-001,   2.509574505215787E+001,   4.966700222692903E-003,   0.000000000000000E+000,   5.581612952993490E+006,   5.582021388329189E+006,  -6.141697774919275E-017,  -2.123996354378219E-026,   6.867544213998435E-005
   2.778892518627158E-001,   2.549058891720337E+001,   5.044851576855875E-003,   0.000000000000000E+000,   5.581404664648304E+006,   5.581834467306674E+006,  -6.477712677801908E-017,   6.795068342439202E-025,   7.243526738757380E-005
   2.829246936313126E-001,   2.589823389713454E+001,   5.125536699913987E-003,   0.000000000000000E+000,   5.581204385326228E+006,   5.581696505478703E+006,  -7.469616521895871E-017,  -7.740019337616312E-025,   8.352948957095095E-005
   2.963459435043856E-001,   2.631904545688056E+001,   5.208827931887665E-003,   0.000000000000000E+000,   5.580990229257289E+006,   5.581498160210673E+006,  -7.716190000740376E-017,   1.081131210829915E-024,   8.629000160742307E-005
   2.980538390894165E-001,   2.675335776736909E+001,   5.294791415932950E-003,   0.000000000000000E+000,   5.580790328209283E+006,   5.581185999418999E+006,  -5.910630790677352E-017,  -3.143314951321975E-025,   6.610149675572401E-005
   3.031673122116522E-001,   2.720156710095123E+001,   5.383505590048483E-003,   0.000000000000000E+000,   5.580583664984191E+006,   5.580897744193623E+006,  -4.596200300326771E-017,  -7.596415605901668E-025,   5.140384943379419E-005
   3.165110081245921E-001,   2.766407348521407E+001,   5.475049634425863E-003,   0.000000000000000E+000,   5.580363583196629E+006,   5.580677148028353E+006,  -4.580547424967246E-017,  -1.140905037449411E-025,   5.123080914927348E-005
   3.310908005241368E-001,   2.814127815526645E+001,   5.569502967430948E-003,   0.000000000000000E+000,   5.580139911330746E+006,   5.580460471891952E+006,  -4.684984193053471E-017,  -3.851513300089624E-026,   5.240094007583902E-005
   3.460878793675205E-001,   2.863360865242463E+001,   5.666950214757419E-003,   0.000000000000000E+000,   5.579913855232259E+006,   5.580240186023991E+006,  -4.769543912812134E-017,  -6.734212354860011E-026,   5.334886073745963E-005
   3.618145663692224E-001,   2.914151299999345E+001,   5.767480056105957E-003,   0.000000000000000E+000,   5.579685036772098E+006,   5.580019044553848E+006,  -4.884403717639258E-017,   2.344984941503801E-026,   5.463580450980707E-005
   3.772871894872364E-001,   2.966545708174096E+001,   5.871184706099500E-003,   0.000000000000000E+000,   5.579454880072188E+006,   5.579788009316308E+006,  -4.861931821844887E-017,   4.151051864091308E-025,   5.438668459911439E-005
   3.882624175929639E-001,   3.020592238685531E+001,   5.978159468176952E-003,   0.000000000000000E+000,   5.579229350463980E+006,   5.579508410952203E+006,  -3.986993925791579E-017,   4.479848032355685E-025,   4.460144545159775E-005
   3.943840213990755E-001,   3.076341747101354E+001,   6.088505002786763E-003,   0.000000000000000E+000,   5.579008984767795E+006,   5.579176980665583E+006,  -2.198609185301228E-017,  -1.019261418311918E-024,   2.459647248676568E-005
   4.115486604864044E-001,   3.133849883817816E+001,   6.202331462998175E-003,   0.000000000000000E+000,   5.578771644368248E+006,   5.578937989059024E+006,  -2.162938289368343E-017,  -7.076020245073411E-026,   2.419844472797340E-005
   4.294799403963240E-001,   3.193170664212470E+001,   6.319745763507377E-003,   0.000000000000000E+000,   5.578531695085467E+006,   5.578697954595191E+006,  -2.152067420466834E-017,  -5.364770252193904E-026,   2.407785852396551E-005
   4.479924583096276E-001,   3.254362093633151E+001,   6.440862715865044E-003,   0.000000000000000E+000,   5.578289421595406E+006,   5.578455070403955E+006,  -2.132477020574365E-017,   1.109296235432525E-025,   2.385971270197398E-005
   4.653031258197746E-001,   3.317484493586043E+001,   6.565801717145122E-003,   0.000000000000000E+000,   5.578047332382649E+006,   5.578193022634747E+006,  -1.802590367462924E-017,  -3.906262350566425E-025,   2.016960924466534E-005
   4.868459748076074E-001,   3.382602088703272E+001,   6.694689890332430E-003,   0.000000000000000E+000,   5.577797866387993E+006,   5.577960993112316E+006,  -2.071518397292770E-017,   9.635896578757583E-026,   2.317970814328205E-005
   5.073448370029094E-001,   3.449780162771323E+001,   6.827656453263858E-003,   0.000000000000000E+000,   5.577548395140448E+006,   5.577710948087258E+006,  -2.051560223640626E-017,  -7.578013618239046E-026,   2.295740817022218E-005
   5.286647277414713E-001,   3.519088156510842E+001,   6.964838853063119E-003,   0.000000000000000E+000,   5.577296328436900E+006,   5.577459660344591E+006,  -2.052933990136604E-017,  -6.791119544997970E-026,   2.297381613476636E-005
   5.507203921626924E-001,   3.590598301787379E+001,   7.106380060194781E-003,   0.000000000000000E+000,   5.577041789546104E+006,   5.577206190087062E+006,  -2.058595926520895E-017,  -2.318131610543036E-024,   2.303822250462818E-005
   5.978915065576097E-001,   3.664390580510062E+001,   7.252438389163555E-003,   0.000000000000000E+000,   5.576750785952270E+006,   5.576956333868045E+006,  -2.706024384768489E-017,   4.346847587619713E-024,   3.028521869440092E-005
   5.979673513683421E-001,   3.740530709591840E+001,   7.403143905807685E-003,   0.000000000000000E+000,   5.576523999183294E+006,   5.576700407361816E+006,  -2.226952915125780E-017,  -2.165428533153846E-024,   2.492462869235789E-005
   6.215042075162607E-001,   3.819114154587341E+001,   7.558685576958098E-003,   0.000000000000000E+000,   5.576263040267493E+006,   5.576432697249204E+006,  -2.106193869327167E-017,  -1.549428712960713E-025,   2.357418033527259E-005
   6.467197690125377E-001,   3.900223263940770E+001,   7.719226394666119E-003,   0.000000000000000E+000,   5.575998264528326E+006,   5.576170576688903E+006,  -2.135736840585381E-017,  -7.428229364529682E-026,   2.390597629395027E-005
   6.727401309012925E-001,   3.983948178899293E+001,   7.884944777730361E-003,   0.000000000000000E+000,   5.575730866177827E+006,   5.575905885577744E+006,  -2.165694731353990E-017,  -7.632245933006423E-026,   2.424245924182906E-005
   6.995873970522797E-001,   4.070383387159266E+001,   8.056027748042052E-003,   0.000000000000000E+000,   5.575460781384735E+006,   5.575638574016321E+006,  -2.196275613019191E-017,  -9.767272935837028E-026,   2.458595986783192E-005
   7.274928837705713E-001,   4.159627815012731E+001,   8.232671112801826E-003,   0.000000000000000E+000,   5.575187644766932E+006,   5.575370469339815E+006,  -2.262594836856472E-017,  -6.744390347509453E-026,   2.532959037445557E-005
   7.561290813665609E-001,   4.251784897844544E+001,   8.415079603389136E-003,   0.000000000000000E+000,   5.574911858869272E+006,   5.575098311161581E+006,  -2.305949194890228E-017,  -1.067907411438405E-025,   2.581620580946836E-005
   7.859222872638278E-001,   4.346963095888481E+001,   8.603467898269138E-003,   0.000000000000000E+000,   5.574632763350312E+006,   5.574825650149658E+006,  -2.393789116341732E-017,  -1.582272265528297E-026,   2.680093985998486E-005
   8.158869220814756E-001,   4.445275688950512E+001,   8.798060213928340E-003,   0.000000000000000E+000,   5.574351652514540E+006,   5.574543214999666E+006,  -2.356816731686559E-017,  -1.680624700343893E-025,   2.638832714012957E-005
   8.476724045763679E-001,   4.546841935654099E+001,   8.999092601101915E-003,   0.000000000000000E+000,   5.574066132884607E+006,   5.574265579104739E+006,  -2.466852164231525E-017,  -7.123996021083265E-026,   2.762174236450649E-005
   8.802297257574963E-001,   4.651786191700901E+001,   9.206811198914845E-003,   0.000000000000000E+000,   5.573777535198997E+006,   5.573982804450571E+006,  -2.543330161848965E-017,  -5.827645169422259E-026,   2.847953582181005E-005
   9.134184344321188E-001,   4.760239008134912E+001,   9.421474409370712E-003,   0.000000000000000E+000,   5.573485928238154E+006,   5.573693417289118E+006,  -2.561515772882675E-017,  -1.227722626115534E-025,   2.868466557113012E-005
   9.479373008103655E-001,   4.872337467324407E+001,   9.643353561647151E-003,   0.000000000000000E+000,   5.573190422798160E+006,   5.573403134415048E+006,  -2.627226795715783E-017,  -1.463716471359200E-025,   2.942206158515334E-005
   9.840420088916847E-001,   4.988225237991349E+001,   9.872733020997615E-003,   0.000000000000000E+000,   5.572890330999484E+006,   5.573113805223406E+006,  -2.781091827920780E-017,  -3.096686373593222E-026,   3.114682527019097E-005
   1.020482222823260E+000,   5.108052664877607E+001,   1.010991036580532E-002,   0.000000000000000E+000,   5.572587257576308E+006,   5.572813612595138E+006,  -2.808044980469478E-017,  -1.397294981471542E-025,   3.145038568858239E-005
   1.058436315088838E+000,   5.231978149705987E+001,   1.035519912236463E-002,   0.000000000000000E+000,   5.572279415246889E+006,   5.572512698388953E+006,  -2.899186770525506E-017,  -1.068710577072314E-025,   3.247295296720672E-005
   1.097548285833477E+000,   5.360167587525491E+001,   1.060892764839764E-002,   0.000000000000000E+000,   5.571967150123209E+006,   5.572207279333459E+006,  -2.988330597981159E-017,  -1.346985988098682E-025,   3.347327853211013E-005
   1.138119628386235E+000,   5.492795372090727E+001,   1.087144112282885E-002,   0.000000000000000E+000,   5.571649891142351E+006,   5.571899489824098E+006,  -3.118794737983636E-017,  -8.194793402548204E-026,   3.493660588029821E-005
   1.179578823564834E+000,   5.630044468257858E+001,   1.114310168873187E-002,   0.000000000000000E+000,   5.571328285534484E+006,   5.571583531323868E+006,  -3.187277295051941E-017,  -1.433603550441485E-025,   3.570578295525523E-005
   1.222591235053045E+000,   5.772107504693385E+001,   1.142429061679586E-002,   0.000000000000000E+000,   5.571001262522903E+006,   5.571264757746816E+006,  -3.296682294619353E-017,  -1.407284616723651E-025,   3.693353887341490E-005
   1.267128347996054E+000,   5.919186794936711E+001,   1.171540834650015E-002,   0.000000000000000E+000,   5.570668725296931E+006,   5.570942204914168E+006,  -3.433080547072253E-017,  -1.041859981508700E-025,   3.846389826575060E-005
   1.312794248542241E+000,   6.071494997978976E+001,   1.201687579477501E-002,   0.000000000000000E+000,   5.570331097335178E+006,   5.570611543877636E+006,  -3.520295700622683E-017,  -1.729267484820218E-025,   3.944340869569677E-005
   1.360333698062465E+000,   6.229256199821842E+001,   1.232913649470885E-002,   0.000000000000000E+000,   5.569987221638333E+006,   5.570278698194394E+006,  -3.671734867192271E-017,  -1.405856657335576E-025,   4.114271311833808E-005
   1.409396301936260E+000,   6.392705914024723E+001,   1.265265659769089E-002,   0.000000000000000E+000,   5.569637470523784E+006,   5.569939574059227E+006,  -3.815805133089765E-017,  -1.573865321664632E-025,   4.275969450961922E-005
   1.460164086636366E+000,   6.562092288177607E+001,   1.298792726122553E-002,   0.000000000000000E+000,   5.569281461168139E+006,   5.569593428237659E+006,  -3.946692310655356E-017,  -1.644305665371529E-025,   4.422918988191064E-005
   1.512713369698871E+000,   6.737676678518096E+001,   1.333546578769748E-002,   0.000000000000000E+000,   5.568918807552275E+006,   5.569244640132992E+006,  -4.140705002306921E-017,  -1.732259601024702E-025,   4.640637839489302E-005
   1.567139443498931E+000,   6.919734510363796E+001,   1.369581732326705E-002,   0.000000000000000E+000,   5.568547903590524E+006,   5.568889788561463E+006,  -4.368717993772519E-017,  -2.124620719415019E-025,   4.896498491890982E-005
   1.623867405817695E+000,   7.108556270511851E+001,   1.406955682742897E-002,   0.000000000000000E+000,   5.568173258019635E+006,   5.568531764227555E+006,  -4.604760999776009E-017,  -1.614141614183611E-025,   5.161396289215973E-005
   1.682344185709073E+000,   7.304447990474266E+001,   1.445729002534976E-002,   0.000000000000000E+000,   5.567791695312885E+006,   5.568164542972141E+006,  -4.803144856228192E-017,  -2.013332024314781E-025,   5.384122345794579E-005
   1.743002280048136E+000,   7.507732949015393E+001,   1.485965677898263E-002,   0.000000000000000E+000,   5.567402690794393E+006,   5.567790906344836E+006,  -5.016789330259159E-017,  -1.801478956327113E-025,   5.623992900938154E-005
   1.805612159799232E+000,   7.718752173895876E+001,   1.527733208066801E-002,   0.000000000000000E+000,   5.567006606020386E+006,   5.567407582598910E+006,  -5.187427841411882E-017,  -2.296115785476611E-025,   5.815690484185546E-005
   1.870709731831546E+000,   7.937866143328444E+001,   1.571102941953796E-002,   0.000000000000000E+000,   5.566602709126530E+006,   5.567018117554017E+006,  -5.383538676566018E-017,  -5.604173028930285E-024,   6.035981093942577E-005
   1.996524877754785E+000,   8.165479332491876E+001,   1.616154939262004E-002,   0.000000000000000E+000,   5.566109955209349E+006,   5.566627368007691E+006,  -6.981354000595629E-017,   1.041620190999702E-023,   7.828060602478271E-005
   2.009487243103945E+000,   8.401923336919351E+001,   1.662954824698641E-002,   0.000000000000000E+000,   5.565769878386194E+006,   5.566225292769967E+006,  -5.950139884836092E-017,  -5.618336281087342E-024,   6.672221407852689E-005
   2.083320631979675E+000,   8.647694800013205E+001,   1.711600905375440E-002,   0.000000000000000E+000,   5.565340678882817E+006,   5.565820328575450E+006,  -6.299047617061020E-017,  -2.018142472211540E-025,   7.063999386507344E-005
   2.159340547110864E+000,   8.903220219624994E+001,   1.762177594614041E-002,   0.000000000000000E+000,   5.564903993434803E+006,   5.565400535158202E+006,  -6.528739998074193E-017,  -3.529561479141217E-025,   7.322147139307483E-005
   2.239184512798773E+000,   9.168977286283059E+001,   1.814779440773980E-002,   0.000000000000000E+000,   5.564457510544760E+006,   5.564978880976334E+006,  -6.883952354959702E-017,  -2.521887261289299E-025,   7.721127182096102E-005
   2.321760779494189E+000,   9.445470791586075E+001,   1.869506355879005E-002,   0.000000000000000E+000,   5.564002715888649E+006,   5.564543483422840E+006,  -7.150420289184468E-017,  -3.602099960873434E-025,   8.020640479773874E-005
   2.408239687478654E+000,   9.733236838040288E+001,   1.926464449567196E-002,   0.000000000000000E+000,   5.563537932521170E+006,   5.564092646828813E+006,  -7.327757905382122E-017,  -3.128897923889379E-025,   8.220234640692670E-005
   2.498108553087736E+000,   1.003284314748789E+002,   1.985766089329354E-002,   0.000000000000000E+000,   5.563063738390813E+006,   5.563648565411135E+006,  -7.762205027754838E-017,  -3.553360357926432E-025,   8.708311078392055E-005
   2.591827253792554E+000,   1.034489260863534E+002,   2.047530603114779E-002,   0.000000000000000E+000,   5.562578738066571E+006,   5.563193642059551E+006,  -8.194085524615276E-017,  -4.113994413779129E-025,   9.193605905322952E-005
   2.690003200169765E+000,   1.067002539751442E+002,   2.111884699106413E-002,   0.000000000000000E+000,   5.562074103076738E+006,   5.562731771199745E+006,  -8.827140097246187E-017,  -3.642862198069817E-025,   9.904738466033019E-005
   2.792125951071818E+000,   1.100892098784836E+002,   2.178962863230185E-002,   0.000000000000000E+000,   5.561578130560189E+006,   5.562256541199249E+006,  -9.105164036029750E-017,  -4.540209505298051E-025,   1.021759184461243E-004
   2.899167724007900E+000,   1.136230244918762E+002,   2.248908210197729E-002,   0.000000000000000E+000,   5.561069324287686E+006,   5.561774590474742E+006,  -9.478808192437772E-017,  -4.284563754145832E-025,   1.063783024323095E-004
   3.010851543415241E+000,   1.173093813963819E+002,   2.321872818299638E-002,   0.000000000000000E+000,   5.560548958603454E+006,   5.561281113740768E+006,  -9.850543031421289E-017,  -4.573019811500051E-025,   1.105602306663775E-004
   3.127489932691787E+000,   1.211564613835000E+002,   2.398018606615205E-002,   0.000000000000000E+000,   5.560017305983693E+006,   5.560776364001126E+006,  -1.021992547399821E-016,  -5.794869832872058E-025,   1.147167444179645E-004
   3.250406686955447E+000,   1.251729829355192E+002,   2.477518136753713E-002,   0.000000000000000E+000,   5.559473082253519E+006,   5.560269419850837E+006,  -1.075284568516678E-016,  -4.466974309206197E-025,   1.207100400385289E-004
   3.378163117676061E+000,   1.293682194225108E+002,   2.560554952417340E-002,   0.000000000000000E+000,   5.558918715314570E+006,   5.559744386314206E+006,  -1.115559020033152E-016,  -6.511915333339272E-025,   1.252433071754579E-004
   3.512974785599067E+000,   1.337520832033314E+002,   2.647325244370007E-002,   0.000000000000000E+000,   5.558351441526810E+006,   5.559217833178004E+006,  -1.173775582152834E-016,  -5.934619792261309E-025,   1.317921677014652E-004
   3.654216228511015E+000,   1.383351327533480E+002,   2.738037991713833E-002,   0.000000000000000E+000,   5.557772344560385E+006,   5.558680593254150E+006,  -1.233493649448263E-016,  -5.925231011281816E-025,   1.385111960997418E-004
   3.801877274277677E+000,   1.431286465660057E+002,   2.832916424008476E-002,   0.000000000000000E+000,   5.557181555225959E+006,   5.558128536827581E+006,  -1.287869033437061E-016,  -6.542343052055658E-025,   1.446319112502358E-004
   3.956626523703153E+000,   1.481446814336558E+002,   2.932199175101934E-002,   0.000000000000000E+000,   5.556578157853424E+006,   5.557561869013291E+006,  -1.338678108889180E-016,  -8.194256315677335E-025,   1.503536958169855E-004
   4.120253717488305E+000,   1.533961390987035E+002,   3.036141602300529E-002,   0.000000000000000E+000,   5.555959543018571E+006,   5.556978682034799E+006,  -1.387024364436257E-016,  -6.543807188846936E-025,   1.558004813420398E-004
   4.290970701229365E+000,   1.588967986949255E+002,   3.145016428119652E-002,   0.000000000000000E+000,   5.555327796869512E+006,   5.556409418039616E+006,  -1.478317038776114E-016,  -1.232139939647877E-023,   1.660729790190002E-004
   4.595182042555973E+000,   1.646624718238485E+002,   3.259136614376131E-002,   0.000000000000000E+000,   5.554505820536665E+006,   5.555775025603658E+006,  -1.769620120112688E-016,   2.221041854089447E-023,   1.988237364183749E-004
   4.658757928491843E+000,   1.707059088720084E+002,   3.378754485484190E-002,   0.000000000000000E+000,   5.553986781003569E+006,   5.555223349571950E+006,  -1.707646114503306E-016,  -1.229583698351595E-023,   1.918790637517304E-004
   4.855551219876006E+000,   1.770471711330408E+002,   3.504267137919624E-002,   0.000000000000000E+000,   5.553331919747484E+006,   5.554596249894313E+006,  -1.741963233656366E-016,  -1.055358049177940E-024,   1.957575854736756E-004
   5.063778630085829E+000,   1.837034882665102E+002,   3.636015575079813E-002,   0.000000000000000E+000,   5.552651996115975E+006,   5.553965202402440E+006,  -1.809604735919342E-016,  -9.891458742296035E-025,   2.033828541587383E-004
   5.282722793221979E+000,   1.906944428148768E+002,   3.774387380583734E-002,   0.000000000000000E+000,   5.551950122857588E+006,   5.553318008185813E+006,  -1.886007258008254E-016,  -1.058681481313331E-024,   2.119954080309916E-004
   5.513137082411834E+000,   1.980411063254651E+002,   3.919799608610583E-002,   0.000000000000000E+000,   5.551226727466534E+006,   5.552654866364081E+006,  -1.970771136517122E-016,  -1.142960338628276E-024,   2.215507506676576E-004
   5.755934604320737E+000,   2.057661595315898E+002,   4.072701161745620E-002,   0.000000000000000E+000,   5.550481497665499E+006,   5.551976655887909E+006,  -2.065768583342485E-016,  -1.158332286891322E-024,   2.322598147481301E-004
   6.011281904021385E+000,   2.138940274996176E+002,   4.233575466532924E-002,   0.000000000000000E+000,   5.549714734611411E+006,   5.551276802817991E+006,  -2.159945338928564E-016,  -1.299058348592304E-024,   2.428802616691764E-004
   6.280703656966447E+000,   2.224510610538108E+002,   4.402944063680128E-002,   0.000000000000000E+000,   5.548924500315425E+006,   5.550559821099425E+006,  -2.263596314048951E-016,  -1.432782616691449E-024,   2.545699124064354E-004
   6.565648678723785E+000,   2.314656994518246E+002,   4.581369828159480E-002,   0.000000000000000E+000,   5.548108651052349E+006,   5.549827697753326E+006,  -2.383294120188688E-016,  -1.373364526632464E-024,   2.680686057985064E-004
   6.865473212889914E+000,   2.409686412533332E+002,   4.769460349537176E-002,   0.000000000000000E+000,   5.547267646695781E+006,   5.549016585578383E+006,  -2.415958270276153E-016,  -1.488338071087966E-024,   2.717828360850408E-004
   7.181422923123852E+000,   2.509931055334163E+002,   4.967873103461319E-002,   0.000000000000000E+000,   5.546398973716306E+006,   5.548262965637714E+006,  -2.584229419362057E-016,  -1.740250490857368E-024,   2.907547172155515E-004
   7.516227116833206E+000,   2.615750711906942E+002,   5.177320187233512E-002,   0.000000000000000E+000,   5.545497410020703E+006,   5.547481823021336E+006,  -2.760207724907257E-016,  -1.685800276506475E-024,   3.106010566711035E-004
   7.869295861320299E+000,   2.727534823269735E+002,   5.398572383730539E-002,   0.000000000000000E+000,   5.544559278779530E+006,   5.546658834485058E+006,  -2.926773342286861E-016,  -2.006582975370294E-024,   3.293963386498949E-004
   8.244104628723594E+000,   2.845706408924055E+002,   5.632466933807560E-002,   0.000000000000000E+000,   5.543549016306488E+006,   5.545813436293812E+006,  -3.171978119623232E-016,  -1.997971111491666E-024,   3.570524880794844E-004
   8.640560115092862E+000,   2.970724360947348E+002,   5.879912075380524E-002,   0.000000000000000E+000,   5.542577300238716E+006,   5.544931220468467E+006,  -3.295339268112828E-016,  -2.145667014365881E-024,   3.710001926612311E-004
   9.060262509581763E+000,   3.103087841882601E+002,   6.141895747998084E-002,   0.000000000000000E+000,   5.541553469872144E+006,   5.544010714696482E+006,  -3.439672354201265E-016,  -2.227219810452246E-024,   3.873171461469232E-004
   9.504095383753281E+000,   3.243340073210448E+002,   6.419493089545117E-002,   0.000000000000000E+000,   5.540480205886081E+006,   5.543042006902560E+006,  -3.584714509800053E-016,  -2.868185543347268E-024,   4.037231694800486E-004
   9.979003184905471E+000,   3.392074078377601E+002,   6.713877805171552E-002,   0.000000000000000E+000,   5.539350430744879E+006,   5.542066668386853E+006,  -3.808314731263355E-016,  -2.501324868840722E-024,   4.289867155121740E-004
   1.048101121596938E+001,   3.549935080472794E+002,   7.026326908379500E-002,   0.000000000000000E+000,   5.538171175286590E+006,   5.541027091229431E+006,  -4.006806914305069E-016,  -2.934437102483121E-024,   4.514355664646462E-004
   1.101481196661537E+001,   3.717629530026791E+002,   7.358238591171272E-002,   0.000000000000000E+000,   5.536936697148432E+006,   5.539938867742521E+006,  -4.214259768464104E-016,  -3.199860113548222E-024,   4.749075320904137E-004
   1.158328112273030E+001,   3.895929961201398E+002,   7.711141833252627E-002,   0.000000000000000E+000,   5.535643165225321E+006,   5.538725824363493E+006,  -4.314644100499673E-016,  -3.422131814757775E-024,   4.863291691749054E-004
   1.218882685379293E+001,   4.085682570593816E+002,   8.086711402144778E-002,   0.000000000000000E+000,   5.534286835755791E+006,   5.537592514298470E+006,  -4.641552842340769E-016,  -3.738819610013961E-024,   5.232937392071050E-004
   1.283488026632148E+001,   4.287815844342638E+002,   8.486784926220747E-002,   0.000000000000000E+000,   5.532861779209147E+006,   5.536383535405672E+006,  -4.955355679761917E-016,  -4.054053555124923E-024,   5.588041326368867E-004
   1.352485671531240E+001,   4.503349798105594E+002,   8.913381181235552E-002,   0.000000000000000E+000,   5.531359662836004E+006,   5.535101769539715E+006,  -5.273856932384263E-016,  -4.391920042826248E-024,   5.948692374104840E-004
   1.426241676465732E+001,   4.733406719200326E+002,   9.368721349745854E-002,   0.000000000000000E+000,   5.529708786453546E+006,   5.533746196971456E+006,  -5.710119325724220E-016,  -4.820139503720926E-024,   6.442515133902117E-004
   1.505219989401260E+001,   4.979223491948800E+002,   9.855253414648124E-002,   0.000000000000000E+000,   5.528105781040128E+006,   5.532318583743193E+006,  -5.951736602509018E-016,  -5.225583033266499E-024,   6.716947915717612E-004
   1.589859882061533E+001,   5.242165140427007E+002,   1.037567896048613E-001,   0.000000000000000E+000,   5.526389539103188E+006,   5.530812639121464E+006,  -6.246533812467724E-016,  -5.711993604494105E-024,   7.051684547746729E-004
   1.680688348699715E+001,   5.523740865423082E+002,   1.093298490962117E-001,   0.000000000000000E+000,   5.524561948386553E+006,   5.529223651620429E+006,  -6.583695975544655E-016,  -6.253117388936355E-024,   7.434583656401293E-004
   1.778291661780921E+001,   5.825622014472423E+002,   1.153047908889523E-001,   0.000000000000000E+000,   5.522621014132693E+006,   5.527545224882323E+006,  -6.955903118296081E-016,  -6.854930204827278E-024,   7.857446709644400E-004
   1.883321846393039E+001,   6.149662758169694E+002,   1.217183114765358E-001,   0.000000000000000E+000,   5.520561614982030E+006,   5.525767141033489E+006,  -7.354692595279743E-016,  -7.534390292967675E-024,   8.310784360718968E-004
   1.996515053398912E+001,   6.497923871228919E+002,   1.286111961834367E-001,   0.000000000000000E+000,   5.518375821119933E+006,   5.523819968271744E+006,  -7.681197121234672E-016,  -8.237917250050503E-024,   8.682954882510144E-004
   2.118633508550322E+001,   6.872699849139431E+002,   1.360288558597386E-001,   0.000000000000000E+000,   5.516053954680804E+006,   5.521894713573708E+006,  -8.256581569705158E-016,  -9.095091059520958E-024,   9.336938638562696E-004
   2.250605903981599E+001,   7.276550879727782E+002,   1.440219595592744E-001,   0.000000000000000E+000,   5.513582343561157E+006,   5.519822409365832E+006,  -8.831624898694612E-016,  -1.001729965835844E-023,   9.991301616252726E-004
   2.393431392796218E+001,   7.712339011954142E+002,   1.526471503471500E-001,   0.000000000000000E+000,   5.510940734493492E+006,   5.517602287411115E+006,  -9.437086927228259E-016,  -1.104944491305729E-023,   1.068093069457156E-003
   2.548228237321999E+001,   8.183270631538638E+002,   1.619678858877826E-001,   0.000000000000000E+000,   5.508071762038931E+006,   5.515226981039898E+006,  -1.015256069378588E-015,  -1.225841815014456E-023,   1.149612401035510E-003
   2.716306281517652E+001,   8.692946009492388E+002,   1.720554190047096E-001,   0.000000000000000E+000,   5.505129492221908E+006,   5.512688270708295E+006,  -1.071745911159611E-015,  -1.356549179089599E-023,   1.214176033616887E-003
   2.899081654755939E+001,   9.245416440742005E+002,   1.829899284329876E-001,   0.000000000000000E+000,   5.501943530076689E+006,   5.509967992405603E+006,  -1.137503384231463E-015,  -1.508701159952606E-023,   1.289357058762432E-003
   3.098202824900542E+001,   9.845252065192370E+002,   1.948618610167641E-001,   0.000000000000000E+000,   5.498503887603598E+006,   5.507046091103957E+006,  -1.210842336655834E-015,  -1.682167735429386E-023,   1.373272390516679E-003
   3.315549189600275E+001,   1.049762093953318E+003,   2.077734964654411E-001,   0.000000000000000E+000,   5.494791608348955E+006,   5.503878709618188E+006,  -1.287690413632298E-015,  -1.878410042152263E-023,   1.461334146621680E-003
   3.553246906755234E+001,   1.120838226182636E+003,   2.218407922592156E-001,   0.000000000000000E+000,   5.490780218491300E+006,   5.500487638522925E+006,  -1.375686530647492E-015,  -2.102838972146737E-023,   1.562237747888933E-003
   3.813727518016589E+001,   1.198419681971624E+003,   2.371955693721556E-001,   0.000000000000000E+000,   5.486435710158217E+006,   5.496879084028283E+006,  -1.481166955336723E-015,  -2.362453324806497E-023,   1.683227966416388E-003
   4.099803776231084E+001,   1.283265817672360E+003,   2.539881083279406E-001,   0.000000000000000E+000,   5.481714075945737E+006,   5.492937275560908E+006,  -1.592512274004737E-015,  -2.658162241710785E-023,   1.811177605505118E-003
   4.414679495399400E+001,   1.376244850869747E+003,   2.723902331227915E-001,   0.000000000000000E+000,   5.476479518599140E+006,   5.488632480598490E+006,  -1.726576798925654E-015,  -3.008449061237960E-023,   1.965341915493771E-003
   4.762149805639375E+001,   1.478352628638314E+003,   2.925990253090770E-001,   0.000000000000000E+000,   5.470962719883398E+006,   5.483929269174892E+006,  -1.840565146470102E-015,  -3.406346695333749E-023,   2.097028395528823E-003
   5.146525669313255E+001,   1.590734967796874E+003,   3.148412449034123E-001,   0.000000000000000E+000,   5.464866139960205E+006,   5.478771074256542E+006,  -1.972901799931885E-015,  -3.877856143363609E-023,   2.250093235378979E-003
   5.572915584963685E+001,   1.714714874748523E+003,   3.393787169315639E-001,   0.000000000000000E+000,   5.458141956996653E+006,   5.473087767593566E+006,  -2.119800866361913E-015,  -4.431311658865880E-023,   2.420348043983130E-003
   6.047315883536260E+001,   1.851825385893895E+003,   3.665148301793287E-001,   0.000000000000000E+000,   5.450719211683976E+006,   5.466794816279888E+006,  -2.278841947596978E-015,  -3.573528483020076E-022,   2.605173641955798E-003
   6.908884777009470E+001,   2.004184661024767E+003,   3.966688067394739E-001,   0.000000000000000E+000,   5.437984997955727E+006,   5.455606978713723E+006,  -2.502183244764916E-015,   5.545339679586843E-022,   2.866739576764297E-003
   7.169652142750655E+001,   2.172869887372842E+003,   4.300537012626426E-001,   0.000000000000000E+000,   5.433384369925804E+006,   5.452261477207310E+006,  -2.676244981967885E-015,  -3.742883377971705E-022,   3.068350867421637E-003
   7.835936606008173E+001,   2.361328232044753E+003,   4.673518190229939E-001,   0.000000000000000E+000,   5.423119866985855E+006,   5.443671806128712E+006,  -2.914382297932560E-015,  -5.067697954781306E-022,   3.347117311724650E-003
   9.051273219222338E+001,   2.572703077074365E+003,   5.091852519547754E-001,   0.000000000000000E+000,   5.405594189776430E+006,   5.427385991431566E+006,  -3.079157486360003E-015,   3.941907236138737E-022,   3.547326358874639E-003
   9.839529792891203E+001,   2.809162190892142E+003,   5.559828452694416E-001,   0.000000000000000E+000,   5.393756901555429E+006,   5.421541904848703E+006,  -4.001481824600962E-015,   2.018834945651761E-022,   4.617323422275233E-003
   1.040905871601572E+002,   3.074859445366195E+003,   6.085666394239954E-001,   0.000000000000000E+000,   5.384792919672879E+006,   5.410645013713587E+006,  -3.649217802454251E-015,  -1.078277791053971E-021,   4.218482510950244E-003
   1.214683157299608E+002,   3.376814981923348E+003,   6.683261137675578E-001,   0.000000000000000E+000,   5.360055066562582E+006,   5.386558604774039E+006,  -3.705202480286170E-015,   4.732261808651668E-022,   4.302535888164329E-003
   1.337189460721627E+002,   3.718158683074983E+003,   7.358803314884019E-001,   0.000000000000000E+000,   5.342181286902636E+006,   5.375723890523582E+006,  -4.778284979120359E-015,   2.914875254371167E-022,   5.563303853625038E-003
   1.428114984477054E+002,   4.105929138922484E+003,   8.126221609609030E-001,   0.000000000000000E+000,   5.328380588899589E+006,   5.358625971433916E+006,  -4.187871949141100E-015,   8.051910415696360E-023,   4.889803084024383E-003
   1.510316786407613E+002,   4.314673191268874E+003,   8.539335867392647E-001,   0.000000000000000E+000,   5.316692602640583E+006,   5.343452208328534E+006,  -3.595937824545083E-015,  -6.032828291156495E-022,   4.209143977477929E-003
   1.657880363509749E+002,   4.539161797826054E+003,   8.983609198115837E-001,   0.000000000000000E+000,   5.296296308938907E+006,   5.319165154257039E+006,  -2.936595131197387E-015,   4.293584200520705E-022,   3.451753767911599E-003
   1.758925745223155E+002,   4.778147436428361E+003,   9.456570134811362E-001,   0.000000000000000E+000,   5.282076570103142E+006,   5.314206727108973E+006,  -4.382123551547013E-015,   3.509777433212374E-023,   5.160078142522741E-003
   1.856168511108292E+002,   5.033915533105868E+003,   9.962742196620251E-001,   0.000000000000000E+000,   5.268349593823815E+006,   5.304358900706747E+006,  -4.962645204242105E-015,  -6.922248299386627E-023,   5.856547328256489E-003
   1.960911083306325E+002,   5.308265442946972E+003,   1.050568629228096E+000,   0.000000000000000E+000,   5.253625116000528E+006,   5.294461832205197E+006,  -5.692117045614099E-015,  -7.666819998483260E-023,   6.732922775122305E-003
   2.073960156880444E+002,   5.602927694950834E+003,   1.108882684477715E+000,   0.000000000000000E+000,   5.237804209168451E+006,   5.284336777746804E+006,  -6.557473763547122E-015,  -8.217986989229963E-023,   7.775424024507527E-003
   2.195912885457315E+002,   5.919822765370568E+003,   1.171596412169110E+000,   0.000000000000000E+000,   5.220815318680673E+006,   5.274028248220795E+006,  -7.577003351937830E-015,  -6.297892337579024E-023,   9.007423055330754E-003
   2.324688971225159E+002,   6.261006472426278E+003,   1.239116609449685E+000,   0.000000000000000E+000,   5.202935546505887E+006,   5.264247657162696E+006,  -8.819960751643951E-015,  -2.620064619681404E-022,   1.051241907843698E-002
   2.481851754963116E+002,   6.629568831004912E+003,   1.312054799914927E+000,   0.000000000000000E+000,   5.181363195765887E+006,   5.251367039894204E+006,  -1.015346809344931E-014,  -3.066095302395628E-023,   1.214138108333777E-002
   2.642336453765417E+002,   7.027376837583637E+003,   1.390780332391578E+000,   0.000000000000000E+000,   5.159288092487635E+006,   5.237450803636923E+006,  -1.139691422102375E-014,  -1.587147630419258E-022,   1.367496999532194E-002
   2.820016866017019E+002,   7.457903982475648E+003,   1.475980579130780E+000,   0.000000000000000E+000,   5.135210096183647E+006,   5.220366642657007E+006,  -1.244845847108176E-014,  -1.331743539523328E-022,   1.499547983306414E-002
   3.012125854322098E+002,   7.924442234658921E+003,   1.568306928568427E+000,   0.000000000000000E+000,   5.109279524743254E+006,   5.199970389287448E+006,  -1.326039151993986E-014,  -3.391467549516230E-022,   1.604460672407495E-002
   3.240979190182723E+002,   8.431777967636857E+003,   1.668706577581975E+000,   0.000000000000000E+000,   5.078690166150328E+006,   5.174948187740293E+006,  -1.407104818209992E-014,  -1.863989083307264E-022,   1.711697050519259E-002
   3.490027636778391E+002,   8.983646093909760E+003,   1.777918496127294E+000,   0.000000000000000E+000,   5.045619893417935E+006,   5.148060002302749E+006,  -1.497309124404064E-014,  -2.567179005210652E-022,   1.832042924638448E-002
   3.766889800069716E+002,   9.585375297117949E+003,   1.896997116092443E+000,   0.000000000000000E+000,   5.009156561595171E+006,   5.118362464451945E+006,  -1.596066421983809E-014,  -3.051898453607006E-022,   1.965520263483025E-002
   4.076817300371139E+002,   1.024294758521499E+004,   2.027126128714741E+000,   0.000000000000000E+000,   4.968711444673431E+006,   5.085406414177793E+006,  -1.705516943467953E-014,  -3.594193440007008E-022,   2.115502971421408E-002
   4.425685551546122E+002,   1.096325872737555E+004,   2.169670028859823E+000,   0.000000000000000E+000,   4.923643152074030E+006,   5.048836550146640E+006,  -1.830133839628755E-014,  -4.257432995145563E-022,   2.288497472411791E-002
   4.820680323286041E+002,   1.175432789538029E+004,   2.326215597883694E+000,   0.000000000000000E+000,   4.873172775452383E+006,   5.008254028977153E+006,  -1.975877915781871E-014,  -5.088494747030628E-022,   2.493316325719435E-002
   5.270805629754541E+002,   1.262555162958594E+004,   2.498622157205658E+000,   0.000000000000000E+000,   4.816362231124050E+006,   4.963313440254303E+006,  -2.152094265602177E-014,  -6.143075832498817E-022,   2.743701541681971E-002
   5.787487171880258E+002,   1.358803248740680E+004,   2.689086598675198E+000,   0.000000000000000E+000,   4.752182342024054E+006,   4.914012429401268E+006,  -2.375056481288797E-014,  -7.483211488842256E-022,   3.063223817835264E-002
   6.385244448850289E+002,   1.465500571496802E+004,   2.900227810932700E+000,   0.000000000000000E+000,   4.679069794780146E+006,   4.861632200924754E+006,  -2.690126669668179E-014,  -9.132645829554326E-022,   3.514894758541669E-002
   7.081948010153988E+002,   1.584235715354490E+004,   3.135189154893559E+000,   0.000000000000000E+000,   4.595378936829055E+006,   4.812135399835086E+006,  -3.218948627110495E-014,  -1.117125136429606E-021,   4.265074165305698E-002
   7.899684822334170E+002,   1.716934986805580E+004,   3.397782241152067E+000,   0.000000000000000E+000,   4.499181083010865E+006,   4.792007650014675E+006,  -4.416461084410550E-014,  -6.947726502067813E-022,   5.925312727092737E-002
   8.792695737416876E+002,   1.865212952484644E+004,   3.691201259979852E+000,   0.000000000000000E+000,   4.396332381754036E+006,   4.530624307224607E+006,  -1.852694650683574E-014,  -6.521184144659889E-019,   2.585439431172609E-002
   8.033850022538006E+003,   4.351967307040780E+004,   8.616099641093555E+000,   0.000000000000000E+000,   7.115058352654917E+005,   1.088735524859922E+006,  -5.346485864930217E-014,   6.536034934467150E-019,   3.680601944654115E-001
   8.107061248105198E+003,   4.815153606395329E+004,   9.532983795567919E+000,   0.000000000000000E+000,   6.956564117460806E+005,   1.183099554683268E+006,  -7.038074745207192E-014,  -5.304056753412159E-020,   4.682732159713682E-001
   8.754932563902395E+003,   6.460364610082212E+004,   1.279300835253744E+001,   0.000000000000000E+000,   5.840626870685689E+005,   1.244910429613752E+006,  -9.552678628245369E-014,   3.938144866198216E-020,   6.634847398456595E-001
   8.976131468494261E+003,   7.770549654260356E+004,   1.538887499767430E+001,   0.000000000000000E+000,   5.475505214236018E+005,   1.349256990930310E+006,  -1.159952786180409E-013,  -7.390596491417620E-020,   7.882210319444296E-001
   9.998053488252532E+003,   1.956248506643964E+006,   9.058898961859753E+002,   6.465746527618495E+000,   4.091976224439938E+005,   1.403982263020324E+006,   1.541875977005506E-013,   9.430834292765316E-020,   5.279797871536276E-001
   9.998205881933882E+003,   2.229467353150066E+006,   9.577914704938064E+002,   1.084438118509079E+002,   4.048472125488092E+005,   1.551529046777505E+006,   1.736174463022204E-013,  -3.344593241361782E-023,   5.358892990324208E-001
   9.998720640564028E+003,   2.898640675054261E+006,   4.792952872162574E+003,   3.253712438489298E+005,   3.999306666400381E+005,   1.721915516901216E+006,   2.012458075172847E-013,   3.164348992906874E-023,   4.830019384265920E-001
   9.998892562538700E+003,   3.423123316108624E+006,   1.627560490254475E+004,   3.024047700519837E+006,   3.943023619812239E+005,   1.920429910242616E+006,  -1.779659877953517E-013,   1.303620664743620E-023,   2.551274999539591E-001
   9.998923245683613E+003,   3.822172800342343E+006,   6.527608308090580E+005,   4.222829427137263E+006,   3.877889697119809E+005,   2.154267734927362E+006,  -2.426295537080635E-013,  -4.557487616364166E-024,   2.719456027828321E-001
   9.999003306245975E+003,   4.385627877184560E+006,   5.620063726497121E+006,   9.573823132293696E+006,   3.801444203725792E+005,   2.435125924627865E+006,  -2.600513775600863E-013,  -3.773449868331410E-024,   1.453367796544311E-001
   9.999124249686154E+003,   5.174997368706172E+006,   2.779795786536907E+007,   3.247457631076072E+007,   3.709846686136937E+005,   2.766325199554930E+006,  -3.039267563334582E-013,  -2.143636496143702E-024,   5.533839757734667E-002
   9.999268418035108E+003,   6.268083191269632E+006,   1.323891162638088E+008,   1.380580928956482E+008,   3.600356671958176E+005,   3.187491025081597E+006,  -3.570208377287573E-013,  -1.466476552526351E-024,   1.590235368644088E-002
   9.999428474704779E+003,   7.839064793219182E+006,   6.787194920298517E+008,   6.857564166236323E+008,   3.462538706764013E+005,   3.800355764918113E+006,  -4.248911061676512E-013,  -1.338140852062083E-024,   3.853310037018170E-003
   9.999603029261230E+003,   1.031125469872625E+007,   3.923511173460514E+009,   3.932502497871012E+009,   3.280435471890848E+005,   4.192015771236107E+006,  -4.076004545483774E-013,  -1.417064480397933E-024,   6.464470011637195E-004
   9.999792936790698E+003,   1.508053770777450E+007,   2.627117585048659E+010,   2.628189076170680E+010,   3.013332714834946E+005,   4.865850608047605E+006,  -3.186582709912152E-014,  -1.583452566634303E-024,   7.566228285824793E-006
   1.000000000000000E+004,   5.210029947751256E+007,   2.084531806816672E+011,   2.084986455904120E+011,   2.266063193078957E+005,   6.225678583003334E+006,   1.019494582975068E-013,   0.000000000000000E+000,   3.051811184392696E-006
