   2.965484800E+07,    2.965484800E+07,    4.193828800E+07
   4.175800400E+07,    3.881392000E+06,    4.193857200E+07
   3.461242400E+07,   -2.368130400E+07,    4.193823600E+07
   1.151223000E+07,   -4.032900800E+07,    4.193660800E+07
  -1.689556200E+07,   -3.838911200E+07,    4.193394000E+07
  -3.751816000E+07,   -1.875565800E+07,    4.193152000E+07
  -4.085030400E+07,    9.522548000E+06,    4.193105200E+07
  -2.535554200E+07,    3.341121200E+07,    4.193360000E+07
   1.823946000E+06,    4.189818400E+07,    4.193870400E+07
   2.815878000E+07,    3.107090400E+07,    4.194426800E+07
   4.150902400E+07,    5.920802000E+06,    4.194740400E+07
   3.572114400E+07,   -2.195860600E+07,    4.194590800E+07
   1.346348200E+07,   -3.971701600E+07,    4.193963600E+07
  -1.500521400E+07,   -3.916987600E+07,    4.193094400E+07
  -3.656408000E+07,   -2.056934600E+07,    4.192385600E+07
  -4.127639600E+07,    7.511872000E+06,    4.192219600E+07
  -2.696955800E+07,    3.213038000E+07,    4.192757200E+07
  -2.380980938E+05,    4.193765200E+07,    4.193824400E+07
   2.659517200E+07,    3.241247600E+07,    4.194958400E+07
   4.116050800E+07,    7.946022000E+06,    4.195608400E+07
   3.674420400E+07,   -2.018326800E+07,    4.195400800E+07
   1.538242800E+07,   -3.900981200E+07,    4.194347200E+07
  -1.307892800E+07,   -3.985673600E+07,    4.192876800E+07
  -3.552237600E+07,   -2.233371400E+07,    4.191664800E+07
  -4.160355600E+07,    5.483192000E+06,    4.191322000E+07
  -2.851894400E+07,    3.077250800E+07,    4.192090000E+07
  -2.299614250E+06,    4.187656800E+07,    4.193690800E+07
   2.496775400E+07,    3.367634400E+07,    4.195419600E+07
   4.071325600E+07,    9.952214000E+06,    4.196454800E+07
   3.767914000E+07,   -1.835951200E+07,    4.196248000E+07
   1.726448000E+07,   -3.820908000E+07,    4.194810000E+07
  -1.112128600E+07,   -4.044806800E+07,    4.192743600E+07
  -3.439553600E+07,   -2.404460000E+07,    4.190994800E+07
  -4.183104400E+07,    3.441292000E+06,    4.190418800E+07
  -3.000007400E+07,    2.934080200E+07,    4.191363200E+07
  -4.355762000E+06,    4.171507200E+07,    4.193470800E+07
   2.328035000E+07,    3.485951200E+07,    4.195807200E+07
   4.016832800E+07,    1.193458400E+07,    4.197274400E+07
   3.852369200E+07,   -1.649173600E+07,    4.197127600E+07
   1.910509000E+07,   -3.731675600E+07,    4.195349200E+07
  -9.137080000E+06,   -4.094244000E+07,    4.192696400E+07
  -3.318633200E+07,   -2.569782200E+07,    4.190380800E+07
  -4.195831600E+07,    1.391182000E+06,    4.189515600E+07
  -3.140931200E+07,    2.783879000E+07,    4.190580800E+07
  -6.401480500E+06,    4.145356400E+07,    4.193164800E+07
   2.153708200E+07,    3.595906400E+07,    4.196117200E+07
   3.952700400E+07,    1.388830600E+07,    4.198060400E+07
   3.927577600E+07,   -1.458443500E+07,    4.198032800E+07
   2.089977400E+07,   -3.633497600E+07,    4.195961600E+07
  -7.131074000E+06,   -4.133865600E+07,    4.192736000E+07
  -3.189766400E+07,   -2.728943600E+07,    4.189828000E+07
  -4.198509200E+07,   -6.622660000E+05,    4.188620000E+07
  -3.274335200E+07,    2.627001800E+07,    4.189748400E+07
  -8.431974000E+06,    4.109265600E+07,    4.192774000E+07
   1.974205600E+07,    3.697240400E+07,    4.196346400E+07
   3.879079600E+07,    1.580873800E+07,    4.198806400E+07
   3.993358800E+07,   -1.264217100E+07,    4.198956800E+07
   2.264423000E+07,   -3.526610000E+07,    4.196642400E+07
  -5.108124000E+06,   -4.163576800E+07,    4.192862400E+07
  -3.053268600E+07,   -2.881558400E+07,    4.189340000E+07
  -4.191133600E+07,   -2.714050000E+06,    4.187736800E+07
  -3.399894800E+07,    2.463835000E+07,    4.188870000E+07
  -1.044224800E+07,    4.063326000E+07,    4.192299600E+07
   1.789971400E+07,    3.789703600E+07,    4.196492400E+07
   3.796154000E+07,    1.769110600E+07,    4.199507200E+07
   4.049548400E+07,   -1.066979200E+07,    4.199894000E+07
   2.433410000E+07,   -3.411280800E+07,    4.197389200E+07
  -3.073282000E+06,   -4.183306000E+07,    4.193077200E+07
  -2.909481800E+07,   -3.027250400E+07,    4.188922000E+07
  -4.173726800E+07,   -4.759108000E+06,    4.186873600E+07
  -3.517305600E+07,    2.294779200E+07,    4.187952400E+07
  -1.242743100E+07,    4.007650400E+07,    4.191744400E+07
   1.601449100E+07,    3.873073200E+07,    4.196553200E+07
   3.704120400E+07,    1.953090200E+07,    4.200157600E+07
   4.096011600E+07,   -8.672004000E+06,    4.200838400E+07
   2.596536600E+07,   -3.287784400E+07,    4.198197600E+07
  -1.031368062E+06,   -4.193008800E+07,    4.193379600E+07
  -2.758746600E+07,   -3.165679200E+07,    4.188577600E+07
  -4.146334800E+07,   -6.792652000E+06,    4.186036000E+07
  -3.626297600E+07,    2.120231400E+07,    4.187000800E+07
  -1.438291300E+07,    3.942372000E+07,    4.191111200E+07
   1.409079100E+07,    3.947157200E+07,    4.196526800E+07
   3.603197200E+07,    2.132380400E+07,    4.200751600E+07
   4.132639600E+07,   -6.653538000E+06,    4.201783600E+07
   2.753413600E+07,   -3.156418000E+07,    4.199063200E+07
   1.012691938E+06,   -4.192664800E+07,    4.193769200E+07
  -2.601431200E+07,   -3.296513600E+07,    4.188311200E+07
  -4.109028800E+07,   -8.809766000E+06,    4.185231200E+07
  -3.726610800E+07,    1.940616800E+07,    4.186021600E+07
  -1.630396500E+07,    3.867652000E+07,    4.190402400E+07
   1.213329100E+07,    4.011776800E+07,    4.196412400E+07
   3.493628000E+07,    2.306548000E+07,    4.201285200E+07
   4.159343600E+07,   -4.619264000E+06,    4.202723200E+07
   2.903665000E+07,   -3.017496800E+07,    4.199980800E+07
   3.054022000E+06,   -4.182276000E+07,    4.194245600E+07
  -2.437910200E+07,   -3.419444000E+07,    4.188125600E+07
  -4.061899600E+07,   -1.080567800E+07,    4.184464400E+07
  -3.818009600E+07,    1.756362000E+07,    4.185020000E+07
  -1.818604800E+07,    3.783668800E+07,    4.189621200E+07
   1.014661600E+07,    4.066780000E+07,    4.196207600E+07
   3.375673600E+07,    2.475177800E+07,    4.201751600E+07
   4.176058400E+07,   -2.574076000E+06,    4.203650000E+07
   3.046925400E+07,   -2.871358400E+07,    4.200945600E+07
   5.087634000E+06,   -4.161869200E+07,    4.194806400E+07
  -2.268587800E+07,   -3.534171200E+07,    4.188023600E+07
  -4.005067200E+07,   -1.277552000E+07,    4.183742000E+07
  -3.900276800E+07,    1.567915600E+07,    4.184002800E+07
  -2.002462000E+07,    3.690628800E+07,    4.188771200E+07
   8.135595500E+06,    4.112035600E+07,    4.195912800E+07
   3.249621200E+07,    2.637861600E+07,    4.202148000E+07
   4.182744800E+07,   -5.229360000E+05,    4.204558400E+07
   3.182848400E+07,   -2.718359200E+07,    4.201952000E+07
   7.108594000E+06,   -4.131498400E+07,    4.195450400E+07
  -2.093874800E+07,   -3.640423200E+07,    4.188008000E+07
  -3.938673600E+07,   -1.471457200E+07,    4.183069600E+07
  -3.973220000E+07,    1.375732300E+07,    4.182976400E+07
  -2.181533600E+07,    3.588756800E+07,    4.187856800E+07
   6.104969500E+06,    4.147439200E+07,    4.195527600E+07
   3.115766800E+07,    2.794218800E+07,    4.202469200E+07
   4.179387600E+07,    1.529380000E+06,    4.205441200E+07
   3.311120000E+07,   -2.558853200E+07,    4.202994400E+07
   9.112238000E+06,   -4.091233600E+07,    4.196175200E+07
  -1.914176400E+07,   -3.737956400E+07,    4.188080800E+07
  -3.862875200E+07,   -1.661836800E+07,    4.182452400E+07
  -4.036673600E+07,    1.180256500E+07,    4.181946400E+07
  -2.355403800E+07,    3.478292000E+07,    4.186881200E+07
   4.059491500E+06,    4.172908400E+07,    4.195051200E+07
   2.974425000E+07,    2.943880400E+07,    4.202710800E+07
   4.165993200E+07,    3.577978000E+06,    4.206292400E+07
   3.431428800E+07,   -2.393225600E+07,    4.204067200E+07
   1.109366200E+07,   -4.041174400E+07,    4.196978400E+07
  -1.729933800E+07,   -3.826532800E+07,    4.188244000E+07
  -3.777860800E+07,   -1.848223000E+07,    4.181896000E+07
  -4.090484800E+07,    9.819682000E+06,    4.180919600E+07
  -2.523649400E+07,    3.359504800E+07,    4.185850000E+07
   2.004173250E+06,    4.188382000E+07,    4.194485600E+07
   2.825944000E+07,    3.086477200E+07,    4.202870400E+07
   4.142593600E+07,    5.617794000E+06,    4.207106000E+07
   3.543478400E+07,   -2.221884600E+07,    4.205164400E+07
   1.304803800E+07,   -3.981444400E+07,    4.197857200E+07
  -1.541596600E+07,   -3.905940400E+07,    4.188499200E+07
  -3.683839600E+07,   -2.030168800E+07,    4.181406000E+07
  -4.134528000E+07,    7.813462000E+06,    4.179903200E+07
  -2.685868200E+07,    3.232684000E+07,    4.184767600E+07
  -5.607680078E+04,    4.193824800E+07,    4.193830800E+07
   2.670678200E+07,    3.221670800E+07,    4.202943200E+07
   4.109246000E+07,    7.643960000E+06,    4.207875200E+07
   3.647000000E+07,   -2.045244000E+07,    4.206279600E+07
   1.497061400E+07,   -3.912191200E+07,    4.198807600E+07
  -1.349627600E+07,   -3.975988400E+07,    4.188847200E+07
  -3.581046400E+07,   -2.207231800E+07,    4.180987200E+07
  -4.168702800E+07,    5.788792000E+06,    4.178903600E+07
  -2.841672200E+07,    3.098140200E+07,    4.183640000E+07
  -2.116301000E+06,    4.189228400E+07,    4.193089200E+07
   2.509001600E+07,    3.349138400E+07,    4.202927600E+07
   4.066030800E+07,    9.651630000E+06,    4.208594800E+07
   3.741748400E+07,   -1.863722800E+07,    4.207406800E+07
   1.685684400E+07,   -3.833580800E+07,    4.199826400E+07
  -1.154477000E+07,   -4.036515600E+07,    4.189288400E+07
  -3.469724000E+07,   -2.379000800E+07,    4.180643600E+07
  -4.192933200E+07,    3.750386000E+06,    4.177926400E+07
  -2.990699200E+07,    2.956190400E+07,    4.182471600E+07
  -4.171675000E+06,    4.174604800E+07,    4.192261600E+07
   2.341294000E+07,    3.468581600E+07,    4.202819600E+07
   4.013050800E+07,    1.163607600E+07,    4.209257600E+07
   3.827500000E+07,   -1.677753200E+07,    4.208538800E+07
   1.870225600E+07,   -3.745801600E+07,    4.200909200E+07
  -9.566152000E+06,   -4.087380400E+07,    4.189823200E+07
  -3.350146200E+07,   -2.545063600E+07,    4.180380400E+07
  -4.207165600E+07,    1.703174000E+06,    4.176979200E+07
  -3.132595800E+07,    2.807176600E+07,    4.181268800E+07
  -6.217281000E+06,    4.149992400E+07,    4.191350800E+07
   2.167960400E+07,    3.579714400E+07,    4.202618000E+07
   3.950434400E+07,    1.359249000E+07,    4.209859200E+07
   3.904045600E+07,   -1.487788100E+07,    4.209669600E+07
   2.050233400E+07,   -3.649069600E+07,    4.202051200E+07
  -7.565234500E+06,   -4.128461600E+07,    4.190450800E+07
  -3.222603600E+07,   -2.705023400E+07,    4.180200400E+07
  -4.211371600E+07,   -3.479440000E+05,    4.176067600E+07
  -3.267026200E+07,    2.651458800E+07,    4.180036800E+07
  -8.248265000E+06,    4.115452800E+07,    4.190359600E+07
   1.989412000E+07,    3.682274400E+07,    4.202320800E+07
   3.878330800E+07,    1.551625800E+07,    4.210393600E+07
   3.971206400E+07,   -1.294276600E+07,    4.210792800E+07
   2.225284200E+07,   -3.543616400E+07,    4.203248800E+07
  -5.546788500E+06,   -4.159665600E+07,    4.191171600E+07
  -3.087404800E+07,   -2.858500800E+07,    4.180109200E+07
  -4.205545600E+07,   -2.398062000E+06,    4.175199200E+07
  -3.393672400E+07,    2.489411000E+07,    4.178783200E+07
  -1.025975700E+07,    4.071071200E+07,    4.189291200E+07
   1.806076800E+07,    3.776017200E+07,    4.201926800E+07
   3.796912800E+07,    1.740274000E+07,    4.210856000E+07
   4.028818400E+07,   -1.097686200E+07,    4.211901600E+07
   2.394952400E+07,   -3.429696400E+07,    4.204496800E+07
  -3.515694250E+06,   -4.180918000E+07,    4.191984400E+07
  -2.944878000E+07,   -3.005127600E+07,    4.180109200E+07
  -4.189705200E+07,   -4.442258000E+06,    4.174379600E+07
  -3.512232400E+07,    2.321425400E+07,    4.177513200E+07
  -1.224694900E+07,    4.016956800E+07,    4.188148800E+07
   1.618397600E+07,    3.860718400E+07,    4.201434400E+07
   3.706378800E+07,    1.924738600E+07,    4.211240400E+07
   4.076744400E+07,   -8.984948000E+06,    4.212988400E+07
   2.558827400E+07,   -3.307591000E+07,    4.205788000E+07
  -1.476918125E+06,   -4.192172000E+07,    4.192886000E+07
  -2.795375600E+07,   -3.144550600E+07,    4.180202000E+07
  -4.163896000E+07,   -6.475558000E+06,    4.173614000E+07
  -3.622426000E+07,    2.147911000E+07,    4.176232800E+07
  -1.420505800E+07,    3.953244800E+07,    4.186936000E+07
   1.426826100E+07,    3.936178400E+07,    4.200843200E+07
   3.606947600E+07,    2.104578800E+07,    4.211542800E+07
   4.114870400E+07,   -6.971806000E+06,    4.214047600E+07
   2.716516600E+07,   -3.177594000E+07,    4.207118800E+07
   5.646418750E+05,   -4.193403200E+07,    4.193876000E+07
  -2.639258600E+07,   -3.276438400E+07,    4.180392400E+07
  -4.128184400E+07,   -8.493126000E+06,    4.172910000E+07
  -3.723993600E+07,    1.969283600E+07,    4.174950400E+07
  -1.612944800E+07,    3.880089600E+07,    4.185658000E+07
   1.231820300E+07,    4.002217600E+07,    4.200153600E+07
   3.498858400E+07,    2.279363200E+07,    4.211758800E+07
   4.143106000E+07,   -4.942270000E+06,    4.215072000E+07
   2.867642000E+07,   -3.040020400E+07,    4.208482800E+07
   2.604072000E+06,   -4.184613200E+07,    4.194952000E+07
  -2.476905400E+07,   -3.400479600E+07,    4.180681600E+07
  -4.082663200E+07,   -1.049011400E+07,    4.172272800E+07
  -3.816698000E+07,    1.785975200E+07,    4.173671200E+07
  -1.801552200E+07,    3.797672400E+07,    4.184318000E+07
   1.033846100E+07,    4.058684000E+07,    4.199365200E+07
   3.382371600E+07,    2.448676800E+07,    4.211884000E+07
   4.161386000E+07,   -2.901198000E+06,    4.216054800E+07
   3.011842800E+07,   -2.895201600E+07,    4.209873200E+07
   4.636484000E+06,   -4.165826400E+07,    4.196110000E+07
  -2.308710000E+07,   -3.516379200E+07,    4.181071200E+07
  -4.027446000E+07,   -1.246177400E+07,    4.171707600E+07
  -3.900322800E+07,    1.598424000E+07,    4.172402800E+07
  -1.985881400E+07,    3.706192000E+07,    4.182922400E+07
   8.333783000E+06,    4.105444000E+07,    4.198480000E+07
   3.257767200E+07,    2.612114600E+07,    4.211915600E+07
   4.169667600E+07,   -8.535100000E+05,    4.216990800E+07
   3.148772400E+07,   -2.743489400E+07,    4.211285200E+07
   6.656950000E+06,   -4.137092800E+07,    4.197349200E+07
  -2.135081800E+07,   -3.623861600E+07,    4.181564000E+07
  -3.962673200E+07,   -1.440334400E+07,    4.171220800E+07
  -3.974672400E+07,    1.407086700E+07,    4.171152400E+07
  -2.165491000E+07,    3.605875200E+07,    4.181476000E+07
   6.308977000E+06,    4.142391200E+07,    4.197498400E+07
   3.125348800E+07,    2.769286800E+07,    4.211849200E+07
   4.167935200E+07,    1.195854000E+06,    4.217872000E+07
   3.278102400E+07,   -2.585255000E+07,    4.212710800E+07
   8.660586000E+06,   -4.098487200E+07,    4.198663600E+07
  -1.956445800E+07,   -3.722672800E+07,    4.182159600E+07
  -3.888509200E+07,   -1.631016600E+07,    4.170816800E+07
  -4.039576000E+07,    1.212425200E+07,    4.169926000E+07
  -2.339954600E+07,    3.496967600E+07,    4.179983600E+07
   4.268903000E+06,    4.169441600E+07,    4.196421200E+07
   2.985433200E+07,    2.919821200E+07,    4.211681600E+07
   4.156195200E+07,    3.242036000E+06,    4.218692000E+07
   3.399529200E+07,   -2.420873600E+07,    4.214143200E+07
   1.064265200E+07,   -4.050105600E+07,    4.200049600E+07
  -1.773225000E+07,   -3.812584800E+07,    4.182858400E+07
  -3.805133600E+07,   -1.817780000E+07,    4.170500000E+07
  -4.094888000E+07,    1.014896600E+07,    4.168730400E+07
  -2.508869000E+07,    3.379728000E+07,    4.178450400E+07
   2.218324750E+06,    4.186537600E+07,    4.195250400E+07
   2.838354200E+07,    3.063365600E+07,    4.211409600E+07
   4.134479200E+07,    5.280184000E+06,    4.219444800E+07
   3.512766400E+07,   -2.250739200E+07,    4.215576000E+07
   1.259844600E+07,   -3.992067200E+07,    4.201503200E+07
  -1.585860900E+07,   -3.893387600E+07,    4.183660800E+07
  -3.712752400E+07,   -2.000179000E+07,    4.170275200E+07
  -4.140482400E+07,    8.149744000E+06,    4.167572800E+07
  -2.671834600E+07,    3.254439600E+07,    4.176884000E+07
   1.621225000E+05,    4.193640800E+07,    4.193989600E+07
   2.684460000E+07,    3.199581200E+07,    4.211032000E+07
   4.102838800E+07,    7.305454000E+06,    4.220124800E+07
   3.617543600E+07,   -2.075260800E+07,    4.217002400E+07
   1.452324400E+07,   -3.924514400E+07,    4.203019600E+07
  -1.394806500E+07,   -3.964890000E+07,    4.184566400E+07
  -3.611592400E+07,   -2.177777400E+07,    4.170146800E+07
  -4.176255200E+07,    6.131402000E+06,    4.166460000E+07
  -2.828461400E+07,    3.121409400E+07,    4.175289600E+07
  -1.894749625E+06,    4.190739200E+07,    4.192640800E+07
   2.524124800E+07,    3.328141600E+07,    4.210546400E+07
   4.061353600E+07,    9.312952000E+06,    4.220726000E+07
   3.713611200E+07,   -1.894861200E+07,    4.218415200E+07
   1.641245700E+07,   -3.847614400E+07,    4.204594400E+07
  -1.200521800E+07,   -4.026927600E+07,    4.185575200E+07
  -3.501901200E+07,   -2.350156400E+07,    4.170118800E+07
  -4.202129200E+07,    4.098758000E+06,    4.165399200E+07
  -2.978383800E+07,    2.980957000E+07,    4.173674800E+07
  -3.947431750E+06,    4.177844800E+07,    4.191208400E+07
   2.357730400E+07,    3.448745600E+07,    4.209952400E+07
   4.010125200E+07,    1.129793800E+07,    4.221243600E+07
   3.800743200E+07,   -1.709973400E+07,    4.219808000E+07
   1.826156000E+07,   -3.761554400E+07,    4.206222000E+07
  -1.003474700E+07,   -4.079355200E+07,    4.186686000E+07
  -3.383948800E+07,   -2.516903400E+07,    4.170195200E+07
  -4.218049200E+07,    2.056666000E+06,    4.164397200E+07
  -3.121251400E+07,    2.833418600E+07,    4.172046000E+07
  -5.991076000E+06,    4.154992800E+07,    4.189695200E+07
   2.185672600E+07,    3.561111200E+07,    4.209247600E+07
   3.949278400E+07,    1.325569400E+07,    4.221671600E+07
   3.878735600E+07,   -1.521037800E+07,    4.221172800E+07
   2.006618200E+07,   -3.666543200E+07,    4.207896000E+07
  -8.041344500E+06,   -4.122054800E+07,    4.187896400E+07
  -3.258018000E+07,   -2.677630800E+07,    4.170378400E+07
  -4.223984800E+07,    9.960000000E+03,    4.163459600E+07
  -3.256729000E+07,    2.679149800E+07,    4.170409600E+07
  -8.020848000E+06,    4.122242400E+07,    4.188105200E+07
   2.008359400E+07,    3.664975200E+07,    4.208431600E+07
   3.878956800E+07,    1.518161800E+07,    4.222004800E+07
   3.947404000E+07,   -1.328501000E+07,    4.222503200E+07
   2.182204800E+07,   -3.562807600E+07,    4.209611600E+07
  -6.029748500E+06,   -4.154927600E+07,    4.189205200E+07
  -3.124413400E+07,   -2.831956800E+07,    4.170672000E+07
  -4.219926800E+07,   -2.036492000E+06,    4.162593600E+07
  -3.384499600E+07,    2.518518800E+07,    4.168772800E+07
  -1.003193400E+07,    4.079674000E+07,    4.186442800E+07
   1.826215800E+07,    3.760090800E+07,    4.207504400E+07
   3.799332800E+07,    1.707105800E+07,    4.222238400E+07
   4.006584400E+07,   -1.132831800E+07,    4.223790800E+07
   2.352490800E+07,   -3.450603200E+07,    4.211361200E+07
  -4.004862500E+06,   -4.177899600E+07,    4.190608800E+07
  -2.983462000E+07,   -2.979514200E+07,    4.171077600E+07
  -4.205892400E+07,   -4.077800000E+06,    4.161805200E+07
  -3.504264800E+07,    2.351910600E+07,    4.167143200E+07
  -1.201958000E+07,    4.027394400E+07,    4.184713600E+07
   1.639673900E+07,    3.846237600E+07,    4.206466800E+07
   3.710597600E+07,    1.891958200E+07,    4.222368800E+07
   4.056141600E+07,   -9.344916000E+06,    4.225030400E+07
   2.517075200E+07,   -3.330199200E+07,    4.213139600E+07
  -1.971514375E+06,   -4.190921200E+07,    4.192106000E+07
  -2.835507000E+07,   -3.119953200E+07,    4.171598400E+07
  -4.181922800E+07,   -6.109018000E+06,    4.161100800E+07
  -3.615738000E+07,    2.179737800E+07,    4.165527600E+07
  -1.397893300E+07,    3.965538400E+07,    4.182922400E+07
   1.449196000E+07,    3.923208400E+07,    4.205319200E+07
   3.612974000E+07,    2.072262400E+07,    4.222391600E+07
   4.095953600E+07,   -7.339778000E+06,    4.226213600E+07
   2.675549000E+07,   -3.201900200E+07,    4.214939600E+07
   6.522578516E+04,   -4.193965600E+07,    4.193692000E+07
  -2.680920400E+07,   -3.252932000E+07,    4.172234800E+07
  -4.148085600E+07,   -8.125188000E+06,    4.160486000E+07
  -3.718657600E+07,    2.002418400E+07,    4.163934400E+07
  -1.590536700E+07,    3.894258400E+07,    4.181075200E+07
   1.255229600E+07,    3.990826800E+07,    4.204062800E+07
   3.506692800E+07,    2.247600200E+07,    4.222302800E+07
   4.125933200E+07,   -5.317552000E+06,    4.227334000E+07
   2.827548600E+07,   -3.066006400E+07,    4.216754000E+07
   2.100646000E+06,   -4.187032000E+07,    4.195363600E+07
  -2.520062000E+07,   -3.378149600E+07,    4.172988400E+07
  -4.104465200E+07,   -1.012170600E+07,    4.159965600E+07
  -3.812794000E+07,    1.820362800E+07,    4.162369200E+07
  -1.779444800E+07,    3.813724800E+07,    4.179176000E+07
   1.058228900E+07,    4.048939600E+07,    4.202698000E+07
   3.392007200E+07,    2.417562400E+07,    4.222098000E+07
   4.146012800E+07,   -3.283008000E+06,    4.228383600E+07
   2.972716200E+07,   -2.922844000E+07,    4.218574800E+07
   4.129898000E+06,   -4.170143200E+07,    4.197115200E+07
  -2.353322400E+07,   -3.495312400E+07,    4.173858800E+07
  -4.051175600E+07,   -1.209378600E+07,    4.159544800E+07
  -3.897928400E+07,    1.634013700E+07,    4.160840000E+07
  -1.964165800E+07,    3.724140000E+07,    4.177232400E+07
   8.586717000E+06,    4.097414000E+07,    4.201228000E+07
   3.269199600E+07,    2.581740000E+07,    4.221775600E+07
   4.156148800E+07,   -1.241120000E+06,    4.229356800E+07
   3.110700200E+07,   -2.772767400E+07,    4.220396000E+07
   6.148018000E+06,   -4.143347200E+07,    4.198944000E+07
  -2.181114600E+07,   -3.604140000E+07,    4.174848000E+07
  -3.988354800E+07,   -1.403665200E+07,    4.159230000E+07
  -3.973861600E+07,    1.443826000E+07,    4.159355200E+07
  -2.144259200E+07,    3.625723600E+07,    4.175251200E+07
   6.570344500E+06,    4.136138400E+07,    4.199655600E+07
   3.138563600E+07,    2.739746400E+07,    4.221332800E+07
   4.156320000E+07,    8.032940000E+05,    4.230247200E+07
   3.241178200E+07,   -2.616132800E+07,    4.222210000E+07
   8.150254000E+06,   -4.106711600E+07,    4.200844800E+07
  -2.003843000E+07,   -3.704383600E+07,    4.175955200E+07
  -3.916154800E+07,   -1.594580800E+07,    4.159024800E+07
  -4.040424400E+07,    1.250241100E+07,    4.157921200E+07
  -2.319310400E+07,    3.518710000E+07,    4.173238400E+07
   4.537848000E+06,    4.165027600E+07,    4.197983200E+07
   3.000407200E+07,    2.891214200E+07,    4.220767200E+07
   4.146529200E+07,    2.845420000E+06,    4.231048400E+07
   3.363844000E+07,   -2.453312200E+07,    4.224008800E+07
   1.013188000E+07,   -4.060328000E+07,    4.202811600E+07
  -1.821935000E+07,   -3.795809200E+07,    4.177179200E+07
  -3.834756400E+07,   -1.781671400E+07,    4.158933600E+07
  -4.097466000E+07,    1.053725800E+07,    4.156545600E+07
  -2.488906800E+07,    3.403360000E+07,    4.171201200E+07
   2.494108000E+06,    4.184018800E+07,    4.196214400E+07
   2.855065000E+07,    3.035784800E+07,    4.220077200E+07
   4.126804800E+07,    4.880362000E+06,    4.231754000E+07
   3.478407200E+07,   -2.284701400E+07,    4.225785200E+07
   1.208811600E+07,   -4.004315200E+07,    4.204839200E+07
  -1.635830900E+07,   -3.878204800E+07,    4.178519200E+07
  -3.744362000E+07,   -1.964494200E+07,    4.158960400E+07
  -4.144859200E+07,    8.547486000E+06,    4.155235600E+07
  -2.652650200E+07,    3.279954800E+07,    4.169146400E+07
   4.439658125E+05,    4.193074400E+07,    4.194352800E+07
   2.702884400E+07,    3.173120000E+07,    4.219261200E+07
   4.097197600E+07,    6.903312000E+06,    4.232358000E+07
   3.584599600E+07,   -2.110702600E+07,    4.227531200E+07
   1.401435100E+07,   -3.938810800E+07,    4.206921600E+07
  -1.445975600E+07,   -3.951380800E+07,    4.179974400E+07
  -3.645194000E+07,   -2.142617200E+07,    4.159109600E+07
  -4.182498800E+07,    6.537854000E+06,    4.153999200E+07
  -2.810155400E+07,    3.148791800E+07,    4.167082400E+07
  -1.607716375E+06,    4.192176800E+07,    4.192403200E+07
   2.544230400E+07,    3.302894600E+07,    4.218319200E+07
   4.057781600E+07,    8.909418000E+06,    4.232856000E+07
   3.682168000E+07,   -1.931737400E+07,    4.229239600E+07
   1.590591900E+07,   -3.863978800E+07,    4.209052400E+07
  -1.252833200E+07,   -4.015165600E+07,    4.181542000E+07
  -3.537499600E+07,   -2.315612200E+07,    4.159384000E+07
  -4.210302000E+07,    4.513228000E+06,    4.152842800E+07
  -2.961049200E+07,    3.010193400E+07,    4.165016800E+07
  -3.655998500E+06,    4.181336000E+07,    4.190370800E+07
   2.379489400E+07,    3.424802000E+07,    4.217250800E+07
   4.008658000E+07,    1.089386400E+07,    4.233242000E+07
   3.770883600E+07,   -1.748239200E+07,    4.230902400E+07
   1.775830000E+07,   -3.780006400E+07,    4.211225200E+07
  -1.056868900E+07,   -4.069415200E+07,    4.183219600E+07
  -3.421544800E+07,   -2.483073200E+07,    4.159786000E+07
  -4.228214400E+07,    2.478440000E+06,    4.151772800E+07
  -3.104979200E+07,    2.864496800E+07,    4.162956000E+07
  -5.696020500E+06,    4.160586400E+07,    4.188259200E+07
   2.209054800E+07,    3.538558000E+07,    4.216055200E+07
   3.949948000E+07,    1.285196000E+07,    4.233511200E+07
   3.850540000E+07,   -1.560646600E+07,    4.232512000E+07
   1.956712400E+07,   -3.687098400E+07,    4.213433200E+07
  -8.585507000E+06,   -4.114007600E+07,    4.185005200E+07
  -3.297611400E+07,   -2.644606800E+07,    4.160318800E+07
  -4.236201600E+07,    4.382980000E+05,    4.150796800E+07
  -3.241614400E+07,    2.712048800E+07,    4.160909200E+07
  -7.723031000E+06,    4.129983600E+07,    4.186074800E+07
   2.033330000E+07,    3.643902800E+07,    4.214733600E+07
   3.881796000E+07,    1.477913400E+07,    4.233658800E+07
   3.920956400E+07,   -1.369402900E+07,    4.234060800E+07
   2.132815200E+07,   -3.585480800E+07,    4.215668800E+07
  -6.583507000E+06,   -4.148846800E+07,    4.186894000E+07
  -3.166002600E+07,   -2.799836600E+07,    4.160983200E+07
  -4.234256400E+07,   -1.602332000E+06,    4.149920000E+07
  -3.370635600E+07,    2.553221800E+07,    4.158883600E+07
  -9.732169000E+06,    4.089610400E+07,    4.183823200E+07
   1.852740200E+07,    3.740589200E+07,    4.213287200E+07
   3.804372400E+07,    1.667074600E+07,    4.233681200E+07
   3.981967600E+07,   -1.174975900E+07,    4.235541200E+07
   2.303713200E+07,   -3.475408000E+07,    4.217924800E+07
  -4.567568500E+06,   -4.173856000E+07,    4.188883200E+07
  -3.027043400E+07,   -2.948393000E+07,    4.161782000E+07
  -4.222393200E+07,   -3.638576000E+06,    4.149150000E+07
  -3.491746800E+07,    2.388395600E+07,    4.156887600E+07
  -1.171877700E+07,    4.039568800E+07,    4.181510400E+07
   1.667710400E+07,    3.828397600E+07,    4.211716400E+07
   3.717862400E+07,    1.852242400E+07,    4.233573200E+07
   4.033437200E+07,   -9.778166000E+06,    4.236945200E+07
   2.469013400E+07,   -3.357140400E+07,    4.220192800E+07
  -2.542376500E+06,   -4.188986000E+07,    4.190967200E+07
  -2.881064200E+07,   -3.089938600E+07,    4.162714800E+07
  -4.200650800E+07,   -5.665716000E+06,    4.148490800E+07
  -3.604672800E+07,    2.217961600E+07,    4.154928000E+07
  -1.367819800E+07,    3.979985600E+07,    4.179142400E+07
   1.478678300E+07,    3.907129200E+07,    4.210023600E+07
   3.622475600E+07,    2.032983000E+07,    4.233331600E+07
   4.075249200E+07,   -7.783964000E+06,    4.238265200E+07
   2.628327000E+07,   -3.230964800E+07,    4.222465200E+07
  -5.127383438E+05,   -4.194208000E+07,    4.193141600E+07
  -2.728415000E+07,   -3.224146200E+07,    4.163782000E+07
  -4.169089200E+07,   -7.678982000E+06,    4.147948400E+07
  -3.709156400E+07,    2.042323800E+07,    4.153013600E+07
  -1.560589800E+07,    3.911005600E+07,    4.176726400E+07
   1.286087200E+07,    3.976604800E+07,    4.208211200E+07
   3.518440400E+07,    2.208874200E+07,    4.232954000E+07
   4.107309600E+07,   -5.771828000E+06,    4.239494800E+07
   2.781280600E+07,   -3.097183200E+07,    4.224734800E+07
   1.516499750E+06,   -4.189516800E+07,    4.195402400E+07
  -2.569466800E+07,   -3.350699600E+07,    4.164985600E+07
  -4.127792000E+07,   -9.673582000E+06,    4.147529600E+07
  -3.804956400E+07,    1.861904000E+07,    4.151152800E+07
  -1.749729600E+07,    3.832801200E+07,    4.174270000E+07
   1.090398000E+07,    4.036665200E+07,    4.206282400E+07
   3.406008800E+07,    2.379500800E+07,    4.232437200E+07
   4.129547200E+07,   -3.746596000E+06,    4.240626800E+07
   2.927511000E+07,   -2.956121800E+07,    4.226992800E+07
   3.540488000E+06,   -4.174930800E+07,    4.197742800E+07
  -2.404605000E+07,   -3.469303600E+07,    4.166323200E+07
  -4.076868400E+07,   -1.164477000E+07,    4.147237600E+07
  -3.891852800E+07,    1.677139000E+07,    4.149353200E+07
  -1.934793000E+07,    3.745567200E+07,    4.171779600E+07
   8.920812000E+06,    4.087174800E+07,    4.204240400E+07
   3.285456800E+07,    2.544456800E+07,    4.231779600E+07
   4.141915600E+07,   -1.713126000E+06,    4.241654400E+07
   3.066673800E+07,   -2.808124000E+07,    4.229231200E+07
   5.554380000E+06,   -4.150494800E+07,    4.200158000E+07
  -2.234229800E+07,   -3.579684800E+07,    4.167795600E+07
  -4.016450400E+07,   -1.358791200E+07,    4.147078400E+07
  -3.969651600E+07,    1.488467600E+07,    4.147623200E+07
  -2.115349800E+07,    3.649518000E+07,    4.169264000E+07
   6.916016000E+06,    4.128024000E+07,    4.202089200E+07
   3.157071800E+07,    2.703361600E+07,    4.230978800E+07
   4.144392400E+07,    3.238000000E+05,    4.242571200E+07
   3.198444600E+07,   -2.653544400E+07,    4.231442000E+07
   7.553392500E+06,   -4.116274800E+07,    4.202641200E+07
  -2.058755400E+07,   -3.681586000E+07,    4.169400400E+07
  -3.946694000E+07,   -1.549835400E+07,    4.147055200E+07
  -4.038175600E+07,    1.296349800E+07,    4.145970000E+07
  -2.290970400E+07,    3.544892800E+07,    4.166730400E+07
   4.894449500E+06,    4.159122400E+07,    4.199832800E+07
   3.021168800E+07,    2.855836400E+07,    4.230034000E+07
   4.136978400E+07,    2.359278000E+06,    4.243370800E+07
   3.322513000E+07,   -2.492759200E+07,    4.233616400E+07
   9.532782000E+06,   -4.072361200E+07,    4.205185600E+07
  -1.878598200E+07,   -3.774777200E+07,    4.171136400E+07
  -3.867771600E+07,   -1.737169000E+07,    4.147172400E+07
  -4.097276400E+07,    1.101231800E+07,    4.144402000E+07
  -2.461256000E+07,    3.431940800E+07,    4.164186800E+07
   2.860753250E+06,    4.180407600E+07,    4.197476000E+07
   2.878067200E+07,    3.001535800E+07,    4.228944000E+07
   4.119699200E+07,    4.388584000E+06,    4.244047200E+07
   3.438596000E+07,   -2.326149400E+07,    4.235745600E+07
   1.148789900E+07,   -4.018866800E+07,    4.207784000E+07
  -1.694193400E+07,   -3.859045600E+07,    4.173000400E+07
  -3.779882000E+07,   -1.920351200E+07,    4.147432800E+07
  -4.146826000E+07,    9.035802000E+06,    4.142925600E+07
  -2.625810200E+07,    3.310939400E+07,    4.161641200E+07
   8.197511250E+05,    4.191839200E+07,    4.195023600E+07
   2.728110000E+07,    3.140120800E+07,    4.227708000E+07
   4.092601200E+07,    6.406970000E+06,    4.244594000E+07
   3.546426000E+07,   -2.154109400E+07,    4.237821600E+07
   1.341419500E+07,   -3.955924000E+07,    4.210429200E+07
  -1.505970700E+07,   -3.934204800E+07,    4.174989600E+07
  -3.683238800E+07,   -2.098960600E+07,    4.147839200E+07
  -4.186718400E+07,    7.038582000E+06,    4.141548800E+07
  -2.784253000E+07,    3.182178600E+07,    4.159102000E+07
  -1.223759125E+06,    4.193397600E+07,    4.192481200E+07
   2.571655600E+07,    3.271270000E+07,    4.226326800E+07
   4.055756400E+07,    8.409610000E+06,    4.245006800E+07
   3.645750400E+07,   -1.977056400E+07,    4.239836000E+07
   1.530703300E+07,   -3.883693200E+07,    4.213114400E+07
  -1.314395500E+07,   -4.000080000E+07,    4.177102000E+07
  -3.578086800E+07,   -2.272567800E+07,    4.148395600E+07
  -4.216868800E+07,    5.025502000E+06,    4.140280000E+07
  -2.936213000E+07,    3.045974400E+07,    4.156579200E+07
  -3.264929250E+06,    4.185089200E+07,    4.189855600E+07
   2.409080000E+07,    3.394679200E+07,    4.224801200E+07
   4.009258400E+07,    1.039181600E+07,    4.245280400E+07
   3.736342000E+07,   -1.795410800E+07,    4.241780800E+07
   1.716201400E+07,   -3.802351200E+07,    4.215831200E+07
  -1.119911900E+07,   -4.056528400E+07,    4.179333200E+07
  -3.464676400E+07,   -2.440781200E+07,    4.149103200E+07
  -4.237219600E+07,    3.001166000E+06,    4.139124800E+07
  -3.081351200E+07,    2.902645200E+07,    4.154080400E+07
  -5.299105500E+06,    4.166941600E+07,    4.187153200E+07
   2.240759400E+07,    3.510072400E+07,    4.223132800E+07
   3.953221600E+07,    1.234903600E+07,    4.245410800E+07
   3.817998800E+07,   -1.609595700E+07,    4.243648000E+07
   1.897485000E+07,   -3.712096800E+07,    4.218572400E+07
  -9.229827000E+06,   -4.103428000E+07,    4.181679600E+07
  -3.343286800E+07,   -2.603208000E+07,    4.149964000E+07
  -4.247734400E+07,    9.703980000E+05,    4.138090800E+07
  -3.219331000E+07,    2.752538200E+07,    4.151614400E+07
  -7.321492000E+06,    4.139008000E+07,    4.184379600E+07
   2.067096200E+07,    3.617183600E+07,    4.221321600E+07
   3.887784400E+07,    1.427667000E+07,    4.245392400E+07
   3.890532400E+07,   -1.420053900E+07,    4.245428400E+07
   2.074127000E+07,   -3.613148800E+07,    4.221328000E+07
  -7.240747000E+06,   -4.140674400E+07,    4.184135200E+07
  -3.214210800E+07,   -2.759471600E+07,    4.150978400E+07
  -4.248398800E+07,   -1.062028000E+06,    4.137183600E+07
  -3.349835400E+07,    2.596014200E+07,    4.149189600E+07
  -9.327314000E+06,    4.101362400E+07,    4.181542400E+07
   1.888507400E+07,    3.715764400E+07,    4.219371200E+07
   3.813111200E+07,    1.617011200E+07,    4.245222800E+07
   3.953775600E+07,   -1.227244400E+07,    4.247115200E+07
   2.245708200E+07,   -3.505753200E+07,    4.224091200E+07
  -5.236671000E+06,   -4.168189600E+07,    4.186696000E+07
  -3.077767200E+07,   -2.909205200E+07,    4.152148000E+07
  -4.239222800E+07,   -3.091270000E+06,    4.136410000E+07
  -3.472564400E+07,    2.433449400E+07,    4.146815200E+07
  -1.131189000E+07,    4.054103600E+07,    4.178649200E+07
   1.705414000E+07,    3.805592800E+07,    4.217283600E+07
   3.729382400E+07,    1.802500200E+07,    4.244897600E+07
   4.007589600E+07,   -1.031617600E+07,    4.248699600E+07
   2.411831400E+07,   -3.390169200E+07,    4.226852400E+07
  -3.222308750E+06,   -4.185919200E+07,    4.189356400E+07
  -2.934282800E+07,   -3.052066400E+07,    4.153472400E+07
  -4.220240400E+07,   -5.112604000E+06,    4.135775600E+07
  -3.587242000E+07,    2.265229600E+07,    4.144500400E+07
  -1.327062400E+07,    3.997351600E+07,    4.175708000E+07
   1.518245800E+07,    3.886467600E+07,    4.215062000E+07
   3.636800800E+07,    1.983702800E+07,    4.244414000E+07
   4.051854000E+07,   -8.336354000E+06,    4.250174000E+07
   2.572110200E+07,   -3.266674800E+07,    4.229602400E+07
  -1.202416500E+06,   -4.193830400E+07,    4.192109200E+07
  -2.784104400E+07,   -3.187726800E+07,    4.154950400E+07
  -4.191508800E+07,   -7.121274000E+06,    4.135284800E+07
  -3.693608000E+07,    2.091759200E+07,    4.142252400E+07
  -1.519892300E+07,    3.931251200E+07,    4.172725600E+07
   1.327451100E+07,    3.958206400E+07,    4.212709600E+07
   3.535594800E+07,    2.160193000E+07,    4.243769600E+07
   4.086473200E+07,   -6.337704000E+06,    4.251530800E+07
   2.726168800E+07,   -3.135572200E+07,    4.232332000E+07
   8.181896875E+05,   -4.191915600E+07,    4.194948400E+07
  -2.627596600E+07,   -3.315872800E+07,    4.156581200E+07
  -4.153107600E+07,   -9.112558000E+06,    4.134942800E+07
  -3.791422800E+07,    1.913449200E+07,    4.140080400E+07
  -1.709231400E+07,    3.855966800E+07,    4.169710800E+07
   1.133478600E+07,    4.020649600E+07,    4.210230800E+07
   3.426008000E+07,    2.331561200E+07,    4.242962400E+07
   4.111373200E+07,   -4.324942000E+06,    4.252763600E+07
   2.873648200E+07,   -2.997178600E+07,    4.235033200E+07
   2.834707750E+06,   -4.180190000E+07,    4.197868000E+07
  -2.465140800E+07,   -3.436207600E+07,    4.158364800E+07
  -4.105142000E+07,   -1.108171200E+07,    4.134756000E+07
  -3.880463600E+07,    1.730735200E+07,    4.137994800E+07
  -1.894632200E+07,    3.771689600E+07,    4.166673600E+07
   9.367938000E+06,    4.073659600E+07,    4.207631200E+07
   3.308311200E+07,    2.497404000E+07,    4.241991600E+07
   4.126504800E+07,   -2.302896000E+06,    4.253865200E+07
   3.014205800E+07,   -2.851830200E+07,    4.237696000E+07
   4.842382000E+06,   -4.158692800E+07,    4.200860000E+07
  -2.297122400E+07,   -3.548462000E+07,    4.160298400E+07
  -4.047734400E+07,   -1.302425800E+07,    4.134727200E+07
  -3.960540400E+07,    1.544034700E+07,    4.136002000E+07
  -2.075681200E+07,    3.678620000E+07,    4.163621200E+07
   7.378413500E+06,    4.117126000E+07,    4.204914400E+07
   3.182773800E+07,    2.657355600E+07,    4.240855200E+07
   4.131841200E+07,   -2.760900000E+05,    4.254828800E+07
   3.147530200E+07,   -2.699860400E+07,    4.240312000E+07
   6.836668500E+06,   -4.127482800E+07,    4.203917600E+07
  -2.123935000E+07,   -3.652387200E+07,    4.162379600E+07
  -3.981031200E+07,   -1.493571200E+07,    4.134860400E+07
  -4.031477600E+07,    1.353791600E+07,    4.134110800E+07
  -2.251959000E+07,    3.576987200E+07,    4.160562400E+07
   5.370917000E+06,    4.150956800E+07,    4.202086000E+07
   3.049700800E+07,    2.811041200E+07,    4.239552800E+07
   4.127378000E+07,    1.750638000E+06,    4.255647600E+07
   3.273307600E+07,   -2.541639600E+07,    4.242871200E+07
   8.812792000E+06,   -4.086643600E+07,    4.207032400E+07
  -1.945995600E+07,   -3.747744400E+07,    4.164606000E+07
  -3.905200400E+07,   -1.681159200E+07,    4.135159600E+07
  -4.093119200E+07,    1.160455400E+07,    4.132330000E+07
  -2.423058200E+07,    3.467038400E+07,    4.157507600E+07
   3.350184750E+06,    4.175082400E+07,    4.199152800E+07
   2.909412200E+07,    2.958105200E+07,    4.238085200E+07
   4.113134800E+07,    3.772504000E+06,    4.256317200E+07
   3.391249200E+07,   -2.377547000E+07,    4.245365600E+07
   1.076611700E+07,   -4.036282800E+07,    4.210197200E+07
  -1.763732200E+07,   -3.834319200E+07,    4.166974400E+07
  -3.820432800E+07,   -1.864752800E+07,    4.135628000E+07
  -4.145332800E+07,    9.644844000E+06,    4.130668000E+07
  -2.588585400E+07,    3.349040000E+07,    4.154466400E+07
   1.320904500E+06,    4.189456800E+07,    4.196122000E+07
   2.762239600E+07,    3.098214000E+07,    4.236453200E+07
   4.089153600E+07,    5.784824000E+06,    4.256832000E+07
   3.501088800E+07,   -2.207968600E+07,    4.247786400E+07
   1.269211700E+07,   -3.976527200E+07,    4.213403600E+07
  -1.577571100E+07,   -3.911922000E+07,    4.169480800E+07
  -3.726937600E+07,   -2.043931800E+07,    4.136268000E+07
  -4.188010800E+07,    7.663348000E+06,    4.129132000E+07
  -2.748166200E+07,    3.223275200E+07,    4.151447600E+07
  -7.122057500E+05,    4.194058000E+07,    4.192999600E+07
   2.608532000E+07,    3.231048400E+07,    4.234658000E+07
   4.055498800E+07,    7.782932000E+06,    4.257186000E+07
   3.602577200E+07,   -2.033305800E+07,    4.250123200E+07
   1.458631900E+07,   -3.907526800E+07,    4.216642000E+07
  -1.387956100E+07,   -3.980380400E+07,    4.172120800E+07
  -3.624946400E+07,   -2.218280400E+07,    4.137080800E+07
  -4.221066400E+07,    5.664768000E+06,    4.127728800E+07
  -2.901432600E+07,    3.090050800E+07,    4.148459600E+07
  -2.744358000E+06,    4.188887200E+07,    4.189791600E+07
   2.448657400E+07,    3.356304400E+07,    4.232699200E+07
   4.012259600E+07,    9.762108000E+06,    4.257373600E+07
   3.695480800E+07,   -1.853979800E+07,    4.252366800E+07
   1.644422500E+07,   -3.829456800E+07,    4.219902800E+07
  -1.195342300E+07,   -4.039543600E+07,    4.174888000E+07
  -3.514710800E+07,   -2.387393800E+07,    4.138067600E+07
  -4.244434400E+07,    3.653808000E+06,    4.126465600E+07
  -3.048035200E+07,    2.949685600E+07,    4.145513200E+07
  -4.770830500E+06,    4.173966800E+07,    4.186506400E+07
   2.282994400E+07,    3.473697200E+07,    4.230580000E+07
   3.959545200E+07,    1.171777600E+07,    4.257391200E+07
   3.779593200E+07,   -1.670410300E+07,    4.254508800E+07
   1.826158600E+07,   -3.742507600E+07,    4.223176800E+07
  -1.000179600E+07,   -4.089285600E+07,    4.177777600E+07
  -3.396498000E+07,   -2.550886800E+07,    4.139229200E+07
  -4.258074800E+07,    1.635136000E+06,    4.125348800E+07
  -3.187644400E+07,    2.802514000E+07,    4.142617200E+07
  -6.786954500E+06,    4.149343600E+07,    4.183152000E+07
   2.111931400E+07,    3.582964800E+07,    4.228303600E+07
   3.897488000E+07,    1.364541800E+07,    4.257235600E+07
   3.854726800E+07,   -1.483030300E+07,    4.256541200E+07
   2.003418800E+07,   -3.646892000E+07,    4.226456000E+07
  -8.029271500E+06,   -4.129502000E+07,    4.180784400E+07
  -3.270595000E+07,   -2.708385600E+07,    4.140566400E+07
  -4.261969600E+07,   -3.865460000E+05,    4.124385200E+07
  -3.319947600E+07,    2.648885200E+07,    4.139781200E+07
  -8.788111000E+06,    4.115085600E+07,    4.179736400E+07
   1.935865800E+07,    3.683865200E+07,    4.225872000E+07
   3.826238000E+07,    1.554066600E+07,    4.256901600E+07
   3.920718800E+07,   -1.292270300E+07,    4.258454400E+07
   2.175802600E+07,   -3.542838400E+07,    4.229729600E+07
  -6.040391000E+06,   -4.160112400E+07,    4.183902000E+07
  -3.137299600E+07,   -2.859538600E+07,    4.142079600E+07
  -4.256123600E+07,   -2.406610000E+06,    4.123582000E+07
  -3.444650400E+07,    2.489160600E+07,    4.137015600E+07
  -1.076969100E+07,    4.071283600E+07,    4.176268800E+07
   1.755214200E+07,    3.776172400E+07,    4.223289600E+07
   3.745973200E+07,    1.739907200E+07,    4.256388000E+07
   3.977421200E+07,   -1.098589200E+07,    4.260241200E+07
   2.342902400E+07,   -3.430605600E+07,    4.232988000E+07
  -4.039957000E+06,   -4.181055200E+07,    4.187122800E+07
  -2.996941600E+07,   -3.003991600E+07,    4.143766800E+07
  -4.240564000E+07,   -4.420234000E+06,    4.122942800E+07
  -3.561466400E+07,    2.323727600E+07,    4.134328400E+07
  -1.272702900E+07,    4.018052800E+07,    4.172757200E+07
   1.570408700E+07,    3.859677200E+07,    4.220560400E+07
   3.656891200E+07,    1.921629400E+07,    4.255691200E+07
   4.024709200E+07,   -9.024452000E+06,    4.261892400E+07
   2.504329800E+07,   -3.310465600E+07,    4.236221200E+07
  -2.032694750E+06,   -4.192292400E+07,    4.190440000E+07
  -2.849863200E+07,   -3.141412400E+07,    4.145628000E+07
  -4.215342800E+07,   -6.422662000E+06,    4.122475200E+07
  -3.670133200E+07,    2.152985000E+07,    4.131731200E+07
  -1.465557000E+07,    3.955532400E+07,    4.169212400E+07
   1.381885400E+07,    3.934197200E+07,    4.217690400E+07
   3.559211200E+07,    2.098815600E+07,    4.254810800E+07
   4.062485600E+07,   -7.042972000E+06,    4.263402400E+07
   2.659718800E+07,   -3.182708600E+07,    4.239420000E+07
  -2.326050000E+04,   -4.193813200E+07,    4.193846400E+07
  -2.696412200E+07,   -3.271497200E+07,    4.147660800E+07
  -4.180532800E+07,   -8.409384000E+06,    4.122182800E+07
  -3.770418400E+07,    1.977324800E+07,    4.129232000E+07
  -1.655102000E+07,    3.883874800E+07,    4.165642800E+07
   1.190073100E+07,    3.999574400E+07,    4.214683600E+07
   3.453162800E+07,    2.271068000E+07,    4.253744800E+07
   4.090672800E+07,   -5.046012000E+06,    4.264762800E+07
   2.808716800E+07,   -3.047637400E+07,    4.242574800E+07
   1.983695750E+06,   -4.185625200E+07,    4.197334400E+07
  -2.536952600E+07,   -3.393954400E+07,    4.149863600E+07
  -4.136228400E+07,   -1.037578600E+07,    4.122070400E+07
  -3.862100000E+07,    1.797164200E+07,    4.126839600E+07
  -1.840901200E+07,    3.803259200E+07,    4.162057600E+07
   9.954233000E+06,    4.055667600E+07,    4.211545200E+07
   3.339002400E+07,    2.437992200E+07,    4.252490800E+07
   4.109215600E+07,   -3.038222000E+06,    4.265965200E+07
   2.950985800E+07,   -2.905572800E+07,    4.245674000E+07
   3.983536000E+06,   -4.167759600E+07,    4.200894400E+07
  -2.371861400E+07,   -3.508512000E+07,    4.152232800E+07
  -4.082546400E+07,   -1.231738000E+07,    4.122142400E+07
  -3.944980800E+07,    1.612921300E+07,    4.124564400E+07
  -2.022534200E+07,    3.713882000E+07,    4.158468000E+07
   7.983829000E+06,    4.102360000E+07,    4.208283200E+07
   3.216999600E+07,    2.599211200E+07,    4.251050800E+07
   4.118081200E+07,   -1.024246000E+06,    4.267005200E+07
   3.086203400E+07,   -2.756851800E+07,    4.248709200E+07
   5.971612000E+06,   -4.140269600E+07,    4.204518800E+07
  -2.201529600E+07,   -3.614914400E+07,    4.154765200E+07
  -4.019624000E+07,   -1.422970800E+07,    4.122401200E+07
  -4.018882400E+07,    1.425028700E+07,    4.122413600E+07
  -2.199588400E+07,    3.615961600E+07,    4.154882400E+07
   5.994130500E+06,    4.139555200E+07,    4.204902000E+07
   3.087447600E+07,    2.754357200E+07,    4.249423200E+07
   4.117260400E+07,    9.912520000E+05,    4.267874800E+07
   3.214064800E+07,   -2.601827400E+07,    4.251669600E+07
   7.943322500E+06,   -4.103232400E+07,    4.208198400E+07
  -2.026362400E+07,   -3.712925600E+07,    4.157457600E+07
  -3.947622400E+07,   -1.610835400E+07,    4.122851200E+07
  -4.083646000E+07,    1.233927900E+07,    4.120397200E+07
  -2.371659400E+07,    3.509736400E+07,    4.151312400E+07
   3.989720250E+06,    4.167179200E+07,    4.201410800E+07
   2.950652600E+07,    2.903079600E+07,    4.247610000E+07
   4.106764800E+07,    3.003578000E+06,    4.268568800E+07
   3.334279000E+07,   -2.440867800E+07,    4.254545600E+07
   9.894085000E+06,   -4.056744800E+07,    4.211923600E+07
  -1.846771600E+07,   -3.802329200E+07,    4.160304400E+07
  -3.866720000E+07,   -1.794905600E+07,    4.123493200E+07
  -4.139137600E+07,    1.040060800E+07,    4.118521600E+07
  -2.538362600E+07,    3.395460000E+07,    4.147766800E+07
   1.975209875E+06,    4.185180800E+07,    4.197815200E+07
   2.806935000E+07,    3.045046000E+07,    4.245611200E+07
   4.086628400E+07,    5.008166000E+06,    4.269081200E+07
   3.446581200E+07,   -2.274345800E+07,    4.257326800E+07
   1.181948900E+07,   -4.000925200E+07,    4.215684800E+07
  -1.663174600E+07,   -3.882933600E+07,    4.163301600E+07
  -3.777117200E+07,   -1.974762400E+07,    4.124330800E+07
  -4.185243200E+07,    8.438778000E+06,    4.116796800E+07
  -2.699322200E+07,    3.273406800E+07,    4.144258000E+07
  -4.476839453E+04,    4.193530800E+07,    4.194125200E+07
   2.656634400E+07,    3.179936200E+07,    4.243430800E+07
   4.056909200E+07,    7.000352000E+06,    4.269408000E+07
   3.550716800E+07,   -2.102658800E+07,    4.260004800E+07
   1.371500500E+07,   -3.935916800E+07,    4.219472800E+07
  -1.476012600E+07,   -3.954559600E+07,    4.166443600E+07
  -3.679037600E+07,   -2.149989600E+07,    4.125364800E+07
  -4.221869200E+07,    6.458446000E+06,    4.115229600E+07
  -2.854167200E+07,    3.143876000E+07,    4.140794800E+07
  -2.065432750E+06,    4.192223200E+07,    4.190348000E+07
   2.500115400E+07,    3.307440800E+07,    4.241069600E+07
   4.017689200E+07,    8.975430000E+06,    4.269543600E+07
   3.646450000E+07,   -1.926220200E+07,    4.262568800E+07
   1.557621100E+07,   -3.861886400E+07,    4.223276400E+07
  -1.285727900E+07,   -4.017053600E+07,    4.169724000E+07
  -3.572724800E+07,   -2.320185200E+07,    4.126596000E+07
  -4.248946800E+07,    4.464216000E+06,    4.113827600E+07
  -3.002552600E+07,    3.007176400E+07,    4.137388800E+07
  -4.082159000E+06,    4.181274400E+07,    4.186492400E+07
   2.337741800E+07,    3.427278000E+07,    4.238530800E+07
   3.969068400E+07,    1.092893000E+07,    4.269484400E+07
   3.733571600E+07,   -1.745436200E+07,    4.265010000E+07
   1.739890200E+07,   -3.779013600E+07,    4.227086000E+07
  -1.092761800E+07,   -4.070285200E+07,    4.173136000E+07
  -3.458433600E+07,   -2.484967800E+07,    4.128024400E+07
  -4.266428400E+07,    2.460666000E+06,    4.112597200E+07
  -3.144148800E+07,    2.863630200E+07,    4.134049600E+07
  -6.090387500E+06,    4.160722000E+07,    4.182568400E+07
   2.169890200E+07,    3.539184400E+07,    4.235818800E+07
   3.911168400E+07,    1.285642000E+07,    4.269226800E+07
   3.811893200E+07,   -1.560726800E+07,    4.267319200E+07
   1.917892600E+07,   -3.687500800E+07,    4.230891200E+07
  -8.975636000E+06,   -4.114144800E+07,    4.176673600E+07
  -3.336440600E+07,   -2.643966800E+07,    4.129650400E+07
  -4.274290000E+07,    4.524280000E+05,    4.111545600E+07
  -3.278642400E+07,    2.713578400E+07,    4.130787600E+07
  -8.085485500E+06,    4.130628800E+07,    4.178584000E+07
   1.996956400E+07,    3.642913600E+07,    4.232936800E+07
   3.844136800E+07,    1.475346200E+07,    4.268767200E+07
   3.881243600E+07,   -1.372527200E+07,    4.269487600E+07
   2.091222200E+07,   -3.587572000E+07,    4.234680800E+07
  -7.005875500E+06,   -4.148546000E+07,    4.180328400E+07
  -3.207041200E+07,   -2.796824000E+07,    4.131472400E+07
  -4.272530400E+07,   -1.555880000E+06,    4.110678400E+07
  -3.405736000E+07,    2.557375800E+07,    4.127613200E+07
  -1.006293000E+07,    4.091076800E+07,    4.174549600E+07
   1.819342000E+07,    3.738238800E+07,    4.229889600E+07
   3.768138400E+07,    1.661574600E+07,    4.268102800E+07
   3.941475600E+07,   -1.181275400E+07,    4.271505600E+07
   2.259482000E+07,   -3.479473600E+07,    4.238444000E+07
  -5.022977500E+06,   -4.173424000E+07,    4.184092800E+07
  -3.070550200E+07,   -2.943194000E+07,    4.133489200E+07
  -4.261171600E+07,   -3.559566000E+06,    4.110001600E+07
  -3.525146800E+07,    2.395398600E+07,    4.124537200E+07
  -1.201811200E+07,    4.042175200E+07,    4.170476000E+07
   1.637470600E+07,    3.824949200E+07,    4.226683600E+07
   3.683363600E+07,    1.843896200E+07,    4.267233200E+07
   3.992459600E+07,   -9.874226000E+06,    4.273366400E+07
   2.422287200E+07,   -3.363466800E+07,    4.242170400E+07
  -3.031543000E+06,   -4.188734800E+07,    4.187958000E+07
  -2.927293000E+07,   -3.082749600E+07,    4.135698800E+07
  -4.240254800E+07,   -5.554060000E+06,    4.109520400E+07
  -3.636617600E+07,    2.228021200E+07,    4.121568800E+07
  -1.394669900E+07,    3.984047200E+07,    4.166372400E+07
   1.451754000E+07,    3.902864400E+07,    4.223322800E+07
   3.590014400E+07,    2.021908200E+07,    4.266155200E+07
   4.034095200E+07,   -7.914078000E+06,    4.275060800E+07
   2.579280000E+07,   -3.239825600E+07,    4.245849200E+07
  -1.036088750E+06,   -4.194460000E+07,    4.191916000E+07
  -2.777607200E+07,   -3.215186800E+07,    4.138098800E+07
  -4.209845600E+07,   -7.534840000E+06,    4.109239200E+07
  -3.739907200E+07,    2.055636200E+07,    4.118718400E+07
  -1.584430300E+07,    3.916841600E+07,    4.162249600E+07
   1.262624200E+07,    3.971817200E+07,    4.219814400E+07
   3.488316000E+07,    2.195207200E+07,    4.264868400E+07
   4.066297200E+07,   -5.936858000E+06,    4.276581600E+07
   2.730104000E+07,   -3.108846200E+07,    4.249469600E+07
   9.587455625E+05,   -4.190600000E+07,    4.195958000E+07
  -2.621847600E+07,   -3.340212000E+07,    4.140686400E+07
  -4.170030000E+07,   -9.497414000E+06,    4.109163600E+07
  -3.834796800E+07,    1.878641600E+07,    4.115996000E+07
  -1.770671800E+07,    3.840723600E+07,    4.158118400E+07
   1.070510300E+07,    4.031668000E+07,    4.216165200E+07
   3.378509600E+07,    2.363411200E+07,    4.263373200E+07
   4.089007200E+07,   -3.947032000E+06,    4.277922400E+07
   2.874428800E+07,   -2.970834800E+07,    4.253021200E+07
   2.948465750E+06,   -4.177180000E+07,    4.200074400E+07
  -2.460378400E+07,   -3.457555200E+07,    4.143457600E+07
  -4.120915600E+07,   -1.143735200E+07,    4.109296000E+07
  -3.921084400E+07,    1.697450400E+07,    4.113410800E+07
  -1.952971800E+07,    3.755883200E+07,    4.153990000E+07
   8.758620000E+06,    4.082290000E+07,    4.212382400E+07
   3.260860400E+07,    2.526134400E+07,    4.261669600E+07
   4.102183600E+07,   -1.949288000E+06,    4.279075600E+07
   3.011923200E+07,   -2.826125400E+07,    4.256492800E+07
   4.928386000E+06,   -4.154244400E+07,    4.204255200E+07
  -2.293587600E+07,   -3.566952800E+07,    4.146408400E+07
  -4.062632800E+07,   -1.335015400E+07,    4.109640400E+07
  -3.998584400E+07,    1.512490100E+07,    4.110972000E+07
  -2.130918600E+07,    3.662529200E+07,    4.149874400E+07
   6.791248000E+06,    4.123582800E+07,    4.208472800E+07
   3.135647000E+07,    2.683016400E+07,    4.259757200E+07
   4.105810000E+07,    5.184400000E+04,    4.280033600E+07
   3.142286000E+07,   -2.675054600E+07,    4.259872000E+07
   6.894042500E+06,   -4.121860000E+07,    4.208488800E+07
  -2.121862600E+07,   -3.668169600E+07,    4.149532000E+07
  -3.995330400E+07,   -1.523152800E+07,    4.110198000E+07
  -4.067137200E+07,    1.324184600E+07,    4.108687600E+07
  -2.304114800E+07,    3.560887600E+07,    4.145783200E+07
   4.807521500E+06,    4.155466400E+07,    4.204445600E+07
   3.003168200E+07,    2.833704400E+07,    4.257638800E+07
   4.099891200E+07,    2.051748000E+06,    4.280792400E+07
   3.265225400E+07,   -2.517982600E+07,    4.263150800E+07
   8.840903000E+06,   -4.080118400E+07,    4.212767200E+07
  -1.945608800E+07,   -3.760988800E+07,    4.152825600E+07
  -3.919179200E+07,   -1.707725400E+07,    4.110972400E+07
  -4.126604400E+07,    1.132970400E+07,    4.106567600E+07
  -2.472178400E+07,    3.451203600E+07,    4.141728000E+07
   2.811923250E+06,    4.177884800E+07,    4.200308800E+07
   2.863731400E+07,    2.977870800E+07,    4.255315600E+07
   4.084455200E+07,    4.045920000E+06,    4.281344800E+07
   3.380475600E+07,   -2.355272400E+07,    4.266316400E+07
   1.076458300E+07,   -4.029128000E+07,    4.217077600E+07
  -1.765234000E+07,   -3.845212000E+07,    4.156281200E+07
  -3.834370000E+07,   -1.888316000E+07,    4.111964400E+07
  -4.176866400E+07,    9.392878000E+06,    4.104619600E+07
  -2.634734400E+07,    3.333741000E+07,    4.137719200E+07
   8.090570000E+05,    4.190801600E+07,    4.196071200E+07
   2.717668800E+07,    3.115192800E+07,    4.252790400E+07
   4.059550800E+07,    6.029764000E+06,    4.281686800E+07
   3.487781200E+07,   -2.187310000E+07,    4.269360000E+07
   1.266066300E+07,   -3.969023600E+07,    4.221410400E+07
  -1.581163800E+07,   -3.920660800E+07,    4.159893600E+07
  -3.741114400E+07,   -2.064516800E+07,    4.113175200E+07
  -4.217826000E+07,    7.435878000E+06,    4.102852000E+07
  -2.791420400E+07,    3.208784000E+07,    4.133769200E+07
  -1.196513375E+06,    4.194203600E+07,    4.191742800E+07
   2.565322000E+07,    3.245369800E+07,    4.250066400E+07
   4.025249200E+07,    7.998810000E+06,    4.281813600E+07
   3.586912000E+07,   -2.014481400E+07,    4.272270800E+07
   1.452492700E+07,   -3.899953600E+07,    4.225754000E+07
  -1.393817400E+07,   -3.987181600E+07,    4.163655600E+07
  -3.639636400E+07,   -2.235943400E+07,    4.114605200E+07
  -4.249410000E+07,    5.463064000E+06,    4.101272000E+07
  -2.941903200E+07,    3.076620800E+07,    4.129888400E+07
  -3.200363750E+06,    4.188100000E+07,    4.187333600E+07
   2.407038600E+07,    3.368124400E+07,    4.247148400E+07
   3.981640800E+07,    9.948668000E+06,    4.281722000E+07
   3.677655600E+07,   -1.837186000E+07,    4.275039600E+07
   1.635316000E+07,   -3.822091200E+07,    4.230098000E+07
  -1.203629900E+07,   -4.044636800E+07,    4.167560000E+07
  -3.530184400E+07,   -2.402210600E+07,    4.116254400E+07
  -4.271563600E+07,    3.479008000E+06,    4.099887200E+07
  -3.085846600E+07,    2.937568800E+07,    4.126088800E+07
  -5.197898000E+06,    4.172519600E+07,    4.182853600E+07
   2.243189200E+07,    3.483187200E+07,    4.244040000E+07
   3.928838000E+07,    1.187494000E+07,    4.281408800E+07
   3.759820000E+07,   -1.655829600E+07,    4.277657600E+07
   1.814130600E+07,   -3.735624800E+07,    4.234431600E+07
  -1.011034600E+07,   -4.092913200E+07,    4.171600000E+07
  -3.413018400E+07,   -2.562955200E+07,    4.118123200E+07
  -4.284254800E+07,    1.488160000E+06,    4.098705200E+07
  -3.222941800E+07,    2.791949800E+07,    4.122382000E+07
  -7.184654500E+06,    4.147513600E+07,    4.178314000E+07
   2.074152600E+07,    3.590309600E+07,    4.240746800E+07
   3.866974800E+07,    1.377325000E+07,    4.280870400E+07
   3.833226400E+07,   -1.470839800E+07,    4.280114000E+07
   1.988525400E+07,   -3.640770400E+07,    4.238741600E+07
  -8.164836000E+06,   -4.131913600E+07,    4.175765200E+07
  -3.288426400E+07,   -2.717812600E+07,    4.120208400E+07
  -4.287472800E+07,   -5.048280000E+05,    4.097731200E+07
  -3.352883400E+07,    2.640115600E+07,    4.118778000E+07
  -9.156043000E+06,    4.113157200E+07,    4.173724400E+07
   1.900327400E+07,    3.689259200E+07,    4.237273600E+07
   3.796209200E+07,    1.563928400E+07,    4.280104400E+07
   3.897723600E+07,   -1.282643500E+07,    4.282399600E+07
   2.158112600E+07,   -3.537758400E+07,    4.243016400E+07
  -6.204243500E+06,   -4.161568800E+07,    4.180047200E+07
  -3.156705400E+07,   -2.866445800E+07,    4.122508400E+07
  -4.281230400E+07,   -2.495496000E+06,    4.096970400E+07
  -3.475399200E+07,    2.482413600E+07,    4.115288000E+07
  -1.110780700E+07,    4.069542400E+07,    4.169096400E+07
   1.722098200E+07,    3.779835200E+07,    4.233627200E+07
   3.716707200E+07,    1.746907200E+07,    4.279110000E+07
   3.953184000E+07,   -1.091654600E+07,    4.284507600E+07
   2.322530800E+07,   -3.426824800E+07,    4.247246000E+07
  -4.232847500E+06,   -4.181828400E+07,    4.184438000E+07
  -3.018155200E+07,   -3.008540800E+07,    4.125021200E+07
  -4.265558800E+07,   -4.479482000E+06,    4.096428800E+07
  -3.590232000E+07,    2.319203600E+07,    4.111922400E+07
  -1.303558300E+07,    4.016783600E+07,    4.164440400E+07
   1.539877600E+07,    3.861844000E+07,    4.229812400E+07
   3.628664800E+07,    1.925843600E+07,    4.277884000E+07
   3.999492400E+07,   -8.983200000E+06,    4.286426800E+07
   2.481403400E+07,   -3.308242000E+07,    4.251416400E+07
  -2.255291000E+06,   -4.192661600E+07,    4.188925600E+07
  -2.873112600E+07,   -3.143778200E+07,    4.127742000E+07
  -4.240512400E+07,   -6.452196000E+06,    4.096110000E+07
  -3.697131200E+07,    2.150871800E+07,    4.108691200E+07
  -1.493502600E+07,    3.955016400E+07,    4.159767600E+07
   1.354085700E+07,    3.935114400E+07,    4.225837200E+07
   3.532295200E+07,    2.100341200E+07,    4.276427200E+07
   4.036559600E+07,   -7.030822000E+06,    4.288150800E+07
   2.634379400E+07,   -3.182293400E+07,    4.255517200E+07
  -2.760727500E+05,   -4.194062400E+07,    4.193501200E+07
  -2.721918800E+07,   -3.271866400E+07,    4.130668400E+07
  -4.206168000E+07,   -8.409200000E+06,    4.096019600E+07
  -3.795872400E+07,    1.977808600E+07,    4.105605600E+07
  -1.680191200E+07,    3.884398400E+07,    4.155090800E+07
   1.165147200E+07,    3.999496800E+07,    4.221709600E+07
   3.427830000E+07,    2.270012000E+07,    4.274740000E+07
   4.064316000E+07,   -5.063844000E+06,    4.289672000E+07
