   2.996072651035863E+010,   2.996072680996589E+010,   2.996072621075137E+010,   2.996071922905617E+010,  -7.281302459716797E+003,   2.430282311429731E-007,   2.530282308295074E-007,   2.330282311849502E-007
   2.999994413741628E+004,   2.999994413751628E+004,   2.999994413731628E+004,   2.999994413741628E+004,   0.000000000000000E+000,   5.940236921178704E-007,   2.402930811388954E-006,   3.591125754326213E-006
   2.999988886451204E+004,   2.999988886461204E+004,   2.999988886441204E+004,   2.999988886451204E+004,   0.000000000000000E+000,   1.044779330915023E-006,   1.561931437344628E-006,   3.651361757225611E-006
   2.999983417302230E+004,   2.999983417312230E+004,   2.999983417292230E+004,   2.999983417316805E+004,   1.457483449485153E-007,   3.564923985501531E-006,   1.118939571765462E-006,   6.010908398587824E-006
   2.999978005428964E+004,   2.999978005438964E+004,   2.999978005418964E+004,   2.999978005456315E+004,   2.735141606535763E-007,   6.443672049475118E-006,   4.087840740265331E-006,   8.799619351792041E-006
   2.999972649851931E+004,   2.999972649861931E+004,   2.999972649841931E+004,   2.999972649902149E+004,   5.021829565521330E-007,   1.153651329858390E-005,   9.239222901083254E-006,   1.383380369580886E-005
   2.999967349416654E+004,   2.999967349426654E+004,   2.999967349406654E+004,   2.999967349507238E+004,   9.058385330718011E-007,   2.043311725651192E-005,   1.817739027096727E-005,   2.268884423803933E-005
   2.999962102663592E+004,   2.999962102673592E+004,   2.999962102653592E+004,   2.999962102824529E+004,   1.609369064681232E-006,   3.579531720924861E-005,   3.357111655155704E-005,   3.801951786592772E-005
   2.999956907622240E+004,   2.999956907632240E+004,   2.999956907612240E+004,   2.999956907904375E+004,   2.821354428306222E-006,   6.203752618598042E-005,   5.983859931379222E-005,   6.423634478500740E-005
   2.999951761478514E+004,   2.999951761488514E+004,   2.999951761468514E+004,   2.999951761967286E+004,   4.887715476797894E-006,   1.064048750176779E-004,   1.042278725480252E-004,   1.085818774844856E-004
   2.999946660041248E+004,   2.999946660051248E+004,   2.999946660031248E+004,   2.999946660878880E+004,   8.376326150028035E-006,   1.806528952999158E-004,   1.784962240574670E-004,   1.828096727317238E-004
   2.999941596892477E+004,   2.999941596902477E+004,   2.999941596882477E+004,   2.999941598313960E+004,   1.421482738805935E-005,   3.035892866390370E-004,   3.014535478631255E-004,   3.057250253927288E-004
   2.999936562043914E+004,   2.999936562053914E+004,   2.999936562033914E+004,   2.999936564434155E+004,   2.390240479144268E-005,   5.047558126607683E-004,   5.026441120793138E-004,   5.068676171977832E-004
   2.999931539829905E+004,   2.999931539839905E+004,   2.999931539819905E+004,   2.999931543814913E+004,   3.985008152085356E-005,   8.293614886449913E-004,   8.272802688180037E-004,   8.314427084314072E-004
   2.999926505638988E+004,   2.999926505648988E+004,   2.999926505628988E+004,   2.999926512227605E+004,   6.588617543457076E-005,   1.343877963366207E-003,   1.341838251471746E-003,   1.345917675319815E-003
   2.999921420938604E+004,   2.999921420948604E+004,   2.999921420928604E+004,   2.999921431739159E+004,   1.080055444617756E-004,   2.139704962546369E-003,   2.137723889544226E-003,   2.141686132903759E-003
   2.999916226001873E+004,   2.999916226011873E+004,   2.999916225991872E+004,   2.999916243537735E+004,   1.753586257109419E-004,   3.328264548822922E-003,   3.326366558345950E-003,   3.330162539174801E-003
   2.999910830354931E+004,   2.999910830364931E+004,   2.999910830344931E+004,   2.999910858448653E+004,   2.809372163028456E-004,   5.011298389263609E-003,   5.009514596750410E-003,   5.013082181452200E-003
   2.999905104047357E+004,   2.999905104057357E+004,   2.999905104037356E+004,   2.999905148075314E+004,   4.402795784699265E-004,   7.208190602563458E-003,   7.206553404565608E-003,   7.209827799231638E-003
   2.999898882868883E+004,   2.999898882878883E+004,   2.999898882858883E+004,   2.999898949118327E+004,   6.624944435316138E-004,   9.737787049705342E-003,   9.736317171179114E-003,   9.739256927509972E-003
   2.999892017379033E+004,   2.999892017389033E+004,   2.999892017369033E+004,   2.999892110269589E+004,   9.289055560657289E-004,   1.216845306765805E-002,   1.216714308072320E-002,   1.216976305552085E-002
   2.999884477799606E+004,   2.999884477809606E+004,   2.999884477789605E+004,   2.999884595825214E+004,   1.180256087536691E-003,   1.402480401665454E-002,   1.402361572272148E-002,   1.402599231047185E-002
   2.999876413938400E+004,   2.999876413948400E+004,   2.999876413928400E+004,   2.999876550286771E+004,   1.363483712339075E-003,   1.511407380535255E-002,   1.511296530738736E-002,   1.511518230326983E-002
   2.999868052030756E+004,   2.999868052040756E+004,   2.999868052020756E+004,   2.999868205094438E+004,   1.530636818642961E-003,   1.567830536042834E-002,   1.567728105259458E-002,   1.567932966720601E-002
   2.999859566359653E+004,   2.999859566369653E+004,   2.999859566349653E+004,   2.999859744738556E+004,   1.783789026376326E-003,   1.569063019227526E-002,   1.568975054034865E-002,   1.569150980105026E-002
   2.999737590844849E+004,   2.999737590854849E+004,   2.999737590834849E+004,   2.999737590844849E+004,   0.000000000000000E+000,   2.780806058078142E-002,   2.780806058078142E-002,   2.780806058078142E-002
   2.999681450006580E+004,   2.999681450016580E+004,   2.999681449996580E+004,   2.999681450006580E+004,   0.000000000000000E+000,   2.780810604766427E-002,   2.780810604766427E-002,   2.780810604766427E-002
   2.999606030732441E+004,   2.999606030742441E+004,   2.999606030722441E+004,   2.999606030732441E+004,   0.000000000000000E+000,   2.780810532624124E-002,   2.780810532624124E-002,   2.780810532624124E-002
   2.999334332887099E+004,   2.999334332897099E+004,   2.999334332877099E+004,   2.999334332887099E+004,   0.000000000000000E+000,   2.780810760401041E-002,   2.780810760401041E-002,   2.780810760401041E-002
   2.999327036057470E+004,   2.999327036067470E+004,   2.999327036047470E+004,   2.999327036057470E+004,   0.000000000000000E+000,   2.779340218616589E-002,   2.779340218616589E-002,   2.779340218616589E-002
   2.775485448566432E+001,   2.775485458566432E+001,   2.775485438566432E+001,   2.779109905050076E+001,   3.624456483644067E-002,   3.624456483644125E-002,   3.624456422181032E-002,   3.624456545105684E-002
   2.682627549858021E+001,   2.682627559858021E+001,   2.682627539858021E+001,   2.686208406427923E+001,   3.580856569901769E-002,   3.580856569901781E-002,   3.580856447478131E-002,   3.580856692326485E-002
   2.591782028350213E+001,   2.591782038350213E+001,   2.591782018350213E+001,   2.595319749397493E+001,   3.537721047280229E-002,   3.537721047280389E-002,   3.537720923686263E-002,   3.537721170873288E-002
   2.502751525920073E+001,   2.502751535920073E+001,   2.502751515920073E+001,   2.506247062610269E+001,   3.495536690196133E-002,   3.495536690196299E-002,   3.495536565411241E-002,   3.495536814981012E-002
   2.415506667662515E+001,   2.415506677662515E+001,   2.415506657662515E+001,   2.418960896670952E+001,   3.454229008437437E-002,   3.454229008437311E-002,   3.454228882437278E-002,   3.454229134436487E-002
   2.330019897558991E+001,   2.330019907558991E+001,   2.330019887558991E+001,   2.333433611640934E+001,   3.413714081942487E-002,   3.413714081942436E-002,   3.413713954696664E-002,   3.413714209188185E-002
   2.246263181971884E+001,   2.246263191971885E+001,   2.246263171971884E+001,   2.249637109506902E+001,   3.373927535017529E-002,   3.373927535017637E-002,   3.373927406490913E-002,   3.373927663545995E-002
   2.164208263114527E+001,   2.164208273114527E+001,   2.164208253114527E+001,   2.167543084584609E+001,   3.334821470081906E-002,   3.334821470081992E-002,   3.334821340233119E-002,   3.334821599929613E-002
   2.083828122529286E+001,   2.083828132529286E+001,   2.083828112529286E+001,   2.087124467104380E+001,   3.296344575093713E-002,   3.296344575093689E-002,   3.296344443880130E-002,   3.296344706308935E-002
   2.005096186028105E+001,   2.005096196028105E+001,   2.005096176028104E+001,   2.008354639223658E+001,   3.258453195553912E-002,   3.258453195553789E-002,   3.258453062923234E-002,   3.258453328186561E-002
   1.927984084471691E+001,   1.927984094471691E+001,   1.927984074471691E+001,   1.931205224877964E+001,   3.221140406272482E-002,   3.221140406272326E-002,   3.221140272168718E-002,   3.221140540374772E-002
   1.240792304967498E+001,   1.240792314967498E+001,   1.240792294967498E+001,   1.243653808474193E+001,   2.861503506695406E-002,   2.861503506695368E-002,   2.861503353895532E-002,   2.861503659496611E-002
   6.904415151605797E+000,   6.904415251605797E+000,   6.904415051605796E+000,   6.929688782301236E+000,   2.527363069543931E-002,   2.527363069543957E-002,   2.527362886521396E-002,   2.527363252565676E-002
   2.531184055427660E+000,   2.531184155427660E+000,   2.531183955427660E+000,   2.553454022095407E+000,   2.226996666774683E-002,   2.226996666774696E-002,   2.226996438476969E-002,   2.226996895074164E-002
  -9.417498990998467E-001,  -9.417497990998468E-001,  -9.417499990998467E-001,  -9.219038787095858E-001,   1.984602039026095E-002,   1.984602039026093E-002,   1.984601616261793E-002,   1.984602461785706E-002
  -3.745269107021669E+000,  -3.745269007021669E+000,  -3.745269207021669E+000,  -3.726983005421375E+000,   1.828610160029376E-002,   1.828610160029355E-002,   1.828609531817917E-002,   1.828610788242564E-002
  -6.027265968073266E+000,  -6.027265868073266E+000,  -6.027266068073266E+000,  -6.010516845487367E+000,   1.674912258589867E-002,   1.674912258589888E-002,   1.674911537872585E-002,   1.674912979301185E-002
  -7.892851443780022E+000,  -7.892851343780022E+000,  -7.892851543780022E+000,  -7.877725853105778E+000,   1.512559067424402E-002,   1.512559067424433E-002,   1.512557872776408E-002,   1.512560262068921E-002
  -8.605644739084157E+000,  -8.605644639084158E+000,  -8.605644839084157E+000,  -8.523487608481204E+000,   8.215713060295293E-002,   1.047952186815389E-001,   1.047952314952993E-001,   1.047952058678205E-001
  -8.618495094007278E+000,  -8.618494994007278E+000,  -8.618495194007277E+000,  -8.532040410316705E+000,   8.645468369057241E-002,   3.017648385215818E-001,   3.017648537398697E-001,   3.017648233032834E-001
  -8.633316635150553E+000,  -8.633316535150554E+000,  -8.633316735150553E+000,  -8.533079101822402E+000,   1.002375333281513E-001,   4.726577904391342E-001,   4.726578044065076E-001,   4.726577764717512E-001
  -8.645315104069059E+000,  -8.645315004069060E+000,  -8.645315204069059E+000,  -8.536877190498931E+000,   1.084379135701283E-001,   6.312967595854555E-001,   6.312967730713822E-001,   6.312967460994994E-001
  -8.927462720283609E+000,  -8.927462620283610E+000,  -8.927462820283608E+000,  -8.710439957765697E+000,   2.170227625179120E-001,   7.473542632791340E-001,   7.473542756237259E-001,   7.473542509345587E-001
  -9.134011150014873E+000,  -9.134011050014873E+000,  -9.134011250014872E+000,  -8.920259932528859E+000,   2.137512174860134E-001,   8.522662668438949E-001,   8.522662814861711E-001,   8.522662522015516E-001
  -9.312984346520995E+000,  -9.312984246520996E+000,  -9.312984446520995E+000,  -9.105974425589688E+000,   2.070099209313074E-001,   9.561116176245399E-001,   9.561116313602472E-001,   9.561116038888404E-001
  -9.824356122835862E+000,  -9.824356022835863E+000,  -9.824356222835862E+000,  -9.276611863654514E+000,   5.477442591813482E-001,   9.957114312929002E-001,   9.957114468700815E-001,   9.957114157156487E-001
  -1.030332473754381E+001,  -1.030332463754381E+001,  -1.030332483754381E+001,  -9.674816983562742E+000,   6.285077539810704E-001,   1.028740019718318E+000,   1.028740037068323E+000,   1.028740002368342E+000
  -1.090042027748542E+001,  -1.090042017748542E+001,  -1.090042037748542E+001,  -9.986277416858767E+000,   9.141428606266491E-001,   1.025444471883248E+000,   1.025444487833855E+000,   1.025444455932697E+000
  -1.157510829456892E+001,  -1.157510819456892E+001,  -1.157510839456892E+001,  -1.026909596414554E+001,   1.306012330423389E+000,   9.881889096662437E-001,   9.881889296136039E-001,   9.881888897188892E-001
  -1.203768732288077E+001,  -1.203768722288078E+001,  -1.203768742288077E+001,  -1.082006755412876E+001,   1.217619768752012E+000,   9.724921473012360E-001,   9.724921660041737E-001,   9.724921285982648E-001
  -1.204801526853715E+001,  -1.204801516853715E+001,  -1.204801536853715E+001,  -1.204823786516151E+001,  -2.225966243543098E-004,   1.032829628247076E+000,   1.032829648961328E+000,   1.032829607532786E+000
  -1.205901395584818E+001,  -1.205901385584818E+001,  -1.205901405584818E+001,  -1.204879926422784E+001,   1.021469162033739E-002,   1.083863400323035E+000,   1.083863420470823E+000,   1.083863380175234E+000
  -1.205950329320424E+001,  -1.205950319320424E+001,  -1.205950339320424E+001,  -1.204937256077084E+001,   1.013073243339946E-002,   1.129858354333258E+000,   1.129858373914479E+000,   1.129858334752052E+000
  -1.206116779015330E+001,  -1.206116769015330E+001,  -1.206116789015330E+001,  -1.205007762396395E+001,   1.109016618934788E-002,   1.162347141213515E+000,   1.162347162708841E+000,   1.162347119718153E+000
  -1.206234803017381E+001,  -1.206234793017381E+001,  -1.206234813017381E+001,  -1.205129864783524E+001,   1.104938233857311E-002,   1.186417389515649E+000,   1.186417410359247E+000,   1.186417368672088E+000
  -1.207193743985511E+001,  -1.207193733985511E+001,  -1.207193753985510E+001,  -1.205265892961177E+001,   1.927851024333194E-002,   1.201367240812011E+000,   1.201367263435174E+000,   1.201367218188818E+000
  -1.207206550707681E+001,  -1.207206540707682E+001,  -1.207206560707681E+001,  -1.205452173598849E+001,   1.754377108832017E-002,   1.204012654623829E+000,   1.204012676483047E+000,   1.204012632764629E+000
  -1.207288361892161E+001,  -1.207288351892161E+001,  -1.207288371892161E+001,  -1.205736709270615E+001,   1.551652621545685E-002,   1.199220572846846E+000,   1.199220593897369E+000,   1.199220551796313E+000
  -1.207530807560958E+001,  -1.207530797560958E+001,  -1.207530817560958E+001,  -1.206426055325580E+001,   1.104752235377759E-002,   1.185313304669817E+000,   1.185313327271146E+000,   1.185313282068479E+000
  -1.207646530616267E+001,  -1.207646520616267E+001,  -1.207646540616267E+001,  -1.206505091764828E+001,   1.141438851439247E-002,   1.159189843668152E+000,   1.159189865325493E+000,   1.159189822010794E+000
  -1.208353007825751E+001,  -1.208352997825751E+001,  -1.208353017825751E+001,  -1.210088166645640E+001,  -1.735158819888127E-002,   1.124871261373403E+000,   1.124871282053534E+000,   1.124871240693245E+000
  -1.219346950192141E+001,  -1.219346940192141E+001,  -1.219346960192141E+001,  -1.219759202613566E+001,  -4.122524214244194E-003,   1.058345255204189E+000,   1.058345276975138E+000,   1.058345233433239E+000
  -1.250234758456869E+001,  -1.250234748456869E+001,  -1.250234768456869E+001,  -1.256329720423517E+001,  -6.094961966647361E-002,   9.428764240800908E-001,   9.428764465124920E-001,   9.428764016476919E-001
  -1.262481582126211E+001,  -1.262481572126211E+001,  -1.262481592126211E+001,  -1.260417814800615E+001,   2.063767325595300E-002,   8.561581767512275E-001,   8.561581979287933E-001,   8.561581555736694E-001
  -1.268591709701541E+001,  -1.268591699701541E+001,  -1.268591719701540E+001,  -1.276863632141639E+001,  -8.271922440098223E-002,   7.779440935438382E-001,   7.779441136131520E-001,   7.779440734745097E-001
  -1.282741264296113E+001,  -1.282741254296113E+001,  -1.282741274296113E+001,  -1.289887735516289E+001,  -7.146471220175954E-002,   6.729324084813262E-001,   6.729324293322138E-001,   6.729323876304230E-001
  -1.286171380652073E+001,  -1.286171370652074E+001,  -1.286171390652073E+001,  -1.301017947018201E+001,  -1.484656636612751E-001,   5.845988891710492E-001,   5.845989089852390E-001,   5.845988693568589E-001
  -1.295395881330210E+001,  -1.295395871330210E+001,  -1.295395891330210E+001,  -1.306632901965541E+001,  -1.123702063533116E-001,   4.767370433305431E-001,   4.767370639656737E-001,   4.767370226954197E-001
  -1.295650848479835E+001,  -1.295650838479835E+001,  -1.295650858479835E+001,  -1.318639294850320E+001,  -2.298844637048418E-001,   3.784269490278503E-001,   3.784269687478568E-001,   3.784269293078386E-001
  -1.312494461837577E+001,  -1.312494451837577E+001,  -1.312494471837577E+001,  -1.329733865371105E+001,  -1.723940353352802E-001,   2.410115844758259E-001,   2.410116034085721E-001,   2.410115655430760E-001
  -1.320568123224529E+001,  -1.320568113224529E+001,  -1.320568133224529E+001,  -1.331631922084200E+001,  -1.106379885967144E-001,   1.106379885967149E-001,   1.106380086022243E-001,   1.106379685912023E-001
  -1.333759066173384E+001,  -1.333759056173384E+001,  -1.333759076173384E+001,  -1.333493543382620E+001,   2.655227907636615E-003,   4.025200802278996E-002,   4.025198817236191E-002,   4.025202787321731E-002
  -1.337140245804488E+001,  -1.337140235804488E+001,  -1.337140255804488E+001,  -1.336595620285160E+001,   5.446255193282568E-003,   1.850095095416841E-001,   1.850094891243316E-001,   1.850095299590395E-001
  -1.342620186275465E+001,  -1.342620176275465E+001,  -1.342620196275464E+001,  -1.343069585663264E+001,  -4.493993877998648E-003,   3.598728430992315E-001,   3.598728192405852E-001,   3.598728669578959E-001
  -1.343876043000754E+001,  -1.343876033000754E+001,  -1.343876053000754E+001,  -1.344522400864878E+001,  -6.463578641241696E-003,   5.398830748446556E-001,   5.398830567348084E-001,   5.398830929545038E-001
  -1.348811283491809E+001,  -1.348811273491809E+001,  -1.348811293491809E+001,  -1.344631269569178E+001,   4.180013922630721E-002,   7.194765135017031E-001,   7.194764941012134E-001,   7.194765329022039E-001
  -1.349581993350218E+001,  -1.349581983350218E+001,  -1.349582003350218E+001,  -1.346386119055924E+001,   3.195874294294043E-002,   8.916417854960295E-001,   8.916417728392139E-001,   8.916417981528451E-001
  -1.352348760848120E+001,  -1.352348750848120E+001,  -1.352348770848120E+001,  -1.348097399801333E+001,   4.251361046786961E-002,   1.067879382267345E+000,   1.067879372370982E+000,   1.067879392163708E+000
  -1.353204041031671E+001,  -1.353204031031671E+001,  -1.353204051031670E+001,  -1.350034505144245E+001,   3.169535887425212E-002,   1.240425563036140E+000,   1.240425551305730E+000,   1.240425574766550E+000
  -1.353307910182240E+001,  -1.353307900182240E+001,  -1.353307920182240E+001,  -1.530332473754381E+001,  -1.770245635721411E+000,   1.423023213599841E+000,   1.423023206665273E+000,   1.423023220534409E+000
  -1.353687719049893E+001,  -1.353687709049893E+001,  -1.353687729049893E+001,  -1.590042027748542E+001,  -2.363543086986486E+000,   1.602172249860735E+000,   1.602172242961031E+000,   1.602172256760441E+000
  -1.704823786516151E+001,  -1.704823776516151E+001,  -1.704823796516151E+001,  -1.703409293602784E+001,   1.414492913367127E-002,   1.977904504996942E+000,   1.977904473467665E+000,   1.977904536526215E+000
  -1.704879926422784E+001,  -1.704879916422784E+001,  -1.704879936422784E+001,  -1.705474224145945E+001,  -5.942977231608637E-003,   2.074490118478420E+000,   2.074490087322689E+000,   2.074490149634157E+000
  -1.704937256077084E+001,  -1.704937246077084E+001,  -1.704937266077084E+001,  -1.705901395584818E+001,  -9.641395077334636E-003,   2.183460932440678E+000,   2.183460901350160E+000,   2.183460963531189E+000
  -1.705007762396395E+001,  -1.705007752396395E+001,  -1.705007772396396E+001,  -1.705950329320424E+001,  -9.425669240286538E-003,   2.311254615005541E+000,   2.311254584044271E+000,   2.311254645966818E+000
  -1.705129864783524E+001,  -1.705129854783523E+001,  -1.705129874783524E+001,  -1.706116779015330E+001,  -9.869142318066793E-003,   2.465084216610832E+000,   2.465084184900221E+000,   2.465084248321439E+000
  -1.705265892961177E+001,  -1.705265882961177E+001,  -1.705265902961177E+001,  -1.706234803017381E+001,  -9.689100562034980E-003,   2.649701777939571E+000,   2.649701745244888E+000,   2.649701810634256E+000
  -1.705452173598849E+001,  -1.705452163598849E+001,  -1.705452183598850E+001,  -1.707193743985511E+001,  -1.741570386661095E-002,   2.868977563997557E+000,   2.868977530093270E+000,   2.868977597901843E+000
  -1.705736709270615E+001,  -1.705736699270615E+001,  -1.705736719270615E+001,  -1.707206550707681E+001,  -1.469841437066322E-002,   3.126194492372631E+000,   3.126194458423749E+000,   3.126194526321500E+000
  -1.706426055325580E+001,  -1.706426045325580E+001,  -1.706426065325580E+001,  -1.707288361892161E+001,  -8.623065665808838E-003,   3.425604416787620E+000,   3.425604381450978E+000,   3.425604452124251E+000
  -1.706505091764828E+001,  -1.706505081764828E+001,  -1.706505101764828E+001,  -1.707530807560958E+001,  -1.025715796129845E-002,   3.767341024681998E+000,   3.767340992217906E+000,   3.767341057146091E+000
  -1.710088166645640E+001,  -1.710088156645639E+001,  -1.710088176645640E+001,  -1.707646530616267E+001,   2.441636029372418E-002,   4.170168920071448E+000,   4.170168892476922E+000,   4.170168947665974E+000
  -1.719759202613566E+001,  -1.719759192613565E+001,  -1.719759212613566E+001,  -1.708353007825751E+001,   1.140619478781417E-001,   4.318321874183552E+000,   4.318321823169319E+000,   4.318321925197783E+000
  -4.388147968243310E+000,  -4.388147868243310E+000,  -4.388148068243311E+000,  -4.388154242657651E+000,  -6.274414340978751E-006,   6.274414340824639E-006,   6.306253578875076E-006,   6.242575087969915E-006
  -3.828280688677375E+000,  -3.828280588677376E+000,  -3.828280788677375E+000,  -3.828285740486105E+000,  -5.051808729117369E-006,   5.051808728951216E-006,   5.082242338204333E-006,   5.021375118801364E-006
  -3.288349527180400E+000,  -3.288349427180400E+000,  -3.288349627180399E+000,  -3.288353823014714E+000,  -4.295834314937963E-006,   4.295834315090515E-006,   4.327319236600579E-006,   4.264349393706684E-006
  -2.773370285784392E+000,  -2.773370185784393E+000,  -2.773370385784392E+000,  -2.773373955007104E+000,  -3.669222711888409E-006,   3.669222711845714E-006,   3.702058191277008E-006,   3.636387232970755E-006
  -2.288694221395737E+000,  -2.288694121395737E+000,  -2.288694321395737E+000,  -2.288697334133247E+000,  -3.112737509969321E-006,   3.112737510141651E-006,   3.146558072508789E-006,   3.078916948147496E-006
  -1.841277305972337E+000,  -1.841277205972337E+000,  -1.841277405972337E+000,  -1.841279985097149E+000,  -2.679124812443590E-006,   2.679124812458021E-006,   2.714851340471856E-006,   2.643398283805132E-006
  -1.434503756060057E+000,  -1.434503656060057E+000,  -1.434503856060057E+000,  -1.434506073959669E+000,  -2.317899611359309E-006,   2.317899611424948E-006,   2.356111706093067E-006,   2.279687515311638E-006
  -1.072720701087386E+000,  -1.072720601087386E+000,  -1.072720801087386E+000,  -1.072722718197535E+000,  -2.017110148688772E-006,   2.017110148581146E-006,   2.058679551387661E-006,   1.975540749092657E-006
  -7.597103897226815E-001,  -7.597102897226815E-001,  -7.597104897226814E-001,  -7.597121595220564E-001,  -1.769799374939929E-006,   1.769799374889216E-006,   1.816124079595362E-006,   1.723474671190585E-006
  -4.986359446706913E-001,  -4.986358446706913E-001,  -4.986360446706913E-001,  -4.986375291962439E-001,  -1.584525552600358E-006,   1.584525552608391E-006,   1.638156159324970E-006,   1.530894939440188E-006
  -2.919717931256093E-001,  -2.919716931256093E-001,  -2.919718931256093E-001,  -2.919732965669525E-001,  -1.503441343198020E-006,   1.503441343208654E-006,   1.567881230683082E-006,   1.439001462007835E-006
  -1.411220713281623E-001,  -1.411219713281623E-001,  -1.411221713281623E-001,  -1.411239399563529E-001,  -1.868628190626609E-006,   1.868628190623108E-006,   1.954925282469038E-006,   1.782331112885126E-006
  -4.470623518746437E-002,  -4.470613518746437E-002,  -4.470633518746438E-002,  -4.470780536339723E-002,  -1.570175932857909E-006,   2.243949404367228E-006,   2.386860115102929E-006,   2.101038716688770E-006
   1.563213872513284E+009,   1.563213888145423E+009,   1.563213856881145E+009,   1.563211548420074E+009,  -2.324093210697174E+003,   2.430282311429731E-007,   2.530282308295074E-007,   2.330282311849502E-007
  -4.470696829696741E-002,  -4.470686829696741E-002,  -4.470706829696741E-002,  -4.470618173088771E-002,   7.865660796996243E-007,   1.124088133854746E-006,   9.811772841735170E-007,   1.266998949484242E-006
  -1.411228836265575E-001,  -1.411227836265575E-001,  -1.411229836265575E-001,  -1.411214773522479E-001,   1.406274309612154E-006,   1.406274309616883E-006,   1.319977141510708E-006,   1.492571463294453E-006
  -2.919721847710108E-001,  -2.919720847710108E-001,  -2.919722847710108E-001,  -2.919705548300128E-001,   1.629940998004731E-006,   1.629940997999348E-006,   1.565500968374568E-006,   1.694381021708815E-006
  -4.986361762546609E-001,  -4.986360762546609E-001,  -4.986362762546609E-001,  -4.986343804387720E-001,   1.795815888938623E-006,   1.795815888913097E-006,   1.742185113386823E-006,   1.849446669267960E-006
  -7.597105099240545E-001,  -7.597104099240546E-001,  -7.597106099240545E-001,  -7.597085104982065E-001,   1.999425847998282E-006,   1.999425848018804E-006,   1.953100992184456E-006,   2.045750703657665E-006
  -1.072720721704574E+000,  -1.072720621704574E+000,  -1.072720821704575E+000,  -1.072718459271518E+000,   2.262433056676727E-006,   2.262433056634651E-006,   2.220863500062300E-006,   2.304002613881798E-006
  -1.434503663109055E+000,  -1.434503563109055E+000,  -1.434503763109055E+000,  -1.434501066057528E+000,   2.597051527164496E-006,   2.597051527275294E-006,   2.558839264355161E-006,   2.635263789941225E-006
  -1.841277073669660E+000,  -1.841276973669659E+000,  -1.841277173669660E+000,  -1.841274056866382E+000,   3.016803277411384E-006,   3.016803277509617E-006,   2.981076564301162E-006,   3.052529990454420E-006
  -2.288693814757372E+000,  -2.288693714757372E+000,  -2.288693914757372E+000,  -2.288690276270634E+000,   3.538486737841851E-006,   3.538486737809326E-006,   3.504665970414233E-006,   3.572307507794605E-006
  -2.773369712293278E+000,  -2.773369612293278E+000,  -2.773369812293278E+000,  -2.773365547821373E+000,   4.164471904655187E-006,   4.164471904786105E-006,   4.131636195944964E-006,   4.197307613070423E-006
  -3.288348677342804E+000,  -3.288348577342804E+000,  -3.288348777342804E+000,  -3.288343719563870E+000,   4.957778933611934E-006,   4.957778933572318E-006,   4.926293747222926E-006,   4.989264119794619E-006
  -3.828279500013312E+000,  -3.828279400013312E+000,  -3.828279600013312E+000,  -3.828273573632575E+000,   5.926380737264481E-006,   5.926380737065145E-006,   5.895946820366646E-006,   5.956814653776768E-006
  -4.388146826440683E+000,  -4.388146726440683E+000,  -4.388146926440683E+000,  -4.388139922512367E+000,   6.903928316148722E-006,   6.903928316081445E-006,   6.872088884276975E-006,   6.935767761213344E-006
  -1.710987623410301E+001,  -1.710987613410301E+001,  -1.710987633410301E+001,  -1.710849886656553E+001,   1.377367537482854E-003,   4.273609000160825E+000,   4.273608949388926E+000,   4.273609050932722E+000
  -1.709588353301826E+001,  -1.709588343301826E+001,  -1.709588363301826E+001,  -1.709165977739906E+001,   4.223755619200631E-003,   4.153712470592859E+000,   4.153712420217232E+000,   4.153712520968485E+000
  -1.709380195920257E+001,  -1.709380185920256E+001,  -1.709380205920257E+001,  -1.707855883942522E+001,   1.524311977734882E-002,   3.769401633833003E+000,   3.769401585266690E+000,   3.769401682399307E+000
  -1.706885360978516E+001,  -1.706885350978516E+001,  -1.706885370978516E+001,  -1.707605108604737E+001,  -7.197476262213343E-003,   3.420672470680833E+000,   3.420672430102691E+000,   3.420672511258981E+000
  -1.706435105748176E+001,  -1.706435095748176E+001,  -1.706435115748176E+001,  -1.707345012684514E+001,  -9.099069363379897E-003,   3.123747437457991E+000,   3.123747397549433E+000,   3.123747477366556E+000
  -1.705296436297059E+001,  -1.705296426297059E+001,  -1.705296446297059E+001,  -1.707258289844468E+001,  -1.961853547409476E-002,   2.864344431356569E+000,   2.864344393582090E+000,   2.864344469131049E+000
  -1.704397121097805E+001,  -1.704397111097805E+001,  -1.704397131097805E+001,  -1.706956466799911E+001,  -2.559345702105631E-002,   2.643387395623137E+000,   2.643387359644368E+000,   2.643387431601911E+000
  -1.704133612962799E+001,  -1.704133602962799E+001,  -1.704133622962799E+001,  -1.706841687009219E+001,  -2.708074046419995E-002,   2.459084725046100E+000,   2.459084690522044E+000,   2.459084759570151E+000
  -1.704103936538880E+001,  -1.704103926538880E+001,  -1.704103946538880E+001,  -1.706160845635770E+001,  -2.056909096890536E-002,   2.306139376598013E+000,   2.306139343207970E+000,   2.306139409988059E+000
  -1.703895922352466E+001,  -1.703895912352466E+001,  -1.703895932352467E+001,  -1.705969908898880E+001,  -2.073986546413309E-002,   2.178263586933363E+000,   2.178263553743495E+000,   2.178263620123235E+000
  -1.703869523997010E+001,  -1.703869513997010E+001,  -1.703869533997010E+001,  -1.705280094000670E+001,  -1.410570003660183E-002,   2.069696388849848E+000,   2.069696355869465E+000,   2.069696421830225E+000
  -1.703825843975832E+001,  -1.703825833975831E+001,  -1.703825853975832E+001,  -1.704969378993616E+001,  -1.143535017784814E-002,   1.973365247408307E+000,   1.973365214411513E+000,   1.973365280405101E+000
  -1.684835950933151E+001,  -1.684835940933150E+001,  -1.684835960933151E+001,  -1.362065771083428E+001,   3.227701798497227E+000,   1.830378270950651E+000,   1.830378254746773E+000,   1.830378287154533E+000
  -1.371301330190237E+001,  -1.371301320190237E+001,  -1.371301340190237E+001,  -1.360316182528403E+001,   1.098514766183314E-001,   1.454647180292691E+000,   1.454647172690880E+000,   1.454647187894504E+000
  -1.366536681118881E+001,  -1.366536671118881E+001,  -1.366536691118881E+001,  -1.358525344660932E+001,   8.011336457948737E-002,   1.278074649717479E+000,   1.278074642351800E+000,   1.278074657083158E+000
  -1.365469185465544E+001,  -1.365469175465545E+001,  -1.365469195465544E+001,  -1.354853344332637E+001,   1.061584113290728E-001,   1.094790388053355E+000,   1.094790377581107E+000,   1.094790398525604E+000
  -1.365022488329109E+001,  -1.365022478329109E+001,  -1.365022498329109E+001,  -1.353188689457133E+001,   1.183379887197606E-001,   9.211083287948694E-001,   9.211083150397432E-001,   9.211083425499970E-001
  -1.364621486496421E+001,  -1.364621476496421E+001,  -1.364621496496421E+001,  -1.353081940988915E+001,   1.153954550750651E-001,   7.518834580682300E-001,   7.518834426763124E-001,   7.518834734601463E-001
  -1.363100447889396E+001,  -1.363100437889396E+001,  -1.363100457889396E+001,  -1.346873804957606E+001,   1.622664293178993E-001,   5.805989055969336E-001,   5.805988876973414E-001,   5.805989234965289E-001
  -1.360008299583066E+001,  -1.360008289583067E+001,  -1.360008309583066E+001,  -1.346714522671035E+001,   1.329377691203195E-001,   4.018876942148870E-001,   4.018876726726435E-001,   4.018877157571299E-001
  -1.347662174783573E+001,  -1.347662164783573E+001,  -1.347662184783573E+001,  -1.337953673745343E+001,   9.708501038230111E-002,   2.059824769867678E-001,   2.059824561721715E-001,   2.059824978013659E-001
  -1.343789158284136E+001,  -1.343789148284136E+001,  -1.343789168284136E+001,  -1.337008265602187E+001,   6.780892681949346E-002,   5.835484538793333E-002,   5.835482540394087E-002,   5.835486537192702E-002
  -1.339117027084397E+001,  -1.339117017084397E+001,  -1.339117037084397E+001,  -1.327063927084896E+001,   1.205309999950117E-001,   7.597495586637365E-002,   7.597497594250709E-002,   7.597493579023924E-002
  -1.332807295552275E+001,  -1.332807285552275E+001,  -1.332807305552275E+001,  -1.319819530161578E+001,   1.298776539069753E-001,   2.027464543663942E-001,   2.027464749536396E-001,   2.027464337791467E-001
  -1.326463786193067E+001,  -1.326463776193067E+001,  -1.326463796193067E+001,  -1.305040557329702E+001,   2.142322886336494E-001,   3.206155846786505E-001,   3.206156042755703E-001,   3.206155650817223E-001
  -1.318959382205972E+001,  -1.318959372205972E+001,  -1.318959392205972E+001,  -1.302450257991303E+001,   1.650912421466888E-001,   4.310638887745576E-001,   4.310639092292469E-001,   4.310638683198664E-001
  -1.305473791413554E+001,  -1.305473781413554E+001,  -1.305473801413554E+001,  -1.291752093493181E+001,   1.372169792037301E-001,   5.484239111484948E-001,   5.484239326673319E-001,   5.484238896296710E-001
  -1.288460848971074E+001,  -1.288460838971075E+001,  -1.288460858971074E+001,  -1.289433140689598E+001,  -9.722917185237989E-003,   6.639249536156275E-001,   6.639249743914827E-001,   6.639249328397656E-001
  -1.276814116138606E+001,  -1.276814106138606E+001,  -1.276814126138606E+001,  -1.274597501851197E+001,   2.216614287408447E-002,   7.637457331852666E-001,   7.637457551584799E-001,   7.637457112120515E-001
  -1.260534855106613E+001,  -1.260534845106613E+001,  -1.260534865106613E+001,  -1.272911655449622E+001,  -1.237680034300848E-001,   8.633894985099271E-001,   8.633895197028290E-001,   8.633894773170161E-001
  -1.240332223054841E+001,  -1.240332213054841E+001,  -1.240332233054841E+001,  -1.256560727244165E+001,  -1.622850418932380E-001,   9.667604254734532E-001,   9.667604458806299E-001,   9.667604050662807E-001
  -1.219269685848661E+001,  -1.219269675848661E+001,  -1.219269695848661E+001,  -1.242820084793324E+001,  -2.355039894466238E-001,   1.061856388960873E+000,   1.061856410720731E+000,   1.061856367201010E+000
  -1.210849886656553E+001,  -1.210849876656553E+001,  -1.210849896656553E+001,  -1.210987623410301E+001,  -1.377367537482854E-003,   1.123321095952877E+000,   1.123321116584156E+000,   1.123321075321597E+000
  -1.209165977739906E+001,  -1.209165967739906E+001,  -1.209165987739906E+001,  -1.209588353301826E+001,  -4.223755619200631E-003,   1.159568308776451E+000,   1.159568330394035E+000,   1.159568287158850E+000
  -1.207855883942522E+001,  -1.207855873942522E+001,  -1.207855893942522E+001,  -1.209380195920257E+001,  -1.524311977734882E-002,   1.188313013246824E+000,   1.188313035825296E+000,   1.188312990668379E+000
  -1.207605108604737E+001,  -1.207605098604737E+001,  -1.207605118604737E+001,  -1.206885360978516E+001,   7.197476262213343E-003,   1.202616439172159E+000,   1.202616460202091E+000,   1.202616418142210E+000
  -1.207345012684514E+001,  -1.207345002684514E+001,  -1.207345022684514E+001,  -1.206435105748176E+001,   9.099069363379897E-003,   1.207876694037232E+000,   1.207876715874740E+000,   1.207876672199764E+000
  -1.206956466799911E+001,  -1.206956456799911E+001,  -1.206956476799911E+001,  -1.205296436297059E+001,   1.660030502852194E-002,   1.206191153368720E+000,   1.206191175972967E+000,   1.206191130764449E+000
  -1.206841687009219E+001,  -1.206841677009219E+001,  -1.206841697009219E+001,  -1.204397121097805E+001,   2.444565911413932E-002,   1.189838898008838E+000,   1.189838918819518E+000,   1.189838877198160E+000
  -1.206160845635770E+001,  -1.206160835635770E+001,  -1.206160855635770E+001,  -1.204133612962799E+001,   2.027232672971024E-002,   1.167113331254779E+000,   1.167113352721331E+000,   1.167113309788186E+000
  -1.205969908898880E+001,  -1.205969898898880E+001,  -1.205969918898880E+001,  -1.204103936538880E+001,   1.865972359999901E-002,   1.135139419586481E+000,   1.135139439140372E+000,   1.135139400032623E+000
  -1.205280094000670E+001,  -1.205280084000671E+001,  -1.205280104000670E+001,  -1.203895922352466E+001,   1.384171648204102E-002,   1.090687640059598E+000,   1.090687660183454E+000,   1.090687619935732E+000
  -1.204969378993616E+001,  -1.204969368993616E+001,  -1.204969388993616E+001,  -1.203869523997010E+001,   1.099854996606098E-002,   1.038351213493180E+000,   1.038351234162638E+000,   1.038351192823724E+000
  -1.204733537083760E+001,  -1.204733527083761E+001,  -1.204733547083760E+001,  -1.203825843975832E+001,   9.076931079288642E-003,   9.771672090754270E-001,   9.771672277223165E-001,   9.771671904285482E-001
  -1.200717125245221E+001,  -1.200717115245221E+001,  -1.200717135245221E+001,  -1.200876399323577E+001,  -1.592740783555868E-003,   9.103496824795979E-001,   9.103497017118299E-001,   9.103496632473675E-001
  -1.189521637020624E+001,  -1.189521627020624E+001,  -1.189521647020624E+001,  -1.184835950933151E+001,   4.685686087473684E-002,   8.507586483057317E-001,   8.507586682495087E-001,   8.507586283619450E-001
  -1.178878230045632E+001,  -1.178878220045632E+001,  -1.178878240045632E+001,  -1.125281224919335E+001,   5.359700512629733E-001,   7.768249719853290E-001,   7.768249900110558E-001,   7.768249539595885E-001
  -1.174690424376065E+001,  -1.174690414376065E+001,  -1.174690434376065E+001,  -1.053564213828259E+001,   1.211262105478060E+000,   6.812966041725866E-001,   6.812966228843077E-001,   6.812965854608790E-001
  -1.137458515999486E+001,  -1.137458505999486E+001,  -1.137458525999486E+001,  -9.953793415032841E+000,   1.420791744962019E+000,   6.341788332409070E-001,   6.341788503397006E-001,   6.341788161421239E-001
  -1.061602581754074E+001,  -1.061602571754074E+001,  -1.061602591754074E+001,  -9.499138011401010E+000,   1.116887806139726E+000,   6.367864316526125E-001,   6.367864474851570E-001,   6.367864158200914E-001
  -9.926603234702050E+000,  -9.926603134702050E+000,  -9.926603334702049E+000,  -9.161800538844712E+000,   7.648026958573375E-001,   6.090389035805394E-001,   6.090389179150895E-001,   6.090388892459678E-001
  -9.416586401853074E+000,  -9.416586301853075E+000,  -9.416586501853073E+000,  -8.959666902595771E+000,   4.569194992573031E-001,   5.372070131797676E-001,   5.372070290458759E-001,   5.372069973136870E-001
  -9.078279627149756E+000,  -9.078279527149757E+000,  -9.078279727149756E+000,  -8.713013301902366E+000,   3.652663252473900E-001,   4.208583842512538E-001,   4.208583980952622E-001,   4.208583704072812E-001
  -8.891924678284608E+000,  -8.891924578284609E+000,  -8.891924778284608E+000,  -8.665366811188811E+000,   2.265578670957975E-001,   2.698758605601047E-001,   2.698758756974288E-001,   2.698758454227958E-001
  -8.884416227497505E+000,  -8.884416127497506E+000,  -8.884416327497505E+000,  -8.654691854655445E+000,   2.297243728420604E-001,   7.525067509826652E-002,   7.525069142142661E-002,   7.525065877512423E-002
  -7.924215717437644E+000,  -7.924215617437643E+000,  -7.924215817437644E+000,  -7.916959195165617E+000,   7.256522272026444E-003,   7.256522272026307E-003,   7.256510296847336E-003,   7.256534247199538E-003
  -6.064043868002056E+000,  -6.064043768002056E+000,  -6.064043968002056E+000,  -6.055856906692541E+000,   8.186961309514906E-003,   8.186961309515265E-003,   8.186954197434126E-003,   8.186968421578338E-003
  -3.787832101764924E+000,  -3.787832001764924E+000,  -3.787832201764924E+000,  -3.778497398981695E+000,   9.334702783229343E-003,   9.334702783229547E-003,   9.334696594290143E-003,   9.334708972179286E-003
  -9.895584149588134E-001,  -9.895583149588134E-001,  -9.895585149588133E-001,  -9.790439219820017E-001,   1.051449297681162E-002,   1.051449297681166E-002,   1.051448881865242E-002,   1.051449713499550E-002
   2.478513938800990E+000,   2.478514038800990E+000,   2.478513838800990E+000,   2.491019600956112E+000,   1.250566215512183E-002,   1.250566215512174E-002,   1.250565991099981E-002,   1.250566439922813E-002
   6.851297267791094E+000,   6.851297367791094E+000,   6.851297167791094E+000,   6.866357273554746E+000,   1.506000576365185E-002,   1.506000576365167E-002,   1.506000396795027E-002,   1.506000755934331E-002
   1.236015220936953E+001,   1.236015230936953E+001,   1.236015210936953E+001,   1.237817768508038E+001,   1.802547571084645E-002,   1.802547571084598E-002,   1.802547421255317E-002,   1.802547720912962E-002
   1.924347923856054E+001,   1.924347933856054E+001,   1.924347913856054E+001,   1.926472724173546E+001,   2.124800317491804E-002,   2.124800317491880E-002,   2.124800185836677E-002,   2.124800449147524E-002
   2.001600572811633E+001,   2.001600582811633E+001,   2.001600562811633E+001,   2.003759481083447E+001,   2.158908271813686E-002,   2.158908271813756E-002,   2.158908141575585E-002,   2.158908402051339E-002
   2.080479149718709E+001,   2.080479159718709E+001,   2.080479139718708E+001,   2.082672742199090E+001,   2.193592480381312E-002,   2.193592480381355E-002,   2.193592351506644E-002,   2.193592609258252E-002
   2.161011098983872E+001,   2.161011108983872E+001,   2.161011088983872E+001,   2.163239968421585E+001,   2.228869437712788E-002,   2.228869437712666E-002,   2.228869310146664E-002,   2.228869565276231E-002
   2.243222716486483E+001,   2.243222726486484E+001,   2.243222706486483E+001,   2.245487499291990E+001,   2.264782805507082E-002,   2.264782805506947E-002,   2.264782679206967E-002,   2.264782931804978E-002
   2.327141125211116E+001,   2.327141135211116E+001,   2.327141115211116E+001,   2.329442503480792E+001,   2.301378269675425E-002,   2.301378269675401E-002,   2.301378144601506E-002,   2.301378394749553E-002
   2.412794103046497E+001,   2.412794113046497E+001,   2.412794093046497E+001,   2.415132809486374E+001,   2.338706439876859E-002,   2.338706439876857E-002,   2.338706315992864E-002,   2.338706563762739E-002
   2.500210525941688E+001,   2.500210535941688E+001,   2.500210515941688E+001,   2.502587343588279E+001,   2.376817646591434E-002,   2.376817646591331E-002,   2.376817523863846E-002,   2.376817769317686E-002
   2.589419451174088E+001,   2.589419461174089E+001,   2.589419441174088E+001,   2.591835225749218E+001,   2.415774575129248E-002,   2.415774575129383E-002,   2.415774453534501E-002,   2.415774696725140E-002
   2.680449530292905E+001,   2.680449540292905E+001,   2.680449520292905E+001,   2.682905189491863E+001,   2.455659198957605E-002,   2.455659198957607E-002,   2.455659078473949E-002,   2.455659319440536E-002
   2.773496002637212E+001,   2.773496012637212E+001,   2.773495992637212E+001,   2.775992033047556E+001,   2.496030410344119E-002,   2.496030410344145E-002,   2.496030349821567E-002,   2.496030470867120E-002
   2.999327039296772E+004,   2.999327039306772E+004,   2.999327039286771E+004,   2.999327039296772E+004,   0.000000000000000E+000,   1.632914752577262E-002,   1.632914752577262E-002,   1.632914752577262E-002
   2.999334331172495E+004,   2.999334331182495E+004,   2.999334331162495E+004,   2.999334331172495E+004,   0.000000000000000E+000,   1.634376890582344E-002,   1.634376890582344E-002,   1.634376890582344E-002
   2.999606034791953E+004,   2.999606034801953E+004,   2.999606034781953E+004,   2.999606034791953E+004,   0.000000000000000E+000,   1.634376665080687E-002,   1.634376665080687E-002,   1.634376665080687E-002
   2.999683442632813E+004,   2.999683442642813E+004,   2.999683442622812E+004,   2.999683442632813E+004,   0.000000000000000E+000,   1.634376705104469E-002,   1.634376705104469E-002,   1.634376705104469E-002
   2.999686369326129E+004,   2.999686369336129E+004,   2.999686369316129E+004,   2.999686369326129E+004,   0.000000000000000E+000,   1.634376820610540E-002,   1.634376820610540E-002,   1.634376820610540E-002
   2.999859611110455E+004,   2.999859611120455E+004,   2.999859611100455E+004,   2.999859615713761E+004,   4.603305933414958E-005,   4.282443901359843E-004,   4.273140841833516E-004,   4.291746933659662E-004
   2.999868098098058E+004,   2.999868098108058E+004,   2.999868098088058E+004,   2.999868096312346E+004,  -1.785712083801627E-005,   1.828230503994556E-004,   1.838468688236187E-004,   1.817992326876269E-004
   2.999876456811784E+004,   2.999876456821784E+004,   2.999876456801784E+004,   2.999876453388106E+004,  -3.423678208491765E-005,   3.793356045959855E-004,   3.804435904313333E-004,   3.782276200303135E-004
   2.999884515300265E+004,   2.999884515310265E+004,   2.999884515290265E+004,   2.999884512136541E+004,  -3.163723886245862E-005,   3.756395302692306E-004,   3.768268728111529E-004,   3.744521877567451E-004
   2.999892046920567E+004,   2.999892046930567E+004,   2.999892046910567E+004,   2.999892044424661E+004,  -2.495905937394127E-005,   3.265502849145733E-004,   3.278586069806417E-004,   3.252418997068949E-004
   2.999898903966553E+004,   2.999898903976553E+004,   2.999898903956553E+004,   2.999898902185397E+004,  -1.781156242941506E-005,   2.613945929876184E-004,   2.628621237535462E-004,   2.599269898096538E-004
   2.999905118088055E+004,   2.999905118098055E+004,   2.999905118078055E+004,   2.999905116903981E+004,  -1.184074062621221E-005,   1.935462154868654E-004,   1.951808070707176E-004,   1.919116245685321E-004
   2.999910839321653E+004,   2.999910839331653E+004,   2.999910839311653E+004,   2.999910838566002E+004,  -7.556514901807532E-006,   1.346119833171564E-004,   1.363934000555841E-004,   1.328305664876084E-004
   2.999916231601876E+004,   2.999916231611876E+004,   2.999916231591876E+004,   2.999916231130205E+004,  -4.716708644991741E-006,   8.943339060809992E-005,   9.132950256267619E-005,   8.753727891376762E-005
   2.999921424388505E+004,   2.999921424398505E+004,   2.999921424378505E+004,   2.999921424097993E+004,  -2.905126166297123E-006,   5.751303787690816E-005,   5.949276115360813E-005,   5.553331461185708E-005
   2.999926507743944E+004,   2.999926507753944E+004,   2.999926507733944E+004,   2.999926507566742E+004,  -1.772019459167495E-006,   3.612773435842217E-005,   3.816653669441818E-005,   3.408893207218544E-005
   2.999931541103268E+004,   2.999931541113268E+004,   2.999931541093268E+004,   2.999931540996104E+004,  -1.071639417205006E-006,   2.229667237942111E-005,   2.437730480748637E-005,   2.021604001075771E-005
   2.999936562807893E+004,   2.999936562817893E+004,   2.999936562797893E+004,   2.999936562743625E+004,  -6.426780601032078E-007,   1.356896982730775E-005,   1.568030216172915E-005,   1.145763752915746E-005
   2.999941597346984E+004,   2.999941597356984E+004,   2.999941597336984E+004,   2.999941597308779E+004,  -3.820496203843504E-007,   8.158891654713050E-006,   1.029440441845368E-005,   6.023273817021071E-006
   2.999946660309194E+004,   2.999946660319194E+004,   2.999946660299194E+004,   2.999946660286757E+004,  -2.243723429273814E-007,   4.838628627134409E-006,   6.995163369204764E-006,   2.682093898145462E-006
   2.999951761621674E+004,   2.999951761631674E+004,   2.999951761611674E+004,   2.999951761621674E+004,   0.000000000000000E+000,   6.242860544257818E-008,   2.114492491829957E-006,   2.239349704524430E-006
   2.999956907713592E+004,   2.999956907723592E+004,   2.999956907703592E+004,   2.999956907703190E+004,  -1.040243660099804E-007,   1.837344135951522E-006,   4.036223088497097E-006,   3.614265424472434E-007
   2.999962102719052E+004,   2.999962102729052E+004,   2.999962102709052E+004,   2.999962102708316E+004,  -1.073567545972764E-007,   1.762759180601332E-006,   3.986931921986771E-006,   4.614135591234862E-007
   2.999967349447300E+004,   2.999967349457300E+004,   2.999967349437300E+004,   2.999967349447300E+004,   0.000000000000000E+000,   8.343224977267484E-007,   3.090033398858353E-006,   1.421388398462838E-006
   2.999972649872303E+004,   2.999972649882303E+004,   2.999972649862303E+004,   2.999972649815408E+004,  -5.689507815986872E-007,   1.204104974320183E-006,   3.501386210866657E-006,   1.093176261184431E-006
   2.999978005438102E+004,   2.999978005448102E+004,   2.999978005428102E+004,   2.999978005438102E+004,   0.000000000000000E+000,   1.666278920231762E-007,   2.522454046990528E-006,   2.189198261827960E-006
   2.999983417309764E+004,   2.999983417319764E+004,   2.999983417299764E+004,   2.999983417309764E+004,   0.000000000000000E+000,   6.985882623884576E-007,   3.144569812982479E-006,   1.747393288425006E-006
   2.999988886451654E+004,   2.999988886461654E+004,   2.999988886441653E+004,   2.999988886451654E+004,   0.000000000000000E+000,   3.569882010138928E-007,   2.963569059123214E-006,   2.249592657748979E-006
   2.999994413743733E+004,   2.999994413753733E+004,   2.999994413733733E+004,   2.999994413743733E+004,   0.000000000000000E+000,   6.926895746346668E-007,   3.689643215486630E-006,   2.304411626459733E-006
   2.996072410035685E+010,   2.996072439996409E+010,   2.996072380074961E+010,   2.996072440143763E+010,   3.010807723999023E+002,   9.346158699032137E-009,   6.538410998985032E-010,   1.934615876945405E-008
